{"total_eth": 0.021995890521261243, "eth": 0.021995890521261243, "weth": 0.0, "ts": 1783893985.9761066, "wallet": "0xa454\u20269c05"}