{
 "winner_entries": 294,
 "loser_entries": 311,
 "winner_pools": 26,
 "loser_pools": 76,
 "tables": {
  "dip600": {
   "w": [
    -28.754979076135,
    -8.558567016759833,
    0.760643930078464
   ],
   "l": [
    -33.560692229748035,
    -15.586108103833263,
    -0.09013940484413618
   ]
  },
  "age_s": {
   "w": [
    393.0,
    1615.0,
    5528.0
   ],
   "l": [
    477.0,
    1048.0,
    2343.0
   ]
  },
  "nf120": {
   "w": [
    -93.95999999999822,
    175.24000000000024,
    730.75
   ],
   "l": [
    0.0,
    187.43000000000006,
    1983.0599999999995
   ]
  },
  "b30": {
   "w": [
    71.7,
    298.17,
    1739.1399999999996
   ],
   "l": [
    0.0,
    264.6,
    1745.8700000000001
   ]
  },
  "s30": {
   "w": [
    0.0,
    192.26000000000002,
    1591.9399999999998
   ],
   "l": [
    0.0,
    66.84,
    1720.8100000000002
   ]
  },
  "nb30": {
   "w": [
    1,
    4,
    27
   ],
   "l": [
    0,
    4,
    30
   ]
  },
  "dbuy120": {
   "w": [
    3,
    8,
    57
   ],
   "l": [
    2,
    9,
    65
   ]
  },
  "arc": {
   "w": [
    191.25552116906053,
    540.3065236684778,
    2132.4323258209533
   ],
   "l": [
    526.4164529817897,
    1239.9198565603915,
    3081.8171198752634
   ]
  },
  "athdd": {
   "w": [
    -51.36208095987742,
    -24.300728395071978,
    -7.208907290285282
   ],
   "l": [
    -67.49142838459399,
    -27.16895613989313,
    -8.336954813582121
   ]
  },
  "vol_pre": {
   "w": [
    3406.4199999999996,
    16020.000000000007,
    100406.21000000059
   ],
   "l": [
    2040.2500000000005,
    6630.000000000003,
    64468.209999999825
   ]
  },
  "nsw_pre": {
   "w": [
    59,
    198,
    1207
   ],
   "l": [
    26,
    77,
    735
   ]
  }
 },
 "our_1h_buys": 0
}