{
 "HfjGf8VkGsQ8KkJVKaU51Q8Atn8YsTvjhUNoKW3zWCVy": [
  1783168942.436286,
  1783191228.107764
 ],
 "2rC2rhyHDQE3SsRd2kMmTbZJj4bu7c912ZqRgYisxJsb": [
  1783169007.061269,
  1783190607.061269
 ],
 "C2X7vGNyeja4TSHs9DRbVjSek7Z3h2kPRoWM7YQFrSPq": [
  1783168278.999735,
  1783189878.999735
 ],
 "2ZSxtiKPkD9Ei2iN3WpUGgn2Ue1NiBMsFxsLSQVQ4PZW": [
  1783165793.633095,
  1783187393.633095
 ],
 "6C3m9Gc8UmJBPxgT4TuT7FcdpVqeSThtTTSvQEGGUZSB": [
  1783167799.978217,
  1783190532.948676
 ]
}