{"pair": "CaWb9btThMoGpUQPnGz46XbGsCnxFuYBXnPvbDVPS3ua", "n_bars": 75, "span": [1782842252.0, 1782939009.0], "bars": [[1782842280, 2.340344074484985e-06, 2.340344074484985e-06, 2.0856285861422936e-06, 2.0856285861422936e-06, 106.80083564974883], [1782842400, 2.0856285861422936e-06, 2.1721685188008142e-06, 2.0856285861422936e-06, 2.1721685188008142e-06, 25.097069455096157], [1782842520, 2.1721685188008142e-06, 2.1721685188008142e-06, 2.102061144704684e-06, 2.102061144704684e-06, 35.51920150552475], [1782842640, 2.102061144704684e-06, 2.2236664107903943e-06, 2.0857580837705964e-06, 2.180165403617531e-06, 71.16485956457488], [1782842700, 2.180165403617531e-06, 2.216227512865967e-06, 2.180165403617531e-06, 2.216227512865967e-06, 0.01472275865834055], [1782842940, 2.216227512865967e-06, 2.2213960113645897e-06, 2.1938390522227835e-06, 2.1991318070152586e-06, 11.846526652498879], [1782843000, 2.1991318070152586e-06, 2.1991318070152586e-06, 2.1888943813929256e-06, 2.1888943813929256e-06, 1.1923844711934533], [1782843120, 2.1888943813929256e-06, 2.1888943813929256e-06, 2.187853767842056e-06, 2.187853767842056e-06, 0.10652932478151135], [1782843240, 2.187853767842056e-06, 2.187853767842056e-06, 2.1779711948485606e-06, 2.1779711948485606e-06, 7.575077064924369], [1782843300, 2.1779711948485606e-06, 2.1980073998207963e-06, 2.1779711948485606e-06, 2.1980073998207963e-06, 0.7199704286962888], [1782843600, 2.1980073998207963e-06, 2.1980073998207963e-06, 2.178483219893454e-06, 2.178483219893454e-06, 0.080325915179667], [1782843960, 2.178483219893454e-06, 2.178483219893454e-06, 2.172735556354214e-06, 2.172735556354214e-06, 0.8342049778857012], [1782844440, 2.172735556354214e-06, 2.1952069579743406e-06, 2.172735556354214e-06, 2.1952069579743406e-06, 0.14460584250038236], [1782844800, 2.1952069579743406e-06, 2.1977982446391807e-06, 2.175556525892094e-06, 2.175556525892094e-06, 5.124742035596626], [1782844980, 2.175556525892094e-06, 2.2076235646305794e-06, 2.175556525892094e-06, 2.2076235646305794e-06, 0.1446169227411804], [1782845040, 2.2076235646305794e-06, 2.2375729718238178e-06, 2.2076235646305794e-06, 2.2375729718238178e-06, 25.098921294461324], [1782845160, 2.2375729718238178e-06, 2.273341149644801e-06, 2.2375729718238178e-06, 2.273341149644801e-06, 0.5359670162719653], [1782845580, 2.273341149644801e-06, 2.273341149644801e-06, 2.2077655487322217e-06, 2.2077655487322217e-06, 18.994985019898984], [1782845820, 2.2077655487322217e-06, 2.2077655487322217e-06, 2.2015237946780657e-06, 2.2015237946780657e-06, 2.233314646769107], [1782846900, 2.2015237946780657e-06, 2.234574932808183e-06, 2.2015237946780657e-06, 2.234574932808183e-06, 6.629173317410611], [1782847020, 2.234574932808183e-06, 2.2606203294521237e-06, 2.234574932808183e-06, 2.2606203294521237e-06, 13.187953552046949], [1782847860, 2.2606203294521237e-06, 2.2606203294521237e-06, 2.1706095084173943e-06, 2.1709531630648676e-06, 44.341137048845226], [1782848580, 2.1709531630648676e-06, 2.1709531630648676e-06, 2.1483948529383944e-06, 2.1483948529383944e-06, 0.10522249320264451], [1782848760, 2.1483948529383944e-06, 2.1483948529383944e-06, 2.141867336960462e-06, 2.141867336960462e-06, 0.7946366998175383], [1782849000, 2.141867336960462e-06, 2.141867336960462e-06, 2.138366417146818e-06, 2.138366417146818e-06, 1.5734842709148715], [1782849060, 2.138366417146818e-06, 2.138366417146818e-06, 2.1304231579439378e-06, 2.1304231579439378e-06, 4.067846902733195], [1782849240, 2.1304231579439378e-06, 2.1534141265357613e-06, 2.1304231579439378e-06, 2.153295434171915e-06, 0.28763386295753046], [1782849840, 2.153295434171915e-06, 2.153295434171915e-06, 2.13418494778016e-06, 2.13418494778016e-06, 0.15916223505599827], [1782850320, 2.13418494778016e-06, 2.13418494778016e-06, 2.13327300235062e-06, 2.13327300235062e-06, 0.11955453195330629], [1782850740, 2.13327300235062e-06, 2.162726839450114e-06, 2.13327300235062e-06, 2.162726839450114e-06, 2.7483567524414467], [1782851520, 2.162726839450114e-06, 2.162726839450114e-06, 2.1608159805138175e-06, 2.160988310513228e-06, 0.1438978786928933], [1782851820, 2.160988310513228e-06, 2.232033221414871e-06, 2.160988310513228e-06, 2.232033221414871e-06, 58.16982628743923], [1782851880, 2.232033221414871e-06, 2.33146893111242e-06, 2.232033221414871e-06, 2.33146893111242e-06, 19.83804317335888], [1782852180, 2.33146893111242e-06, 2.3559819686966425e-06, 2.33146893111242e-06, 2.3559819686966425e-06, 0.14410029098181432], [1782852960, 2.3559819686966425e-06, 2.3559819686966425e-06, 2.2744180144065357e-06, 2.2744180144065357e-06, 26.143608326538114], [1782853800, 2.2744180144065357e-06, 2.2744180144065357e-06, 2.250090445993113e-06, 2.250090445993113e-06, 0.5495167279094347], [1782854280, 2.250090445993113e-06, 2.250090445993113e-06, 2.2487657884869092e-06, 2.2487657884869092e-06, 1.1164744555375776], [1782854880, 2.2487657884869092e-06, 2.2487657884869092e-06, 2.2057701779398214e-06, 2.2057701779398214e-06, 32.33552380620384], [1782855240, 2.2057701779398214e-06, 2.2057701779398214e-06, 2.169130330438302e-06, 2.169130330438302e-06, 0.009882436071235802], [1782856680, 2.169130330438302e-06, 2.2016148244346446e-06, 2.169130330438302e-06, 2.2016148244346446e-06, 3.7901576731543667], [1782857160, 2.2016148244346446e-06, 2.2140386400005924e-06, 2.2016148244346446e-06, 2.2140386400005924e-06, 0.9642827530019493], [1782857220, 2.2140386400005924e-06, 2.2140386400005924e-06, 2.185602571645394e-06, 2.185602571645394e-06, 1.0117238638310047], [1782857340, 2.185602571645394e-06, 2.222143969939972e-06, 2.185602571645394e-06, 2.222143969939972e-06, 9.55666575637496], [1782857940, 2.222143969939972e-06, 2.222143969939972e-06, 2.2081352748170115e-06, 2.2081352748170115e-06, 0.09891062094762278], [1782858360, 2.2081352748170115e-06, 2.2081352748170115e-06, 2.2045674756447216e-06, 2.2045674756447216e-06, 0.49431405105342363], [1782860460, 2.2045674756447216e-06, 2.2045674756447216e-06, 2.1990989637193736e-06, 2.1990989637193736e-06, 0.5503285091113419], [1782860640, 2.1990989637193736e-06, 2.284808246949778e-06, 2.1990989637193736e-06, 2.284808246949778e-06, 49.16289361310137], [1782860940, 2.284808246949778e-06, 2.347448839503111e-06, 2.284808246949778e-06, 2.347448839503111e-06, 0.2898983993197714], [1782861360, 2.347448839503111e-06, 2.347448839503111e-06, 2.3175163538975603e-06, 2.3175163538975603e-06, 0.01786997152396953], [1782861540, 2.3175163538975603e-06, 2.3204409903750616e-06, 2.3175163538975603e-06, 2.3204409903750616e-06, 0.03215433511280526], [1782862200, 2.3204409903750616e-06, 2.3204409903750616e-06, 2.317907049420831e-06, 2.317907049420831e-06, 5.279281166199866], [1782862260, 2.317907049420831e-06, 2.317907049420831e-06, 2.306640700086321e-06, 2.306640700086321e-06, 2.8925792592995703], [1782862920, 2.306640700086321e-06, 2.306640700086321e-06, 2.2779788927173574e-06, 2.2991379739148482e-06, 13.322038254799441], [1782863400, 2.2991379739148482e-06, 2.3072357390739234e-06, 2.2991379739148482e-06, 2.305433772383185e-06, 1.4404749472915879], [1782863520, 2.305433772383185e-06, 2.305433772383185e-06, 2.2748397989739112e-06, 2.2748397989739112e-06, 0.2809315395223008], [1782864300, 2.2748397989739112e-06, 2.497573182064838e-06, 2.2748397989739112e-06, 2.497573182064838e-06, 146.48149187068955], [1782864420, 2.497573182064838e-06, 2.6310794519029877e-06, 2.497573182064838e-06, 2.6310794519029877e-06, 27.105212180543088], [1782864840, 2.6310794519029877e-06, 2.6310794519029877e-06, 2.5799130160867525e-06, 2.5799130160867525e-06, 0.24667660030550098], [1782864900, 2.5799130160867525e-06, 2.5799130160867525e-06, 2.3806616904392417e-06, 2.3806616904392417e-06, 101.5118166657046], [1782864960, 2.3806616904392417e-06, 2.3806616904392417e-06, 2.0484058384841254e-06, 2.048462684935463e-06, 121.78129393459186], [1782867420, 2.048462684935463e-06, 2.048462684935463e-06, 1.996497594107277e-06, 1.996497594107277e-06, 22.850032362357755], [1782867720, 1.996497594107277e-06, 1.996497594107277e-06, 