{"pair": "8jpRBNmgrQm4dYhVUF18emhmkvaV3tdUpDz2CF6PdzwU", "n_bars": 161, "span": [1782934800.0, 1782944595.0], "bars": [[1782934800, 0.004101224981964089, 0.004101224981964089, 0.004029970096751003, 0.004029970096751003, 826.8512251337412], [1782934860, 0.004029970096751003, 0.004049296776832907, 0.003993301364767314, 0.004010352311196529, 672.3585024665292], [1782934920, 0.004010352311196529, 0.004010352311196529, 0.003998131845334048, 0.003998776314375469, 99.86701096640768], [1782934980, 0.003998776314375469, 0.003998776314375469, 0.003912954467908695, 0.003912954467908695, 1020.1466104521442], [1782935040, 0.003912954467908695, 0.003941482489878415, 0.0039069012527955214, 0.003910164116057436, 216.87673049324988], [1782935100, 0.003910164116057436, 0.003948080367037493, 0.003910164116057436, 0.003921157956768374, 309.4981619849399], [1782935160, 0.003921157956768374, 0.003963168123761446, 0.003921157956768374, 0.003963168123761446, 193.11487903642197], [1782935220, 0.003963168123761446, 0.003968248196656886, 0.003922966954908731, 0.003966255948371131, 458.9878995880094], [1782935280, 0.003966255948371131, 0.003980033569834286, 0.003947553449529138, 0.003951093811371466, 122.08361315408368], [1782935340, 0.003951093811371466, 0.0039749533451028385, 0.003942357143103913, 0.0039749533451028385, 101.36196843495858], [1782935400, 0.0039749533451028385, 0.003980914821395105, 0.003945602466396742, 0.003980914821395105, 116.11802342115881], [1782935460, 0.003980914821395105, 0.003982262290315182, 0.003944548373981826, 0.003944548373981826, 149.41488425343968], [1782935520, 0.003944548373981826, 0.0039746995194363055, 0.003940053455198089, 0.0039746995194363055, 195.89175258601855], [1782935580, 0.0039746995194363055, 0.004025304539838624, 0.00394733582411998, 0.004011936540277519, 941.6522324873492], [1782935640, 0.004011936540277519, 0.0040485441244513505, 0.004008577978220823, 0.004008577978220823, 363.0920953912435], [1782935700, 0.004008577978220823, 0.004048918555645102, 0.00400578423768095, 0.004018315311040009, 205.11898909017802], [1782935760, 0.004018315311040009, 0.004248277941838959, 0.003997647789982248, 0.004213996235614848, 2737.0444060051814], [1782935820, 0.004213996235614848, 0.004269354261528689, 0.004213996235614848, 0.004246041848134582, 595.8945071174631], [1782935880, 0.004246041848134582, 0.004246041848134582, 0.004191820618532477, 0.004191820618532477, 603.7102816632043], [1782935940, 0.004191820618532477, 0.004226120253464718, 0.004191820618532477, 0.004226120253464718, 212.81103664747977], [1782936000, 0.004226120253464718, 0.004233312569067342, 0.004144911217387647, 0.004165936776810546, 730.611471614104], [1782936060, 0.004165936776810546, 0.004165936776810546, 0.004096003467444144, 0.004096216669821695, 552.8457212976664], [1782936120, 0.004096216669821695, 0.004130276948505141, 0.0040828239708955195, 0.004103991755140724, 261.73401880555724], [1782936180, 0.004103991755140724, 0.004116711815708902, 0.004069684141171607, 0.004106237467859477, 508.3787376175846], [1782936240, 0.004106237467859477, 0.004137214334625961, 0.004071661714721549, 0.0040814358172016835, 556.3068163109145], [1782936300, 0.0040814358172016835, 0.004100933381053893, 0.0040814358172016835, 0.004100933381053893, 8.078359203387947], [1782936360, 0.004100933381053893, 0.004102505030590334, 0.0040729346418278455, 0.0040729346418278455, 11.597336710412877], [1782936420, 0.0040729346418278455, 0.004094450081103731, 0.004008985124153843, 0.004021546419345222, 1473.1300255225437], [1782936480, 0.004021546419345222, 0.004024107771459742, 0.003966082062129327, 0.003986439664803599, 404.6624929303126], [1782936540, 0.003986439664803599, 0.003992209938317836, 0.003953315498907652, 0.003953315498907652, 24.381715845366365], [1782936600, 0.003953315498907652, 0.003985541729960824, 0.003953315498907652, 0.003985541729960824, 51.19956626535518], [1782936660, 0.003985541729960824, 0.003987991005445835, 0.003957945714596647, 0.003957968674063512, 21.892300423162606], [1782936720, 0.003957968674063512, 0.004382284589219631, 0.003953103117198562, 0.0043223533998119215, 9953.498886643569], [1782936780, 0.0043223533998119215, 0.0043223533998119215, 0.004116579864053334, 0.004220239490261243, 3286.6623284728803], [1782936840, 0.004220239490261243, 0.004220239490261243, 0.0041411005903083066, 0.0041411005903083066, 527.13302307728], [1782936900, 0.0041411005903083066, 0.0041788890007499494, 0.0041389202023269685, 0.00415943658552895, 290.21187242744907], [1782936960, 0.00415943658552895, 0.004164659626111829, 0.0041291082014387045, 0.004164659626111829, 123.36896844104248], [1782937020, 0.004164659626111829, 0.004164659626111829, 0.003996332939127516, 0.0040314400464437124, 3016.2244674704516], [1782937080, 0.0040314400464437124, 0.004041597560593846, 0.00400531864512937, 0.004036882421765134, 113.63507864704307], [1782937140, 0.004036882421765134, 0.004036882421765134, 0.004001745177500675, 0.004001745177500675, 118.92664189052422], [1782937200, 0.004001745177500675, 0.004029783229640305, 0.003996962754049385, 0.004001842664136509, 107.54043733331689], [1782937260, 0.004001842664136509, 0.004064517117742334, 0.0040000398878350645, 0.004042271417992806, 780.8039875900456], [1782937320, 0.004042271417992806, 0.0040710288271400535, 0.004038577695127087, 0.004038577695127087, 37.44317743084851], [1782937380, 0.004038577695127087, 0.004069959614111036, 0.004033766116576472, 0.004033766116576472, 74.94799293560982], [1782937440, 0.004033766116576472, 0.0040626520536900124, 0.004028828732364443, 0.004028828732364443, 85.57298640411213], [1782937560, 0.004028828732364443, 0.004063030085868808, 0.004028828732364443, 0.004060992276690654, 91.23065239700365], [1782937620, 0.004060992276690654, 0.004076669467771422, 0.004056761569744449, 0.004057756138456934, 249.81954711443584], [1782937680, 0.004057756138456934, 0.00408507281010258, 0.003932603813166509, 0.004015153415755875, 3297.6267677089786], [1782937740, 0.004015153415755875, 0.004015153415755875, 0.0039047958971189867, 0.0039047958971189867, 1117.393310653806], [1782937800, 0.0039047958971189867, 0.003920433036426647, 0.0038714756882203315, 0.003920433036426647, 603.6937489041402], [1782937860, 0.003920433036426647, 0.003920433036426647, 0.003868028348917811, 0.003868028348917811, 663.9664730776343], [1782937920, 0.003868028348917811, 0.003879523151549598, 0.003544429162228035, 0.0036694688167983763, 5351.347113828139], [1782937980, 0.0036694688167983763, 0.0037116968879381766, 0.0034606026686049654, 0.003553113256432427, 4670.212874324432], [1782938040, 0.003553113256432427, 0.003965218704880111, 0.003553113256432427, 0.003930571423129325, 7178.0534616674095], [1782938100, 0.003930571423129325, 0.003930571423129325, 0.003681356293174565, 0.0037984283868412, 4242.014392433931], [1782938160, 0.0037984283868412, 0.003938120919000814, 0.0037984283868412, 0.0039055882247509494, 1892.870772971649], [1782938220, 0.0039055882247509494, 0.003934653470248338, 0.0038925788211680726, 0.0038925788211680726, 415.89758822119427], [1782938280, 0.0038925788211680726, 0.0039287372575876, 0.0038849933520479544, 0.003927905516077924, 491.51377988756565], [1782938340, 0.003927905516077924, 0.004116371289324904, 0.0038986585134195926, 0.004048124668946825, 4473.247713288031], [1782938400, 0.004048124668946825, 0.004081288015284809, 0.0038947110820069897, 0.0038947110820069897, 2031.6094404730131], [1782938460, 0.0038947110820069897, 0.003926831002417187, 0.0038947110820069897, 0.003926831002417187, 140.34305091800957], [1782938520, 0.003926831002417187, 0.003936142008071179, 0.0038999769470438672, 0.003908050309798589, 168.94732759407856], [1782938580, 0.003908050309798589, 0.003908050309798589, 0.003900841576365011, 0.003900841576365011, 52.22261591777864], [1782938640, 0.003900841576365011, 0.003957958903460901, 0.003900841576365011, 0.003957958903460901, 543.9096738820855], [1782938700, 0.003957958903460901, 0.003987336214954344, 