{"pair": "EDyBHd8zQVFuq6zucpi1DXyUQbCA3dBaVgZNCRfWVyFg", "n_bars": 97, "span": [1782796808.0, 1782939929.0], "bars": [[1782798720, 3.088507676151855e-05, 0.00010577334130753085, 2.9608311343759674e-05, 6.645223058802168e-05, 46669.60233871734], [1782798780, 6.645223058802168e-05, 7.034573035317893e-05, 3.124793419745933e-05, 4.1590696195722647e-05, 18616.6765508885], [1782798840, 4.1590696195722647e-05, 7.404663537103137e-05, 3.9693079431667286e-05, 7.230537607419631e-05, 7492.679739052138], [1782798900, 7.230537607419631e-05, 7.504845352291382e-05, 5.629108837084129e-05, 7.125895113940113e-05, 7812.50945667775], [1782798960, 7.125895113940113e-05, 7.176988369748689e-05, 6.219681796371084e-05, 6.864451253378875e-05, 5630.003262040574], [1782799020, 6.864451253378875e-05, 0.00018575250201840928, 6.749701111352687e-05, 0.00015592690925594037, 26592.21789015828], [1782799080, 0.00015592690925594037, 0.0004541766419443582, 0.00013723726922244145, 0.00016816311996603776, 57924.21944924567], [1782799140, 0.00016816311996603776, 0.0001904867457427182, 0.00010990673714658111, 0.00014340414360379644, 29407.760080722037], [1782799200, 0.00014340414360379644, 0.0001734566145317483, 0.0001288683152300066, 0.00016166717945141583, 10313.096426734059], [1782799260, 0.00016166717945141583, 0.00016280082898560033, 7.815423746662296e-05, 0.00010369516356395711, 13668.620135195122], [1782799320, 0.00010369516356395711, 0.00011434862750881006, 9.001407248031493e-05, 0.00011033435006962558, 13106.211999019935], [1782799380, 0.00011033435006962558, 0.00022320636886234254, 0.00011033435006962558, 0.00016784065101406096, 24599.506452762344], [1782799440, 0.00016784065101406096, 0.00025168980078496013, 0.00013856281328941347, 0.00019035406151635126, 26404.759295285796], [1782799500, 0.00019035406151635126, 0.00020324443197177375, 2.8862911959861478e-05, 4.730901935701254e-05, 35383.01632408685], [1782799560, 4.730901935701254e-05, 6.923852567401399e-05, 4.730901935701254e-05, 5.891741117288479e-05, 8536.683136978054], [1782799620, 5.891741117288479e-05, 8.192379904699969e-05, 5.5329167370304504e-05, 7.300591444089056e-05, 10751.129142989736], [1782799680, 7.300591444089056e-05, 0.00013223799190261232, 7.293743058131657e-05, 0.00011857113931411188, 19158.763626978798], [1782799740, 0.00011857113931411188, 0.00011864060209291538, 4.095001706139892e-05, 5.7158127527889186e-05, 17713.990106889316], [1782799800, 5.7158127527889186e-05, 8.077925926464208e-05, 3.025202240739085e-06, 3.4294279324618844e-06, 17038.534024935485], [1782799860, 3.4294279324618844e-06, 3.4294279324618844e-06, 2.64065380367764e-06, 2.64065380367764e-06, 637.7153421416159], [1782799920, 2.64065380367764e-06, 2.64065380367764e-06, 2.467199183690229e-06, 2.467199183690229e-06, 95.11080342111057], [1782799980, 2.467199183690229e-06, 2.605760542855221e-06, 2.465607006081404e-06, 2.5817744137413447e-06, 65.89295672156219], [1782800040, 2.5817744137413447e-06, 2.6264055938569913e-06, 2.567102988276686e-06, 2.6264055938569913e-06, 21.40384353275143], [1782800100, 2.6264055938569913e-06, 2.6315057762370993e-06, 2.588935908764565e-06, 2.588935908764565e-06, 12.311051500125199], [1782800160, 2.588935908764565e-06, 2.588935908764565e-06, 2.1044336057775025e-06, 2.1044336057775025e-06, 187.69071173711663], [1782800220, 2.1044336057775025e-06, 2.1044336057775025e-06, 1.9888937500530977e-06, 2.0645827172223487e-06, 103.42387421880484], [1782800280, 2.0645827172223487e-06, 2.0866762738823234e-06, 2.0557992699489446e-06, 2.0557992699489446e-06, 12.520350809383482], [1782800340, 2.0557992699489446e-06, 2.1152082161598722e-06, 2.035902632425155e-06, 2.096835126339414e-06, 53.09110814550333], [1782800400, 2.096835126339414e-06, 2.096835126339414e-06, 2.0223727020494724e-06, 2.0223727020494724e-06, 30.795607031350205], [1782800460, 2.0223727020494724e-06, 2.0223727020494724e-06, 2.0033513543384067e-06, 2.0033513543384067e-06, 0.2204886225183445], [1782800580, 2.0033513543384067e-06, 2.0033513543384067e-06, 1.9880008893411963e-06, 1.9880008893411963e-06, 14.816206674623375], [1782800640, 1.9880008893411963e-06, 1.9880008893411963e-06, 1.908993034909146e-06, 1.908993034909146e-06, 36.57561480812087], [1782800700, 1.908993034909146e-06, 1.908993034909146e-06, 1.8724508856496562e-06, 1.8724508856496562e-06, 4.58539501757042], [1782800760, 1.8724508856496562e-06, 1.9282171478327592e-06, 1.8668969592987845e-06, 1.9282171478327592e-06, 40.76085610583767], [1782801000, 1.9282171478327592e-06, 1.9282171478327592e-06, 1.919766976951665e-06, 1.919766976951665e-06, 27.19699615777255], [1782801060, 1.919766976951665e-06, 1.919766976951665e-06, 1.8862532336913937e-06, 1.8862532336913937e-06, 0.4229166239171999], [1782801180, 1.8862532336913937e-06, 1.8862532336913937e-06, 1.8834589068001267e-06, 1.8834589068001267e-06, 0.5217257778852874], [1782801360, 1.8834589068001267e-06, 1.8834589068001267e-06, 1.8512819865540602e-06, 1.8512819865540602e-06, 29.152628414697638], [1782801720, 1.8512819865540602e-06, 1.8512819865540602e-06, 1.8132840502382367e-06, 1.8132840502382367e-06, 2.389515673566429], [1782802020, 1.8132840502382367e-06, 1.8252245826395274e-06, 1.8062297250423551e-06, 1.8062297250423551e-06, 3.700141874951984], [1782802260, 1.8062297250423551e-06, 1.8062297250423551e-06, 1.804096046333962e-06, 1.804096046333962e-06, 0.02127002694240973], [1782802320, 1.804096046333962e-06, 1.804096046333962e-06, 1.7923390045710146e-06, 1.7923390045710146e-06, 4.567958986229418], [1782802380, 1.7923390045710146e-06, 1.7923390045710146e-06, 1.7871481434450737e-06, 1.7871481434450737e-06, 4.043138559567673], [1782802680, 1.7871481434450737e-06, 1.7871481434450737e-06, 1.7475544486781483e-06, 1.7475544486781483e-06, 31.506184096665194], [1782802740, 1.7475544486781483e-06, 1.7475544486781483e-06, 1.7119288519131365e-06, 1.7119288519131365e-06, 0.733041715241002], [1782802800, 1.7119288519131365e-06, 1.7119288519131365e-06, 1.7092059506631875e-06, 1.7092059506631875e-06, 0.8032071169034901], [1782803280, 1.7092059506631875e-06, 1.7092059506631875e-06, 1.705308985635499e-06, 1.705308985635499e-06, 2.0741762257742082], [1782803520, 1.705308985635499e-06, 1.705308985635499e-06, 1.6982162110054934e-06, 1.6982162110054934e-06, 0.09500724628691136], [1782803700, 1.6982162110054934e-06, 1.7001999152114006e-06, 1.6982162110054934e-06, 1.7001999152114006e-06, 0.008654355081911999], [1782803940, 1.7001999152114006e-06, 1.7001999152114006e-06, 1.650525753361991e-06, 1.663847836602444e-06, 31.54932360528972], [1782804120, 1.663847836602444e-06, 1.7153424492185998e-06, 1.663847836602444e-06, 1.7153424492185998e-06, 59.183349420052345], [1782804300, 1.7153424492185998e-06, 1.8662530022560452e-06, 1.7153424492185998e-06, 1.8662530022560452e-06, 40.43965668239833], [1782804360, 1.8662530022560452e-06, 1.8860298323862528e-06, 1.8662530022560452e-06, 1.8860298323862528e-06, 4.710590664525363], [1782804480, 1.8860298323862528e-06, 1.8860298323862528e-06, 1.8599534784519838e-06, 1.8599534784519838e-06, 1.2837660569488267], [1782804540, 1.8599534784519838e-06, 1.8599534784519838e-06, 1.8444984992261453e-06, 1.8444984992261453e-06, 12.16761738592114], [1782804600, 1.8444984992261453e-06, 1.8769496181457648e-06, 1.8444984992261453e-06, 1.8769496181457648e-06, 10.880988302345376], [1782804660, 1.8769496181457648e-06, 1.8769496181457648e-06, 1.8556901799635043e-06, 1.8556901799635043e-06, 0.2608540028520695], [1782804780, 1.8556901799635043e-06, 2.1002817713902815e-06, 1.8556901799635043e-06, 2.1002817713902815e-06, 92.70492176651109], [1782805500, 2.1002817713902815e-06, 2.1002817713902815e-06, 1.990304913785449e-06, 1.990304913785449e-06, 68.67020122930573], [1782806280, 1.990304913785449e-06, 1.990304913785449e-06, 1.9013555458288638e-06, 1.9013555458288638e-06, 10.200563757553871], [1782806340, 1.9013555458288638e-06, 1.9013555458288638e-06, 1.8891625267925987e-06, 1.8891625267925987e-06, 0.05260416987761803], [1782806640, 1.8891625267925987e-06, 1.8891625267925987e-06, 