{"pair": "AhDYT3JFydsjD4kwF5aTSsjSxdzsx2z5ykxaQ8c2XdYb", "n_bars": 59, "span": [1782879208.0, 1782943679.0], "bars": [[1782879540, 5.376573714795347e-06, 5.406079442261707e-06, 5.376573714795347e-06, 5.406079442261707e-06, 14.72494155850004], [1782880320, 5.406079442261707e-06, 5.470913411393278e-06, 5.406079442261707e-06, 5.470913411393278e-06, 5.884052952054528], [1782881100, 5.470913411393278e-06, 5.50652610812667e-06, 5.470913411393278e-06, 5.50652610812667e-06, 9.819093646682095], [1782881760, 5.50652610812667e-06, 5.50652610812667e-06, 5.3163783385738365e-06, 5.33928753990586e-06, 36.944406420111726], [1782881880, 5.33928753990586e-06, 5.33928753990586e-06, 5.311277670168797e-06, 5.311277670168797e-06, 0.0805029196803118], [1782882780, 5.311277670168797e-06, 5.378320835515791e-06, 5.311277670168797e-06, 5.370903774244758e-06, 3.895432149527947], [1782883020, 5.370903774244758e-06, 5.420162193471416e-06, 5.351351157653069e-06, 5.351351157653069e-06, 36.707108675222], [1782883200, 5.351351157653069e-06, 5.351351157653069e-06, 5.307725446763075e-06, 5.307725446763075e-06, 0.27843382418071055], [1782883380, 5.307725446763075e-06, 5.369088314196769e-06, 5.307725446763075e-06, 5.369088314196769e-06, 2.9619280560817787], [1782883440, 5.369088314196769e-06, 5.391721346856537e-06, 5.369088314196769e-06, 5.391721346856537e-06, 6.550125415542268], [1782883560, 5.391721346856537e-06, 5.639971213182681e-06, 5.391721346856537e-06, 5.560473000886972e-06, 27.234715090328994], [1782884100, 5.560473000886972e-06, 5.6930941087644786e-06, 5.560473000886972e-06, 5.6930941087644786e-06, 21.407030830341082], [1782884820, 5.6930941087644786e-06, 5.742217119294044e-06, 5.677830399426774e-06, 5.742217119294044e-06, 5.96125952010453], [1782885720, 5.742217119294044e-06, 5.744172976856885e-06, 5.669938593918235e-06, 5.744172976856885e-06, 0.8228343738669235], [1782886200, 5.744172976856885e-06, 5.744172976856885e-06, 5.530111080540416e-06, 5.530111080540416e-06, 37.31754549185752], [1782886740, 5.530111080540416e-06, 5.530111080540416e-06, 5.499084694632034e-06, 5.499084694632034e-06, 5.891919449099535], [1782887100, 5.499084694632034e-06, 5.499084694632034e-06, 5.4234873942502335e-06, 5.4234873942502335e-06, 23.25591047601203], [1782888900, 5.4234873942502335e-06, 5.451725345657569e-06, 5.4234873942502335e-06, 5.451725345657569e-06, 18.14669629855538], [1782889440, 5.451725345657569e-06, 5.712986903913963e-06, 5.451725345657569e-06, 5.689390200153733e-06, 47.07797886685706], [1782890340, 5.689390200153733e-06, 5.689390200153733e-06, 5.5639343733747725e-06, 5.5639343733747725e-06, 29.808620992305084], [1782891420, 5.5639343733747725e-06, 5.566602537425911e-06, 5.5639343733747725e-06, 5.566602537425911e-06, 1.1133205074851822], [1782892020, 5.566602537425911e-06, 5.566602537425911e-06, 5.564370401559719e-06, 5.565975779280681e-06, 0.8221640431902915], [1782892080, 5.565975779280681e-06, 5.619890201243006e-06, 5.559538021558413e-06, 5.619890201243006e-06, 7.197355374651173], [1782892920, 5.619890201243006e-06, 5.628614390367886e-06, 5.619890201243006e-06, 5.628614390367886e-06, 7.506979269602899], [1782893760, 5.628614390367886e-06, 5.628614390367886e-06, 5.506541330906018e-06, 5.506541330906018e-06, 40.604949898076114], [1782893820, 5.506541330906018e-06, 5.506541330906018e-06, 5.40835456099559e-06, 5.40835456099559e-06, 7.260508123859186], [1782894000, 5.40835456099559e-06, 5.40835456099559e-06, 5.3543808258042e-06, 5.3543808258042e-06, 16.145493652209126], [1782894060, 5.3543808258042e-06, 5.3543808258042e-06, 5.300637224815322e-06, 5.300637224815322e-06, 14.437740730935596], [1782894120, 5.300637224815322e-06, 5.300637224815322e-06, 5.20168807238992e-06, 5.20168807238992e-06, 32.26011122801682], [1782894660, 5.20168807238992e-06, 5.20168807238992e-06, 5.0740425811927655e-06, 5.112575862640491e-06, 20.606854720883792], [1782894780, 5.112575862640491e-06, 5.112575862640491e-06, 5.052513272286173e-06, 5.052513272286173e-06, 6.238214426357649], [1782895500, 5.052513272286173e-06, 5.052513272286173e-06, 4.996623336864228e-06, 4.996623336864228e-06, 32.62104062277297], [1782904140, 4.996623336864228e-06, 5.010981792511526e-06, 4.952708158014825e-06, 4.952708158014825e-06, 4.374468160391884], [1782904860, 4.952708158014825e-06, 5.03696653757888e-06, 4.952708158014825e-06, 5.03696653757888e-06, 1.1846786542217036], [1782905160, 5.03696653757888e-06, 5.03696653757888e-06, 4.970479828068984e-06, 4.970479828068984e-06, 0.4135222455868942], [1782908040, 4.970479828068984e-06, 4.994767300722967e-06, 4.93537401524292e-06, 4.93537401524292e-06, 3.6723311493785404], [1782910860, 4.93537401524292e-06, 5.008152234328817e-06, 4.93537401524292e-06, 5.008152234328817e-06, 3.403771812093796], [1782911160, 5.008152234328817e-06, 5.0360282390378744e-06, 5.008152234328817e-06, 5.0360282390378744e-06, 9.835918232298054], [1782913980, 5.0360282390378744e-06, 5.052107754837153e-06, 5.0360282390378744e-06, 5.052107754837153e-06, 2.962901393859925], [1782916920, 5.052107754837153e-06, 5.110102517954856e-06, 5.052107754837153e-06, 5.108774579500733e-06, 0.7566521074279737], [1782918480, 5.108774579500733e-06, 5.172187943000694e-06, 5.108774579500733e-06, 5.10994207196243e-06, 5.139962626698837], [1782919440, 5.10994207196243e-06, 5.134719325676388e-06, 5.10994207196243e-06, 5.134719325676388e-06, 0.006627813452514204], [1782920520, 5.134719325676388e-06, 5.134719325676388e-06, 5.13003532639428e-06, 5.131479894388704e-06, 0.7909738874654848], [1782920640, 5.131479894388704e-06, 5.284252715137849e-06, 5.131479894388704e-06, 5.284252715137849e-06, 23.722390510109925], [1782922560, 5.284252715137849e-06, 5.284252715137849e-06, 5.205396944928094e-06, 5.205396944928094e-06, 0.02398606820255596], [1782926880, 5.205396944928094e-06, 5.319847940268711e-06, 5.205396944928094e-06, 5.266183829041972e-06, 9.240315673678607], [1782927600, 5.266183829041972e-06, 5.303921610036589e-06, 5.251124154007023e-06, 5.303921610036589e-06, 9.136274826646158], [1782930900, 5.303921610036589e-06, 5.303921610036589e-06, 5.199971869720255e-06, 5.199971869720255e-06, 8.032950289991202], [1782932580, 5.199971869720255e-06, 5.199971869720255e-06, 4.538246009038977e-06, 4.539218721914317e-06, 202.50566027195518], [1782932940, 4.539218721914317e-06, 4.539218721914317e-06, 2.4392421999119883e-06, 2.5832705338647004e-06, 761.731227362818], [1782934440, 2.5832705338647004e-06, 2.5832705338647004e-06, 2.564848260900546e-06, 2.564848260900546e-06, 2.176220158472732], [1782934740, 2.564848260900546e-06, 2.564848260900546e-06, 2.5261553114487308e-06, 2.5261553114487308e-06, 15.572162464674266], [1782935640, 2.5261553114487308e-06, 2.5261553114487308e-06, 2.5160046810833473e-06, 2.5160046810833473e-06, 0.23599870831198946], [1782936960, 2.5160046810833473e-06, 2.5160046810833473e-06, 2.4529715464518954e-06, 2.4529715464518954e-06, 19.45311169779739], [1782938220, 2.4529715464518954e-06, 2.4530174376041735e-06, 2.441104547827673e-06, 2.4530174376041735e-06, 16.62767309525475], [1782941040, 2.4530174376041735e-06, 2.4530174376041735e-06, 2.378800527793153e-06, 2.415346651419591e-06, 27.804162166874384], [1782941340, 2.415346651419591e-06, 2.415346651419591e-06, 2.3725735994962567e-06, 2.3964707208313645e-06, 6.7005349949639585], [1782941400, 2.3964707208313645e-06, 2.3964707208313645e-06, 2.3653728831991335e-06, 2.3653728831991335e-06, 0.05400446349355347], [1782943080, 2.3653728831991335e-06, 2.3854856028609653e-06, 2.3653728831991335e-06, 2.3854856028609653e-06, 0.8245589385300119]]}