{"pair": "GuKWzR7i4H7HxdBCRoZYYTkosdT7z5DoSLnmhePXE2G9", "n_bars": 98, "span": [1782951619.0, 1782965844.0], "bars": [[1782951660, 0.00011158210958470808, 0.00011890008187209565, 0.00010394267566669607, 0.00010603007548141978, 2648.35489967104], [1782951720, 0.00010603007548141978, 0.00011259139544593946, 0.00010419814570167403, 0.000110949799792305, 2477.6958144526825], [1782951780, 0.000110949799792305, 0.00011388291095920177, 0.00010664462863237031, 0.00011087511591649142, 2553.4157523289464], [1782951840, 0.00011087511591649142, 0.00011673375338670106, 0.00010787560181461461, 0.00011505868496767951, 2678.909891149214], [1782951900, 0.00011505868496767951, 0.0001300203790096106, 0.00011505868496767951, 0.0001259214189913933, 3853.4294181171094], [1782951960, 0.0001259214189913933, 0.00013135822487964316, 0.0001221386069305434, 0.00012711701618259543, 2569.7073573466228], [1782952020, 0.00012711701618259543, 0.00013202482569079623, 0.00011781429760004615, 0.00012336666524739547, 2653.6070954207084], [1782952080, 0.00012336666524739547, 0.00012535130394229982, 0.00011720433880721537, 0.00011962891056719398, 2988.249771206389], [1782952140, 0.00011962891056719398, 0.00012505053512091853, 0.00011472341620734033, 0.0001185270051077552, 2584.689358806129], [1782952200, 0.0001185270051077552, 0.00012460349245878112, 0.00011494795008677576, 0.0001187799622061481, 2634.9721619536003], [1782952260, 0.0001187799622061481, 0.00012136904743630285, 0.00011447544096969094, 0.00011853543953021382, 2587.585709232115], [1782952320, 0.00011853543953021382, 0.00012429183237119043, 0.00011619567660745731, 0.00012368117982127313, 2833.6337090537163], [1782952380, 0.00012368117982127313, 0.00012681988377184942, 0.00011906016303793775, 0.00012110311294155034, 2676.206736705386], [1782952440, 0.00012110311294155034, 0.00013627202949671488, 0.00012054141093705042, 0.0001264539101968156, 3220.265339625281], [1782952500, 0.0001264539101968156, 0.00013442333941907073, 0.00012555913529396082, 0.00013005225497653405, 2484.8463499263653], [1782952560, 0.00013005225497653405, 0.00013621136681402955, 0.00012657483172979329, 0.00013132327100073143, 3026.059124689311], [1782952620, 0.00013132327100073143, 0.0001442660098494503, 0.00012541091995478692, 0.0001442660098494503, 3343.6324002996203], [1782952680, 0.0001442660098494503, 0.00014519707440754427, 0.000135431684670113, 0.00014159379605490615, 2577.870554659688], [1782952740, 0.00014159379605490615, 0.00014318580573256497, 0.0001358157167648189, 0.00013906538682887838, 2842.4703934567365], [1782952800, 0.00013906538682887838, 0.00014629717791943676, 0.00013422350439785754, 0.00014403336090988835, 3297.784691552425], [1782952860, 0.00014403336090988835, 0.00015104461277185038, 0.00013859251402960224, 0.00014606473846638532, 4597.199327378861], [1782952920, 0.00014606473846638532, 0.0001644501236512039, 0.00013826312973254663, 0.00015531982854498437, 5021.704572624435], [1782952980, 0.00015531982854498437, 0.00017541516551650052, 0.0001494291206775656, 0.0001668492303498472, 4489.4163756608705], [1782953040, 0.0001668492303498472, 0.00017320628600271497, 0.00015097950315759288, 0.00015690916299546868, 5096.719341834603], [1782953100, 0.00015690916299546868, 0.00015914090795845123, 0.00014067786578323923, 0.00014248970222799297, 3956.4689409705115], [1782953160, 0.00014248970222799297, 0.00015482631240558252, 0.0001400735604109348, 0.00014565280144328136, 4765.053730198334], [1782953220, 0.00014565280144328136, 0.00015208036582699366, 0.00014177034810500098, 0.00014924925802091025, 3932.563664432904], [1782953280, 0.00014924925802091025, 0.00014924925802091025, 0.00013128339890778953, 0.00013328344364212745, 4659.085826852287], [1782953340, 0.00013328344364212745, 0.00014365388530405567, 0.00012168932871539753, 0.00012353559168817258, 5293.148170050295], [1782953400, 0.00012353559168817258, 0.00013012832466050348, 0.00010575669678341975, 0.00011158126237371409, 4211.912631035073], [1782953460, 0.00011158126237371409, 0.00011922819621715353, 0.00011038796221254232, 0.00011527735838976781, 3254.8082201537777], [1782953520, 0.00011527735838976781, 0.00011893302540338176, 9.901810507800842e-05, 0.00010103376550609741, 3074.191590199212], [1782953580, 0.00010103376550609741, 0.00010681297324360076, 9.82178458187779e-05, 0.00010099450474477916, 2681.360740495961], [1782953640, 0.00010099450474477916, 0.00010354163901484373, 8.916357099075422e-05, 9.152941458635663e-05, 3257.85634209144], [1782953700, 9.152941458635663e-05, 0.00010426481223355754, 9.152941458635663e-05, 0.0001005497180580478, 2555.1257732445292], [1782953760, 0.0001005497180580478, 0.00010369512753275359, 9.658582194611847e-05, 9.989781694799276e-05, 2642.854916827644], [1782953820, 9.989781694799276e-05, 0.00010685861976137125, 9.847085259218856e-05, 0.00010066790221411936, 2502.9293220011687], [1782953880, 0.00010066790221411936, 0.00010788992065137725, 9.78685391692908e-05, 0.0001029246383887938, 2893.9155655139216], [1782953940, 0.0001029246383887938, 0.00010685129234748808, 9.854804074925772e-05, 0.00010191739239201865, 2563.942706376636], [1782954000, 0.00010191739239201865, 0.00010557123117861215, 9.786436968358009e-05, 0.00010139728995034386, 2555.5009414632113], [1782954060, 0.00010139728995034386, 0.00010411936602095391, 9.755181062188143e-05, 0.00010151971461623247, 2371.0688680164403], [1782954120, 0.00010151971461623247, 0.00010907843884296723, 9.887738734351005e-05, 0.00010780291329345734, 2558.278106705198], [1782954180, 0.00010780291329345734, 0.00011098487188636112, 0.0001041297042262908, 0.00010688514811262543, 2305.47313967418], [1782954240, 0.00010688514811262543, 0.00011045985742310671, 0.00010194011466449967, 0.00010754152044590018, 2415.1286221381256], [1782954300, 0.00010754152044590018, 0.00011107622025567732, 9.894005175504316e-05, 9.9724240126246e-05, 2388.124030541122], [1782954360, 9.9724240126246e-05, 0.00010335776292931458, 9.011212275677116e-05, 9.097964344005582e-05, 1962.1597955178634], [1782954420, 9.097964344005582e-05, 9.576008073701547e-05, 8.48211291769215e-05, 9.531905307473681e-05, 1702.7819233814732], [1782954480, 9.531905307473681e-05, 9.736792719185211e-05, 9.170275615037689e-05, 9.736792719185211e-05, 1816.3455512763483], [1782954540, 9.736792719185211e-05, 9.769667164014654e-05, 9.106506140370597e-05, 9.564447570755074e-05, 1731.6312464143746], [1782954600, 9.564447570755074e-05, 9.804513773563072e-05, 9.150674566071156e-05, 9.263664131451507e-05, 2180.0977927230815], [1782954660, 9.263664131451507e-05, 9.873389657576318e-05, 9.179427349315263e-05, 9.179427349315263e-05, 2113.389360322664], [1782954720, 9.179427349315263e-05, 9.910712872944946e-05, 8.914672067952885e-05, 9.727910003557137e-05, 2193.8358008541704], [1782954780, 9.727910003557137e-05, 0.00010133483130351661, 9.518736925158444e-05, 9.687314776226085e-05, 2282.8247695001496], [1782954840, 9.687314776226085e-05, 0.00010138790967254916, 9.324565365318567e-05, 9.77796364339623e-05, 2387.5468777765714], [1782954900, 9.77796364339623e-05, 9.95609966698807e-05, 9.319026179355628e-05, 9.784082519906924e-05, 2232.4680538916577], [1782954960, 9.784082519906924e-05, 0.00010273191643882793, 9.449908780527914e-05, 0.00010157308297270646, 2447.1064703099505], [1782955020, 0.00010157308297270646, 0.00010428263821102457, 9.497853146321229e-05, 9.7018737729418e-05, 2565.0681144617092], [1782955080, 9.7018737729418e-05, 0.00010090837193559561, 9.569374120654753e-05, 9.922028732745133e-05, 2425.717842417831], [1782955140, 9.922028732745133e-05, 0.00010240154123665688, 1.950393568556867e-06, 1.9741368542833384e-06, 12397.591274648832], [1782955200, 1.9741368542833384e-06, 2.0075699899778368e-06, 1.6827800417987602e-06, 1.6827800417987602e-06, 151.28231153955184], [1782955260, 1.6827800417987602e-06, 1.7021250626614601e-06, 1.6796638372780225e-06, 1.6796638372780225e-06, 1.572195543303309], [1782955320, 1.6796638372780225e-06, 1.732105429814463e-06, 1.6676464572564043e-06, 