{"pair": "DNgkdXiA2MwPxx7EKP58yVTEGApX26on2PZSjPxRuBhX", "n_bars": 125, "span": [1782871686.0, 1782942909.0], "bars": [[1782871740, 2.0623590737801685e-05, 2.0629926109267357e-05, 2.0364289911957878e-05, 2.0629926109267357e-05, 1.008361043659429], [1782871860, 2.0629926109267357e-05, 2.0657146164844838e-05, 2.0388316776641778e-05, 2.0657146164844838e-05, 5.256760501138828], [1782871980, 2.0657146164844838e-05, 2.0657146164844838e-05, 2.0435975301119044e-05, 2.0435975301119044e-05, 3.04203540163064], [1782872040, 2.0435975301119044e-05, 2.0683704912068202e-05, 2.0435975301119044e-05, 2.0683704912068202e-05, 2.2668424109759475], [1782872100, 2.0683704912068202e-05, 2.0683704912068202e-05, 2.041551322704441e-05, 2.041551322704441e-05, 2.2374497906069255], [1782872160, 2.041551322704441e-05, 2.0722413431140867e-05, 2.041551322704441e-05, 2.0448432452498864e-05, 7.39368204444593], [1782872220, 2.0448432452498864e-05, 2.07090825738275e-05, 2.0448432452498864e-05, 2.07090825738275e-05, 0.38225877495592475], [1782872280, 2.07090825738275e-05, 2.07090825738275e-05, 2.0692944566654135e-05, 2.0692944566654135e-05, 0.10480433744331176], [1782872400, 2.0692944566654135e-05, 2.0692944566654135e-05, 2.0672324960750337e-05, 2.0672324960750337e-05, 0.05033211124351649], [1782872460, 2.0672324960750337e-05, 2.0745024616821238e-05, 2.0672324960750337e-05, 2.0745024616821238e-05, 0.16227688209092092], [1782872580, 2.0745024616821238e-05, 2.0745506748104333e-05, 2.0745024616821238e-05, 2.0745506748104333e-05, 0.3520685247344553], [1782872640, 2.0745506748104333e-05, 2.0769360673634737e-05, 2.0745506748104333e-05, 2.0769360673634737e-05, 0.3458841913540394], [1782872700, 2.0769360673634737e-05, 2.0769360673634737e-05, 2.075111160934087e-05, 2.075111160934087e-05, 0.11591235577962647], [1782872760, 2.075111160934087e-05, 2.075111160934087e-05, 2.051893885657368e-05, 2.051893885657368e-05, 1.4976917678515413], [1782872820, 2.051893885657368e-05, 2.0775227250617934e-05, 2.051893885657368e-05, 2.0775227250617934e-05, 2.2619630909292403], [1782872940, 2.0775227250617934e-05, 2.0775227250617934e-05, 2.0502271465988084e-05, 2.0502271465988084e-05, 2.2322442386025623], [1782873000, 2.0502271465988084e-05, 2.0779350627066334e-05, 2.0502271465988084e-05, 2.0779350627066334e-05, 4.073588226785712], [1782873060, 2.0779350627066334e-05, 2.0779350627066334e-05, 2.058433488774459e-05, 2.058433488774459e-05, 4.035357300592479], [1782873120, 2.058433488774459e-05, 2.078271056775723e-05, 2.058433488774459e-05, 2.078271056775723e-05, 3.8075466569717853], [1782873180, 2.078271056775723e-05, 2.078271056775723e-05, 2.0516076456255875e-05, 2.0516076456255875e-05, 3.758697310925315], [1782873240, 2.0516076456255875e-05, 2.080849498527712e-05, 2.0516076456255875e-05, 2.080849498527712e-05, 0.5305605849516136], [1782873300, 2.080849498527712e-05, 2.0829217832795513e-05, 2.0565008522070118e-05, 2.0829217832795513e-05, 0.13839511483324368], [1782873360, 2.0829217832795513e-05, 2.0836107787846023e-05, 2.0829217832795513e-05, 2.0836107787846023e-05, 0.21010786164001166], [1782873480, 2.0836107787846023e-05, 2.0852173067064822e-05, 2.0836107787846023e-05, 2.0852173067064822e-05, 0.5867940134033895], [1782873540, 2.0852173067064822e-05, 2.0886199725893128e-05, 2.0852173067064822e-05, 2.0886199725893128e-05, 0.020001765202247893], [1782873600, 2.0886199725893128e-05, 2.0886199725893128e-05, 1.9338596066661266e-05, 1.9524941303780837e-05, 163.989995596814], [1782873660, 1.9524941303780837e-05, 1.96135751985974e-05, 1.9524941303780837e-05, 1.96135751985974e-05, 1.2415602465624478], [1782873720, 1.96135751985974e-05, 1.9626881068519393e-05, 1.96135751985974e-05, 1.9626881068519393e-05, 0.3765382787131189], [1782873780, 1.9626881068519393e-05, 1.9643676302275475e-05, 1.9626881068519393e-05, 1.9643676302275475e-05, 0.42198612338909663], [1782873840, 1.9643676302275475e-05, 1.9658777462575656e-05, 1.9643676302275475e-05, 1.9658777462575656e-05, 1.3450131546119775], [1782873960, 1.9658777462575656e-05, 1.9658777462575656e-05, 1.937179220514519e-05, 1.937179220514519e-05, 3.339423281490912], [1782874020, 1.937179220514519e-05, 1.9584290718395555e-05, 1.937179220514519e-05, 1.9584290718395555e-05, 0.0046287240409983235], [1782874080, 1.9584290718395555e-05, 1.9589732473476853e-05, 1.9584290718395555e-05, 1.9589732473476853e-05, 0.009675051201548428], [1782874140, 1.9589732473476853e-05, 1.9589732473476853e-05, 1.957228213796179e-05, 1.957228213796179e-05, 0.006073111530385314], [1782874200, 1.957228213796179e-05, 1.957228213796179e-05, 1.9321795914661428e-05, 1.9556412054684722e-05, 3.6932162709068512], [1782874320, 1.9556412054684722e-05, 1.9556412054684722e-05, 1.955125090476024e-05, 1.955125090476024e-05, 0.023184245774194423], [1782874380, 1.955125090476024e-05, 1.9558120222065167e-05, 1.955125090476024e-05, 1.9558120222065167e-05, 0.006233149738399705], [1782874440, 1.9558120222065167e-05, 1.9558120222065167e-05, 1.9333876869994946e-05, 1.9333876869994946e-05, 0.05882213735636783], [1782874500, 1.9333876869994946e-05, 1.9602110147306477e-05, 1.9333876869994946e-05, 1.9602110147306477e-05, 0.15349527370117066], [1782874560, 1.9602110147306477e-05, 1.9602110147306477e-05, 1.9573347379390478e-05, 1.9573347379390478e-05, 0.356085888469585], [1782874680, 1.9573347379390478e-05, 1.9575028520961625e-05, 1.9573347379390478e-05, 1.9575028520961625e-05, 0.24844619866282766], [1782874740, 1.9575028520961625e-05, 1.9575028520961625e-05, 1.956342877851076e-05, 1.956342877851076e-05, 0.4118307675093735], [1782874800, 1.956342877851076e-05, 1.956342877851076e-05, 1.930693446022531e-05, 1.930693446022531e-05, 1.1538979298413483], [1782874860, 1.930693446022531e-05, 1.9543733563887635e-05, 1.930693446022531e-05, 1.9543733563887635e-05, 0.47564414398752164], [1782874980, 1.9543733563887635e-05, 1.9543733563887635e-05, 1.9521529514195493e-05, 1.9521529514195493e-05, 0.6379615364616829], [1782875040, 1.9521529514195493e-05, 1.952799798413772e-05, 1.9521529514195493e-05, 1.952799798413772e-05, 0.1928533567616999], [1782875100, 1.952799798413772e-05, 1.9553494860932052e-05, 1.952799798413772e-05, 1.9553494860932052e-05, 0.592681820162172], [1782875220, 1.9553494860932052e-05, 1.9589690844465522e-05, 1.9553494860932052e-05, 1.9589690844465522e-05, 0.23946495791668004], [1782875280, 1.9589690844465522e-05, 1.9610547512714806e-05, 1.9589690844465522e-05, 1.9610547512714806e-05, 0.5422319690466267], [1782875340, 1.9610547512714806e-05, 1.9610547512714806e-05, 1.9313339559219304e-05, 1.9556404358898816e-05, 0.789036051893246], [1782875400, 1.9556404358898816e-05, 1.9556404358898816e-05, 1.9282340589929238e-05, 1.9282340589929238e-05, 4.8904902500053025], [1782875460, 1.9282340589929238e-05, 1.9516119869992293e-05, 1.9282340589929238e-05, 1.9516119869992293e-05, 0.3087691164874476], [1782875580, 1.9516119869992293e-05, 1.9522123811692693e-05, 1.9516119869992293e-05, 1.9522123811692693e-05, 0.08053628806373167], [1782875640, 1.9522123811692693e-05, 1.9522123811692693e-05, 1.9510198991206472e-05, 1.9510198991206472e-05, 0.09368625255156997], [1782875700, 1.9510198991206472e-05, 1.9510198991206472e-05, 1.9494867620164746e-05, 1.9494867620164746e-05, 0.10490420042841272], [1782875820, 1.9494867620164746e-05, 1.9494867620164746e-05, 1.9236967120856482e-05, 1.947120239297587e-05, 1.1710829497734008], [1782875940, 1.947120239297587e-05, 1.947120239297587e-05, 1.9460076955993525e-05, 1.9460076955993525e-05, 0.6275985248601215], [1782876000, 1.9460076955993525e-05, 1.9460076955993525e-05, 1.9454622712174062e-05, 1.9454622712174062e-05, 0.9538095383536278], [1782876060, 1.9454622712174062e-05, 1.9466546418846164e-05, 1.9454622712174062e-05, 1.9466546418846164e-05, 0.35924035367045043], [1782876120, 1.9466546418846164e-05, 1.9466546418846164e-05, 1.9212962524439707e-05, 1.9212962524439707e-05, 2.4997864167845254], [1782876180, 1.9212962524439707e-05, 1.9465243162278982e-05, 1.9212962524439707e-05, 1.9465243162278982e-05, 0.012896641381224925], 