{"pair": "2kobuN8PU5xG9A5oU257TsTd82r4h5Ax8TgiBykqCxn3", "n_bars": 79, "span": [1782902315.0, 1782945876.0], "bars": [[1782905760, 2.179897275327559e-06, 2.179897275327559e-06, 2.1134479264813696e-06, 2.1134479264813696e-06, 17.81195930949305], [1782905820, 2.1134479264813696e-06, 2.1134479264813696e-06, 2.1120727400502162e-06, 2.1120727400502162e-06, 0.09041627412177929], [1782905880, 2.1120727400502162e-06, 2.1120727400502162e-06, 2.081940505998136e-06, 2.110112843569148e-06, 15.626027915923775], [1782907620, 2.110112843569148e-06, 2.110112843569148e-06, 2.0935089888087915e-06, 2.0935089888087915e-06, 0.8040850608432906], [1782907860, 2.0935089888087915e-06, 2.0935089888087915e-06, 2.0422244780597435e-06, 2.0422244780597435e-06, 23.008613494007037], [1782907920, 2.0422244780597435e-06, 2.0422244780597435e-06, 1.984121686356853e-06, 1.984121686356853e-06, 21.74342451507522], [1782910620, 1.984121686356853e-06, 1.984121686356853e-06, 1.956543403465083e-06, 1.956543403465083e-06, 0.04306287221113371], [1782911880, 1.956543403465083e-06, 1.961326583806418e-06, 1.956543403465083e-06, 1.961326583806418e-06, 9.756998045236383], [1782911940, 1.961326583806418e-06, 1.961326583806418e-06, 1.9077999764821346e-06, 1.9282076519634965e-06, 16.28800369752207], [1782913320, 1.9282076519634965e-06, 1.9472127315541276e-06, 1.9282076519634965e-06, 1.9472127315541276e-06, 0.14275860968359227], [1782913380, 1.9472127315541276e-06, 1.9472127315541276e-06, 1.9454419968658027e-06, 1.9454419968658027e-06, 0.29660630820033146], [1782915300, 1.9454419968658027e-06, 1.9688957449758545e-06, 1.9454419968658027e-06, 1.9688957449758545e-06, 0.45656265801382206], [1782916500, 1.9688957449758545e-06, 1.9688957449758545e-06, 1.8940857745198748e-06, 1.8940857745198748e-06, 49.59547211305458], [1782916620, 1.8940857745198748e-06, 1.8940857745198748e-06, 1.8377354063270933e-06, 1.8377354063270933e-06, 0.7663980931849129], [1782917340, 1.8377354063270933e-06, 1.845578271029389e-06, 1.8377354063270933e-06, 1.845578271029389e-06, 0.9804919376309537], [1782918000, 1.845578271029389e-06, 1.8912537167767146e-06, 1.845578271029389e-06, 1.8912537167767146e-06, 22.78663818688088], [1782920700, 1.8912537167767146e-06, 1.930357976561109e-06, 1.8912537167767146e-06, 1.930357976561109e-06, 0.776085171515408], [1782920940, 1.930357976561109e-06, 1.937231839262806e-06, 1.9302321853573305e-06, 1.937231839262806e-06, 7.180163571008554], [1782921180, 1.937231839262806e-06, 1.9743521616134468e-06, 1.937231839262806e-06, 1.9743521616134468e-06, 26.92164844962844], [1782922980, 1.9743521616134468e-06, 2.0094188091279195e-06, 1.9743521616134468e-06, 2.0094188091279195e-06, 0.09971352913757581], [1782923280, 2.0094188091279195e-06, 2.0339005437240273e-06, 2.0094188091279195e-06, 2.0339005437240273e-06, 6.196519266043508], [1782924060, 2.0339005437240273e-06, 2.0339005437240273e-06, 2.0035299930300555e-06, 2.0035299930300555e-06, 0.003063092251777966], [1782924180, 2.0035299930300555e-06, 2.0035299930300555e-06, 1.989656573676466e-06, 1.989656573676466e-06, 13.565167312459794], [1782925380, 1.989656573676466e-06, 1.989656573676466e-06, 1.9825464161350843e-06, 1.9825464161350843e-06, 0.19592497826073133], [1782926220, 1.9825464161350843e-06, 3.107422513723181e-06, 1.9825464161350843e-06, 3.107422513723181e-06, 443.1456750446613], [1782926280, 3.107422513723181e-06, 3.2020417104225834e-06, 3.107422513723181e-06, 3.2020417104225834e-06, 28.77824626798459], [1782926340, 3.2020417104225834e-06, 3.2020417104225834e-06, 3.151944987897149e-06, 3.1562946779680793e-06, 26.101382243659796], [1782926400, 3.1562946779680793e-06, 3.2034534666115712e-06, 3.1562946779680793e-06, 3.1632272126774617e-06, 45.72745174285014], [1782926460, 3.1632272126774617e-06, 3.163376840985209e-06, 3.1625960079420133e-06, 3.163376840985209e-06, 0.6334123834446208], [1782926580, 3.163376840985209e-06, 3.2242662461195082e-06, 3.163376840985209e-06, 3.2242662461195082e-06, 23.234047087730705], [1782926640, 3.2242662461195082e-06, 3.2553481228315164e-06, 3.2242662461195082e-06, 3.2553481228315164e-06, 4.6761448156216066], [1782926700, 3.2553481228315164e-06, 3.2553481228315164e-06, 3.2032145304709364e-06, 3.2032145304709364e-06, 9.957962909895313], [1782926820, 3.2032145304709364e-06, 3.2447535236582135e-06, 3.1774483301832857e-06, 3.2447535236582135e-06, 38.8006815102575], [1782926880, 3.2447535236582135e-06, 3.2843243108617175e-06, 3.2447535236582135e-06, 3.2843243108617175e-06, 0.980250931746552], [1782926940, 3.2843243108617175e-06, 3.2856260942232693e-06, 3.2843243108617175e-06, 3.2856260942232693e-06, 0.29561421280859246], [1782927120, 3.2856260942232693e-06, 3.2975753976886395e-06, 3.2856260942232693e-06, 3.2975753976886395e-06, 3.8455749443421734], [1782927240, 3.2975753976886395e-06, 3.2975753976886395e-06, 3.224042571885711e-06, 3.224042571885711e-06, 17.90761350435705], [1782927300, 3.224042571885711e-06, 3.2500256189639525e-06, 3.224042571885711e-06, 3.2500256189639525e-06, 3.66402202281575], [1782927360, 3.2500256189639525e-06, 3.2500256189639525e-06, 3.1535415932783134e-06, 3.1535415932783134e-06, 40.701543624568], [1782927420, 3.1535415932783134e-06, 3.1940056599878587e-06, 3.1535415932783134e-06, 3.1940056599878587e-06, 22.917084070865677], [1782927480, 3.1940056599878587e-06, 3.311132767039391e-06, 3.1940056599878587e-06, 3.311132767039391e-06, 51.43517177763709], [1782927540, 3.311132767039391e-06, 3.551306893436064e-06, 3.311132767039391e-06, 3.551306893436064e-06, 75.93990047451811], [1782927600, 3.551306893436064e-06, 3.551306893436064e-06, 3.5344560538307288e-06, 3.5344560538307288e-06, 3.5356510359976605], [1782927660, 3.5344560538307288e-06, 3.5344560538307288e-06, 2.548504136989979e-06, 2.619067932371603e-06, 645.1509956548141], [1782927720, 2.619067932371603e-06, 2.803971992159114e-06, 2.619067932371603e-06, 2.803971992159114e-06, 4.901857588382296], [1782927780, 2.803971992159114e-06, 2.803971992159114e-06, 2.591206801277344e-06, 2.591206801277344e-06, 97.4030504689222], [1782927960, 2.591206801277344e-06, 2.591206801277344e-06, 2.460341008774617e-06, 2.460341008774617e-06, 42.89637337763168], [1782928080, 2.460341008774617e-06, 2.460341008774617e-06, 2.406928353221867e-06, 2.406928353221867e-06, 1.7252096096262541], [1782928200, 2.406928353221867e-06, 2.4897486234021335e-06, 2.406928353221867e-06, 2.4757654864041127e-06, 75.71202129563578], [1782928740, 2.4757654864041127e-06, 2.4757654864041127e-06, 2.4285140290122207e-06, 2.4285140290122207e-06, 2.7378630030558555], [1782928800, 2.4285140290122207e-06, 2.4285140290122207e-06, 2.3993901792564463e-06, 2.3993901792564463e-06, 20.839416455328532], [1782929220, 2.3993901792564463e-06, 2.412084185480464e-06, 2.3993901792564463e-06, 2.412084185480464e-06, 3.52917052593435], [1782929580, 2.412084185480464e-06, 2.423686930640323e-06, 2.412084185480464e-06, 2.423686930640323e-06, 10.677724087426904], [1782931560, 2.423686930640323e-06, 2.440334500158406e-06, 2.4114712276730156e-06, 2.4114712276730156e-06, 3.05793033437764], [1782931800, 2.4114712276730156e-06, 2.4114712276730156e-06, 2.407996077374971e-06, 2.407996077374971e-06, 0.4944183806361293], [1782931860, 2.407996077374971e-06, 2.4438310250897694e-06, 2.407996077374971e-06, 2.4438310250897694e-06, 6.197754925017857], [1782932220, 2.4438310250897694e-06, 2.47217766736587e-06, 2.4438310250897694e-06, 2.47217766736587e-06, 19.760172749268435], [1782932400, 2.47217766736587e-06, 2.509360163328764e-06, 2.47217766736587e-06, 2.509360163328764e-06, 7.649453515966336], [1782932940, 2.509360163328764e-06, 2.5247236819732404e-06, 2.492446888195134e-06, 2.5247236819732404e-06, 1.3639600590901133], [1782933420, 2.5247236819732404e-06, 2.5247236819732404e-06, 2.4675674905507445e-06, 2.4675674905507445e-06, 16.823489192540062], [1782933540, 2.4675674905507445e-06, 2.488287141370372e-06, 2.4675674905507445e-06, 2.488287141370372e-06, 8.142394212962648], [1782933900, 2.488287141370372e-06, 2.4949842704976375e-06, 