{"pair": "GUtKZEfKb3qJnChMpPkp5gAwFvfCKQ4Q39KJhNEmTzZe", "n_bars": 3, "span": [1782949194.0, 1782958216.0], "bars": [[1782952500, 0.00014226497669604605, 0.00014260402810468658, 0.00014226497669604605, 0.00014260402810468658, 6.617868115247321], [1782952740, 0.00014260402810468658, 0.00014260402810468658, 1.1932258361065901e-05, 1.1932258361065901e-05, 21316.79705131291], [1782952800, 1.1932258361065901e-05, 1.1932258361065901e-05, 7.833354418340856e-06, 7.878688981016417e-06, 1649.9677502572438]]}