{"pair": "5Cu8SkrUTJDGiyX3f6npJTXSYuhHSwsZQmrR1mBmuwhN", "n_bars": 64, "span": [1782852914.0, 1782944657.0], "bars": [[1782853440, 7.205508904356224e-06, 7.205508904356224e-06, 7.2053530766993385e-06, 7.2053530766993385e-06, 0.23937434639775435], [1782853500, 7.2053530766993385e-06, 7.294174376786811e-06, 7.2053530766993385e-06, 7.294174376786811e-06, 3.292137819581397], [1782853560, 7.294174376786811e-06, 7.538357918192771e-06, 7.294174376786811e-06, 7.396867850818809e-06, 53.5725368852549], [1782853620, 7.396867850818809e-06, 7.464730389271874e-06, 7.396867850818809e-06, 7.464730389271874e-06, 0.002692907385066836], [1782854100, 7.464730389271874e-06, 7.464730389271874e-06, 7.284166819938056e-06, 7.284166819938056e-06, 34.94877283381848], [1782855000, 7.284166819938056e-06, 7.3588345612725024e-06, 7.27143697120855e-06, 7.27143697120855e-06, 0.24361513205078067], [1782855420, 7.27143697120855e-06, 7.277556789308943e-06, 7.27143697120855e-06, 7.277556789308943e-06, 0.2803499681955566], [1782855480, 7.277556789308943e-06, 7.277556789308943e-06, 7.264874762102331e-06, 7.264874762102331e-06, 3.368731028929337], [1782855960, 7.264874762102331e-06, 7.348459988140085e-06, 7.264874762102331e-06, 7.348459988140085e-06, 0.011198559741851867], [1782856080, 7.348459988140085e-06, 7.348533687433562e-06, 7.253828989283094e-06, 7.253828989283094e-06, 0.6185800844069859], [1782856500, 7.253828989283094e-06, 7.354356392726549e-06, 7.253828989283094e-06, 7.354356392726549e-06, 2.5494262761640027], [1782856740, 7.354356392726549e-06, 7.362716486048371e-06, 7.354356392726549e-06, 7.362716486048371e-06, 0.6888910483966095], [1782856800, 7.362716486048371e-06, 7.362716486048371e-06, 7.2793316816162046e-06, 7.2793316816162046e-06, 0.0024256903131919484], [1782856860, 7.2793316816162046e-06, 7.282851899150034e-06, 7.2793316816162046e-06, 7.282851899150034e-06, 0.0026627935631546996], [1782856920, 7.282851899150034e-06, 7.286171900364174e-06, 7.282851899150034e-06, 7.286171900364174e-06, 0.0026004431230514874], [1782857100, 7.286171900364174e-06, 7.292243863995778e-06, 7.286171900364174e-06, 7.292243863995778e-06, 0.002644243289407202], [1782857160, 7.292243863995778e-06, 7.296901555860234e-06, 7.292243863995778e-06, 7.296901555860234e-06, 0.002717076394035371], [1782857220, 7.296901555860234e-06, 7.387878277524137e-06, 7.296901555860234e-06, 7.387878277524137e-06, 0.932170762236914], [1782857340, 7.387878277524137e-06, 7.398691458976408e-06, 7.387878277524137e-06, 7.398691458976408e-06, 4.159269455861134], [1782857400, 7.398691458976408e-06, 7.470028592277646e-06, 7.308668633603686e-06, 7.470028592277646e-06, 27.16288645445104], [1782857460, 7.470028592277646e-06, 7.529804763286114e-06, 7.470028592277646e-06, 7.529804763286114e-06, 0.5325357775672419], [1782857580, 7.529804763286114e-06, 7.53223773380344e-06, 7.529804763286114e-06, 7.53223773380344e-06, 3.8351271312981505], [1782857700, 7.53223773380344e-06, 7.53223773380344e-06, 7.463227020511465e-06, 7.463227020511465e-06, 0.3450565161132168], [1782858900, 7.463227020511465e-06, 7.535085681243927e-06, 7.463227020511465e-06, 7.535085681243927e-06, 4.90398144596612], [1782859080, 7.535085681243927e-06, 7.5539313025599515e-06, 7.535085681243927e-06, 7.5539313025599515e-06, 1.96116565102831], [1782861600, 7.5539313025599515e-06, 7.5539313025599515e-06, 7.475141136977284e-06, 7.475141136977284e-06, 0.0026443412312705432], [1782861960, 7.475141136977284e-06, 7.475141136977284e-06, 7.472173756065175e-06, 7.472173756065175e-06, 5.588112483325563], [1782862080, 7.472173756065175e-06, 7.472173756065175e-06, 7.3150748092630936e-06, 7.3150748092630936e-06, 64.13204391165624], [1782862920, 7.3150748092630936e-06, 7.3150748092630936e-06, 7.1548159962756056e-06, 7.1548159962756056e-06, 1.6008963413406645], [1782863220, 7.1548159962756056e-06, 7.161207901581491e-06, 7.1548159962756056e-06, 7.161207901581491e-06, 0.33009990193424976], [1782865800, 7.161207901581491e-06, 1.0550580346211155e-05, 7.161207901581491e-06, 8.798860217023645e-06, 680.9069389725822], [1782866340, 8.798860217023645e-06, 8.798860217023645e-06, 7.211781577516041e-06, 7.319969785973889e-06, 706.5968336335151], [1782867060, 7.319969785973889e-06, 7.319969785973889e-06, 7.240179696232158e-06, 7.240179696232158e-06, 0.06142066074866655], [1782867720, 7.240179696232158e-06, 7.240179696232158e-06, 7.073917165757967e-06, 7.073917165757967e-06, 40.90077580320251], [1782868380, 7.073917165757967e-06, 7.073917165757967e-06, 6.9269094389637256e-06, 6.9269094389637256e-06, 3.1737452418500354], [1782868920, 6.9269094389637256e-06, 7.109497107866828e-06, 6.9269094389637256e-06, 7.109497107866828e-06, 0.8262945200248817], [1782869760, 7.109497107866828e-06, 7.120170705170704e-06, 7.109497107866828e-06, 7.120170705170704e-06, 1.8177348329217307], [1782871200, 7.120170705170704e-06, 7.120170705170704e-06, 7.035353708833045e-06, 7.035353708833045e-06, 24.339657942480052], [1782871740, 7.035353708833045e-06, 7.035353708833045e-06, 6.972299802353994e-06, 6.972299802353994e-06, 0.2209960562130464], [1782874140, 6.972299802353994e-06, 7.045597054818081e-06, 6.972299802353994e-06, 7.045597054818081e-06, 0.040453800154990636], [1782875160, 7.045597054818081e-06, 7.146298463067322e-06, 7.045597054818081e-06, 7.146298463067322e-06, 0.4903886995491241], [1782875580, 7.146298463067322e-06, 7.146298463067322e-06, 7.018077114916295e-06, 7.018077114916295e-06, 12.452970189293362], [1782877800, 7.018077114916295e-06, 7.018077114916295e-06, 6.921727291338991e-06, 6.9219123429521665e-06, 49.53533474791098], [1782878700, 6.9219123429521665e-06, 6.9219123429521665e-06, 6.848146649008919e-06, 6.848146649008919e-06, 1.678073350146651], [1782879060, 6.848146649008919e-06, 6.848146649008919e-06, 6.834373169007621e-06, 6.834373169007621e-06, 1.994194577112186], [1782880260, 6.834373169007621e-06, 6.930646233524406e-06, 6.834373169007621e-06, 6.930646233524406e-06, 0.37636067160173603], [1782882480, 6.930646233524406e-06, 6.940708402555184e-06, 6.930646233524406e-06, 6.940708402555184e-06, 2.158193568140773], [1782885480, 6.940708402555184e-06, 6.940708402555184e-06, 6.9267252384790865e-06, 6.9267252384790865e-06, 1.009743554657223], [1782889020, 6.9267252384790865e-06, 6.9267252384790865e-06, 6.887961582685203e-06, 6.887961582685203e-06, 19.684676028596026], [1782892800, 6.887961582685203e-06, 6.973929444891648e-06, 6.887961582685203e-06, 6.973929444891648e-06, 0.14580318811596585], [1782899100, 6.973929444891648e-06, 6.973929444891648e-06, 6.883963704725802e-06, 6.883963704725802e-06, 2.4831053656602813], [1782903240, 6.883963704725802e-06, 6.883963704725802e-06, 6.555127450723878e-06, 6.555127450723878e-06, 4.318269791298797], [1782908520, 6.555127450723878e-06, 6.555127450723878e-06, 6.498908463399474e-06, 6.498908463399474e-06, 0.9917407699977108], [1782912300, 6.498908463399474e-06, 6.498908463399474e-06, 6.458952016128121e-06, 6.458952016128121e-06, 37.83098271551393], [1782914160, 6.458952016128121e-06, 6.458952016128121e-06, 6.446266490919732e-06, 6.446266490919732e-06, 1.162612093748425], [1782914640, 6.446266490919732e-06, 6.4472398838590505e-06, 6.446266490919732e-06, 6.4472398838590505e-06, 0.03373551608551412], [1782916140, 6.4472398838590505e-06, 6.506640316407794e-06, 6.4472398838590505e-06, 6.506640316407794e-06, 0.08881568054952346], [1782920220, 6.506640316407794e-06, 6.665436298127749e-06, 6.506640316407794e-06, 6.665436298127749e-06, 1.7296079967746332], [1782921480, 6.665436298127749e-06, 6.691003560672724e-06, 6.665436298127749e-06, 6.691003560672724e-06, 3.754152016082348], [1782924660, 6.691003560672724e-06, 7.1315077693146956e-06, 6.691003560672724e-06, 6.962032066223056e-06, 103.98320051233594], [1782925080, 6.962032066223056e-06, 7.038176361565619e-06, 6.962032066223056e-06, 7.038176361565619e-06, 1.5023935479149921], [1782927060, 7.038176361565619e-06, 7.089080106450654e-06, 6.935396868334846e-06, 7.001711106055299e-06, 39.07000063298285], [1782931800, 7.001711106055299e-06, 