{"pair": "DwzRr47yKMAxm5LYdneyrBMLe3Fo2r4DhHUsJyYJw54f", "n_bars": 123, "span": [1782927202.0, 1782944359.0], "bars": [[1782927300, 0.00036376101721692904, 0.00036576183775021066, 0.00036376101721692904, 0.00036576183775021066, 35.42766366320709], [1782927360, 0.00036576183775021066, 0.0003666424073893588, 0.00036576183775021066, 0.0003666424073893588, 7.715910997634166], [1782927540, 0.0003666424073893588, 0.0003666424073893588, 0.00035899905737947935, 0.00035899905737947935, 223.74903844315722], [1782928020, 0.00035899905737947935, 0.00035899905737947935, 0.00035546602875141756, 0.00035546602875141756, 10.125852430163759], [1782928500, 0.00035546602875141756, 0.00035546602875141756, 0.0003553950348660859, 0.00035542179656950656, 1.84217290832962], [1782928620, 0.00035542179656950656, 0.00035542179656950656, 0.00035504337895888747, 0.00035504337895888747, 8.45513122026457], [1782928680, 0.00035504337895888747, 0.00035504337895888747, 0.00034760746132997823, 0.00034760746132997823, 262.06976603983924], [1782928740, 0.00034760746132997823, 0.00034760746132997823, 0.00034473446962080993, 0.00034473446962080993, 90.84897083641486], [1782928920, 0.00034473446962080993, 0.00034819272048176067, 0.0003430526162330626, 0.0003439703554743806, 400.81949555853004], [1782928980, 0.0003439703554743806, 0.0003492934586757727, 0.0003439703554743806, 0.0003492934586757727, 86.52473322219929], [1782929040, 0.0003492934586757727, 0.0003492934586757727, 0.00028411981479310066, 0.000307651038642145, 4522.258200535253], [1782929100, 0.000307651038642145, 0.00031341366813524317, 0.000307651038642145, 0.00031341366813524317, 197.64994879508095], [1782929160, 0.00031341366813524317, 0.00032446513002476403, 0.00031341366813524317, 0.00031815737381140637, 681.7808232051698], [1782929280, 0.00031815737381140637, 0.0003185746339598366, 0.00031786195190135436, 0.0003185746339598366, 52.110992911997954], [1782929460, 0.0003185746339598366, 0.0003185795932115022, 0.0003185746339598366, 0.0003185795932115022, 7.684864338927548], [1782929700, 0.0003185795932115022, 0.0003185795932115022, 0.00031481277202016577, 0.00031481277202016577, 7.884136864991232], [1782929760, 0.00031481277202016577, 0.00031481277202016577, 0.00031449944510150143, 0.00031449944510150143, 1.5643180422127458], [1782929880, 0.00031449944510150143, 0.00031492679556665854, 0.00031449944510150143, 0.00031492679556665854, 2.2070165203662198], [1782930000, 0.00031492679556665854, 0.00031527101264642763, 0.00031492679556665854, 0.00031527101264642763, 2.930421233143977], [1782930060, 0.00031527101264642763, 0.00031527101264642763, 0.00031322997312271033, 0.00031322997312271033, 90.99998920813658], [1782930120, 0.00031322997312271033, 0.00031322997312271033, 0.00031185125704076663, 0.00031185125704076663, 8.054232760546965], [1782930180, 0.00031185125704076663, 0.00031406768980008203, 0.0003106395266317243, 0.00031406768980008203, 143.00194009355846], [1782930360, 0.00031406768980008203, 0.00031406768980008203, 0.00031116608100430833, 0.00031116608100430833, 7.544739648305139], [1782930780, 0.00031116608100430833, 0.00031116608100430833, 0.00029931695219024743, 0.00029931695219024743, 645.2038008002429], [1782930840, 0.00029931695219024743, 0.0003022293853783975, 0.0002990806302103065, 0.0003021132576495778, 291.16780933949843], [1782930960, 0.0003021132576495778, 0.0003149456631190757, 0.0003021132576495778, 0.0003149456631190757, 459.18416937461024], [1782931020, 0.0003149456631190757, 0.0003149456631190757, 0.0003085861711723738, 0.0003085861711723738, 199.4734829391634], [1782931140, 0.0003085861711723738, 0.00031087733515804166, 0.0003085861711723738, 0.00031087733515804166, 76.30328372552485], [1782931320, 0.00031087733515804166, 0.00031087733515804166, 0.00030508147657916075, 0.00030508147657916075, 231.2006092866406], [1782931800, 0.00030508147657916075, 0.00030508147657916075, 0.00030096789414190675, 0.00030096789414190675, 8.126133141831483], [1782931860, 0.00030096789414190675, 0.00030096789414190675, 0.0003008618669815684, 0.0003008618669815684, 19.157789694262107], [1782932040, 0.0003008618669815684, 0.0003008618669815684, 0.00029585505407013084, 0.00029585505407013084, 273.77137065000403], [1782932220, 0.00029585505407013084, 0.00029865630018986007, 0.00029585505407013084, 0.00029865630018986007, 91.46318219120948], [1782932400, 0.00029865630018986007, 0.00029889162168951456, 0.00029865630018986007, 0.00029889162168951456, 7.666411257855992], [1782932580, 0.00029889162168951456, 0.0003093907860887077, 0.00029889162168951456, 0.0003093907860887077, 704.4438544526342], [1782933000, 0.0003093907860887077, 0.0003093907860887077, 0.0003093544514984818, 0.0003093544514984818, 390.8337165377068], [1782933060, 0.0003093544514984818, 0.0003093544514984818, 0.0003034449168883674, 0.0003034449168883674, 23.600135667353076], [1782933360, 0.0003034449168883674, 0.0003034449168883674, 0.0003023873221900428, 0.00030278064779987196, 29.32787348787384], [1782933480, 0.00030278064779987196, 0.0003077680159738584, 0.00030278064779987196, 0.0003077680159738584, 88.97215143967587], [1782933720, 0.0003077680159738584, 0.00030851715883633125, 0.0003077680159738584, 0.00030851715883633125, 7.671990433987696], [1782933780, 0.00030851715883633125, 0.00030851715883633125, 0.0003036933441424974, 0.0003036933441424974, 74.0859183646207], [1782933840, 0.0003036933441424974, 0.0003065123775005475, 0.0003036933441424974, 0.0003065123775005475, 1.5338454696925092], [1782934140, 0.0003065123775005475, 0.0003065123775005475, 0.000294483024856357, 0.000294483024856357, 568.7863643350229], [1782934500, 0.000294483024856357, 0.000294483024856357, 0.0002866691433273326, 0.0002866691433273326, 30.524191267664623], [1782934560, 0.0002866691433273326, 0.0002866691433273326, 0.0002856884499177608, 0.0002856884499177608, 20.23821358964199], [1782934620, 0.0002856884499177608, 0.0002856884499177608, 0.00028566764869330743, 0.00028566764869330743, 1.1796651406120253], [1782934680, 0.00028566764869330743, 0.00029335677975009656, 0.00028566764869330743, 0.0002892664866018451, 208.76623639171743], [1782934740, 0.0002892664866018451, 0.0002921777179358761, 0.0002892664866018451, 0.0002921777179358761, 0.9199887300186343], [1782934860, 0.0002921777179358761, 0.0002921777179358761, 0.00028835013576790456, 0.00028835013576790456, 1.3169740246444455], [1782935100, 0.00028835013576790456, 0.0003220029991349094, 0.00028835013576790456, 0.0003186191778725872, 1582.1113709853532], [1782935160, 0.0003186191778725872, 0.00032128817343814436, 0.0003186191778725872, 0.00032128817343814436, 27.726048530464784], [1782935280, 0.00032128817343814436, 0.00032128817343814436, 0.0003079236948582564, 0.0003079236948582564, 479.5236396455846], [1782935460, 0.0003079236948582564, 0.0003079236948582564, 0.00030314899037616236, 0.00030314899037616236, 107.9210405739138], [1782935640, 0.00030314899037616236, 0.00030314899037616236, 0.00030122815386185843, 0.00030122815386185843, 0.7449073730915564], [1782935760, 0.00030122815386185843, 0.0003066028563540776, 0.00029988302801863627, 0.0003066028563540776, 250.37396006255145], [1782935820, 0.0003066028563540776, 0.00031013904708384476, 0.0003066028563540776, 0.00031013904708384476, 295.9320209954928], [1782935940, 0.00031013904708384476, 0.0003218903071687266, 0.00031013904708384476, 0.0003218903071687266, 283.1778654358281], [1782936300, 0.0003218903071687266, 0.0003218903071687266, 0.0003139008992153552, 0.0003139008992153552, 245.64029248008518], [1782936600, 0.0003139008992153552, 0.0003150580997847618, 0.0003139008992153552, 0.0003150580997847618, 42.19100136181067], [1782936660, 0.0003150580997847618, 0.00031565867943485, 0.0003150580997847618, 0.00031565867943485, 1.4766555707328914], [1782936720, 0.00031565867943485, 0.00031576888132264953, 0.00031181389249164193, 0.00031576888132264953, 2.7624104378918877], [1782936900, 0.00031576888132264953, 0.00031576888132264953, 0.0003120202650664778, 0.0003120202650664778, 