{"pair": "8pdvatckoFSPgqTMwib7cBkUTPXYdQERXw11NrafgTSK", "n_bars": 141, "span": [1782820941.0, 1782944447.0], "bars": [[1782820980, 0.00017183590018372312, 0.00017753105910705324, 0.00016072819951795333, 0.00016794040875802455, 10275.310803388784], [1782821040, 0.00016794040875802455, 0.0001926067066754569, 0.00015826426479059673, 0.00015945067548848099, 12816.444750660572], [1782821100, 0.00015945067548848099, 0.0001695762275260071, 0.000116434990337492, 0.00013484527647844246, 11248.252780660096], [1782821160, 0.00013484527647844246, 0.00016985622494859715, 0.00012958958623309394, 0.00015691699196681785, 14522.260126570432], [1782821220, 0.00015691699196681785, 0.00018757434270482063, 0.00015691699196681785, 0.00017289389658072064, 15030.470860570396], [1782821280, 0.00017289389658072064, 0.0002528897363396995, 0.00017171274509635408, 0.0002272815977683885, 16518.302880395793], [1782821340, 0.0002272815977683885, 0.0002676866485701312, 0.00021453819106512302, 0.00024370945179546987, 22601.938559564453], [1782821400, 0.00024370945179546987, 0.00025081889622038825, 0.000217504505254356, 0.00022377215589951334, 20973.022427988595], [1782821460, 0.00022377215589951334, 0.00024057134534676198, 0.0001797043764619837, 0.00018168315443399706, 13574.96476261588], [1782821520, 0.00018168315443399706, 0.00019494360693490692, 0.00017444683925093419, 0.00018602646752764648, 12848.13293202935], [1782821580, 0.00018602646752764648, 0.00018602646752764648, 0.0001443945465250081, 0.0001486366949191184, 11002.610513980319], [1782821640, 0.0001486366949191184, 0.00015375506400937202, 9.572753529934917e-05, 0.00010721912756512606, 13038.335919514488], [1782821700, 0.00010721912756512606, 0.00013415399174670622, 0.00010721912756512606, 0.00011956925390741208, 8933.579656378355], [1782821760, 0.00011956925390741208, 0.00015515130730710705, 0.0001077193011985745, 0.00015515130730710705, 8160.915123993707], [1782821820, 0.00015515130730710705, 0.00017663673772977886, 0.00014550731044957806, 0.00015522199543514657, 13389.306816450655], [1782821880, 0.00015522199543514657, 0.000162986210214265, 0.000118207109723563, 0.0001410797846649742, 11068.467021507646], [1782821940, 0.0001410797846649742, 0.00017044796111245216, 0.00014000026672556038, 0.00014941575187560173, 13610.40447747021], [1782822000, 0.00014941575187560173, 0.00016983849936766463, 0.0001419969892199209, 0.00016385615033919266, 15596.378742945008], [1782822060, 0.00016385615033919266, 0.00018500624961735569, 0.00015472876499575083, 0.0001643325197135727, 21225.394239397112], [1782822120, 0.0001643325197135727, 0.00018171965507930596, 0.00014353928548504078, 0.0001593506814448448, 20497.949266583735], [1782822180, 0.0001593506814448448, 0.00016150155156703362, 0.0001429975688383391, 0.0001556086803254704, 12673.490843454714], [1782822240, 0.0001556086803254704, 0.00016522376306199517, 0.0001325250878365748, 0.00013899340680043848, 19948.852063029724], [1782822300, 0.00013899340680043848, 0.00016934495862590412, 0.00012002033865055639, 0.00012696502997409137, 12953.348124937507], [1782822360, 0.00012696502997409137, 0.0001480569531109519, 0.00011878876969169538, 0.00013947458353258645, 15149.511416634], [1782822420, 0.00013947458353258645, 0.00018117195885706676, 0.00013947458353258645, 0.0001637471861540066, 15104.360795586745], [1782822480, 0.0001637471861540066, 0.0001796996415002724, 0.00015895084404483103, 0.00017431275719474612, 9982.94304777576], [1782822540, 0.00017431275719474612, 0.0001989177282304444, 0.0001684869268910496, 0.00018708652927533273, 16235.298238500238], [1782822600, 0.00018708652927533273, 0.00020474261882313038, 0.00016758577272928688, 0.00017678451912183087, 16025.131351906803], [1782822660, 0.00017678451912183087, 0.00020042641206889379, 0.0001766282757848853, 0.00018697048345584644, 16329.679300087151], [1782822720, 0.00018697048345584644, 0.0002077112860279609, 0.00018348785185971482, 0.00020223427809404172, 20384.160109811928], [1782822780, 0.00020223427809404172, 0.00021277784235820547, 0.00016761830333422682, 0.00017525095213991433, 8445.171159263322], [1782822840, 0.00017525095213991433, 0.00019228955688439935, 0.00012215419618947945, 0.00014454024684200638, 12463.711177615758], [1782822900, 0.00014454024684200638, 0.00016725996723540462, 0.00013087183531041032, 0.00016350593984514175, 19145.45396545898], [1782822960, 0.00016350593984514175, 0.00021793491213145173, 0.00016229107841698266, 0.00018453207888118931, 17042.803103963543], [1782823020, 0.00018453207888118931, 0.0001929649709320902, 0.0001624145272573177, 0.00017053220874316822, 11673.401960004254], [1782823080, 0.00017053220874316822, 0.0001789831256319968, 0.00014238182998414268, 0.00014238182998414268, 17957.07538672104], [1782823140, 0.00014238182998414268, 0.00016016683426388, 0.0001065624328335448, 0.0001160815718345333, 13676.142402462627], [1782823200, 0.0001160815718345333, 0.00013776190548056647, 0.0001160815718345333, 0.00012286749925974309, 13840.777065624834], [1782823260, 0.00012286749925974309, 0.0001276029275007442, 8.579062820007555e-05, 9.32764564730356e-05, 9135.174650475292], [1782823320, 9.32764564730356e-05, 0.00010856713812140569, 9.260995675468357e-05, 0.00010588803002031424, 10460.523069133937], [1782823380, 0.00010588803002031424, 0.00012051223861246181, 7.527716466319888e-05, 9.028625870875286e-05, 12045.751044103912], [1782823440, 9.028625870875286e-05, 9.028625870875286e-05, 5.576529680770659e-05, 5.6478868103194415e-05, 10465.883470515913], [1782823500, 5.6478868103194415e-05, 7.115059110987808e-05, 4.174195467629835e-05, 5.1989266524521874e-05, 10468.595931463653], [1782823560, 5.1989266524521874e-05, 5.452665197127702e-05, 2.749323397391181e-05, 2.8743801748275035e-05, 6090.103129822364], [1782823620, 2.8743801748275035e-05, 3.349052796622533e-05, 2.2108749581800333e-05, 3.349052796622533e-05, 2510.9069324955326], [1782823680, 3.349052796622533e-05, 3.349052796622533e-05, 1.753691343407096e-05, 2.008029659545143e-05, 2161.2519909657894], [1782823740, 2.008029659545143e-05, 2.295665653491703e-05, 1.8427875279263813e-05, 1.8970373019361733e-05, 1681.2247721414267], [1782823800, 1.8970373019361733e-05, 1.952358446963874e-05, 1.8901433536990761e-06, 2.1311573077224148e-06, 3990.638395836941], [1782823860, 2.1311573077224148e-06, 2.2652022771959454e-06, 2.054639150332186e-06, 2.054639150332186e-06, 226.36877144190277], [1782823920, 2.054639150332186e-06, 2.598108897316864e-06, 1.969698459188332e-06, 2.4803669286415583e-06, 427.68837981538024], [1782823980, 2.4803669286415583e-06, 2.545442054890453e-06, 2.4803669286415583e-06, 2.5191412970795744e-06, 58.26285983446263], [1782824040, 2.5191412970795744e-06, 2.549271245886807e-06, 2.4827095056349944e-06, 2.4886029636842705e-06, 46.102165110205256], [1782824100, 2.4886029636842705e-06, 2.5033158198789213e-06, 2.4719420438247947e-06, 2.4719420438247947e-06, 3.1157183790538903], [1782824160, 2.4719420438247947e-06, 2.494774831394976e-06, 2.4666908691534056e-06, 2.494774831394976e-06, 1.2072580652122293], [1782824220, 2.494774831394976e-06, 2.517665277447832e-06, 2.480138188915013e-06, 2.517665277447832e-06, 13.467920187456667], [1782824280, 2.517665277447832e-06, 2.5218314819614145e-06, 2.490068628652565e-06, 2.490068628652565e-06, 0.8337077753048093], [1782824340, 2.490068628652565e-06, 2.490068628652565e-06, 2.3931500430685893e-06, 2.3931500430685893e-06, 72.50899296344042], [1782824400, 2.3931500430685893e-06, 2.3931500430685893e-06, 2.2603353164101786e-06, 2.2603353164101786e-06, 20.82196914737127], [1782824460, 2.2603353164101786e-06, 2.286776972224765e-06, 2.2603353164101786e-06, 2.286776972224765e-06, 0.7589868998768354], [1782824520, 2.286776972224765e-06, 2.455106241613558e-06, 2.286776972224765e-06, 2.4541212865815676e-06, 80.7122103914853], [1782824580, 2.4541212865815676e-06, 2.490077463081388e-06, 2.4541212865815676e-06, 2.490077463081388e-06, 7.04343794250506], [1782824640, 2.490077463081388e-06, 2.490077463081388e-06, 