{"pair": "64uYz2gdsTVZ7hC6gfPGWDBXKdCJubtEv463rrnXmSg3", "n_bars": 128, "span": [1782932408.0, 1782949367.0], "bars": [[1782932460, 0.0025876358822431223, 0.002838136393644907, 0.002566007992079211, 0.0028374542946948563, 8621.870054422536], [1782932520, 0.0028374542946948563, 0.002843481445666806, 0.0025891498309288693, 0.0026087699113969847, 12486.362514763969], [1782932580, 0.0026087699113969847, 0.0026089266351050984, 0.0019655024241210643, 0.0019905618848695354, 14945.537257271391], [1782932640, 0.0019905618848695354, 0.0022689822192738097, 0.0019905618848695354, 0.002215175494439113, 9182.68903321774], [1782932700, 0.002215175494439113, 0.002215175494439113, 0.0011134622312578952, 0.0011517671015561308, 26334.727685726233], [1782932760, 0.0011517671015561308, 0.0014083950124177775, 0.0011517671015561308, 0.0014047708855839324, 7411.815038527649], [1782932820, 0.0014047708855839324, 0.0014115533651433037, 0.0009156991473357663, 0.0010073054132942263, 17677.414245160577], [1782932880, 0.0010073054132942263, 0.00121118893118939, 0.0009889516171969594, 0.0011880387694651173, 6847.847106041452], [1782932940, 0.0011880387694651173, 0.0013026414156261405, 0.0011742884349246134, 0.0012767931707523621, 9663.247286684933], [1782933000, 0.0012767931707523621, 0.001277197694955867, 0.001076977889861396, 0.0012429809604337847, 9743.70303776518], [1782933060, 0.0012429809604337847, 0.0016381673359349808, 0.0012429809604337847, 0.001521604259299507, 10021.24425165431], [1782933120, 0.001521604259299507, 0.001653585796135355, 0.0014927257594706254, 0.00164608931177891, 5912.293696214383], [1782933180, 0.00164608931177891, 0.0016745016105774977, 0.0009227944271909728, 0.0009870000734713434, 22965.01538076894], [1782933240, 0.0009870000734713434, 0.0010850662708908577, 0.0006925525485485594, 0.0007835920114041867, 13582.796334019633], [1782933300, 0.0007835920114041867, 0.000945238286170706, 0.0007835920114041867, 0.0009450898666228812, 5322.19479341267], [1782933360, 0.0009450898666228812, 0.0011043796360804558, 0.0009344415641455191, 0.0010907270751681364, 3816.8556965868293], [1782933420, 0.0010907270751681364, 0.0013977514195444574, 0.0010907270751681364, 0.0013048796004937345, 7415.096437022242], [1782933480, 0.0013048796004937345, 0.0013771922810851755, 0.0011522456311494514, 0.0012159520171816285, 8185.451678044966], [1782933540, 0.0012159520171816285, 0.0012871934200066424, 0.0011740135705605567, 0.0012705448929442565, 3686.9137129667397], [1782933600, 0.0012705448929442565, 0.0014628305393524542, 0.0012562754441004735, 0.0014451393221715043, 3878.9197584527687], [1782933660, 0.0014451393221715043, 0.0017562704407353105, 0.001426093956591638, 0.0017410960084730002, 11548.569288752977], [1782933720, 0.0017410960084730002, 0.001752208642883325, 0.0014677830399843787, 0.0015014093993057124, 11318.581413259046], [1782933780, 0.0015014093993057124, 0.0018163390958201185, 0.0015014093993057124, 0.0018123010684798254, 6355.1451139992705], [1782933840, 0.0018123010684798254, 0.001999346553212951, 0.0018123010684798254, 0.001877126681536144, 7286.229496753185], [1782933900, 0.001877126681536144, 0.0018938366262858473, 0.0016577264512869234, 0.0017197324840348784, 10467.886743860838], [1782933960, 0.0017197324840348784, 0.0021456599698261693, 0.0017197324840348784, 0.0021456599698261693, 7515.68743716936], [1782934020, 0.0021456599698261693, 0.002457378575711096, 0.0021234303645524403, 0.0023525255079230594, 6993.810234054347], [1782934080, 0.0023525255079230594, 0.0024456358026307286, 0.002296307702114638, 0.0024165194268724317, 7718.9711098947755], [1782934140, 0.0024165194268724317, 0.002820619399525426, 0.0024165194268724317, 0.002665934780001709, 9675.808614184783], [1782934200, 0.002665934780001709, 0.0028173688968562505, 0.0023900520642382204, 0.002446555713510694, 14997.025152504593], [1782934260, 0.002446555713510694, 0.002776581750723511, 0.002446555713510694, 0.0027711828786249784, 4313.71721443879], [1782934320, 0.0027711828786249784, 0.002775345061631164, 0.002453056396244906, 0.0027032512279402203, 8185.978417523376], [1782934380, 0.0027032512279402203, 0.0028947533058245292, 0.002647149390940801, 0.002864083415902715, 5179.97869573461], [1782934440, 0.002864083415902715, 0.0031128148438812633, 0.001986675209520656, 0.001992040330185696, 21993.302208305504], [1782934500, 0.001992040330185696, 0.00217521278896581, 0.0019914860126266742, 0.002175108240220592, 3135.988885831793], [1782934560, 0.002175108240220592, 0.0022606608632473346, 0.001251674041066531, 0.0013710883195808617, 23559.313291097267], [1782934620, 0.0013710883195808617, 0.001487580709687225, 0.0011545115251549761, 0.001167190160373782, 11754.365134871385], [1782934680, 0.001167190160373782, 0.001167190160373782, 0.00039149506611686286, 0.0004202818934175697, 34526.00817216154], [1782934740, 0.0004202818934175697, 0.0004202818934175697, 0.00021413281078980833, 0.0002671898145775004, 15491.605837776478], [1782934800, 0.0002671898145775004, 0.00040743565842030845, 0.0002671898145775004, 0.00040743196003606446, 7091.123824017389], [1782934860, 0.00040743196003606446, 0.00041102226949811033, 0.00028271410535048223, 0.00030019477085849107, 13585.207658892998], [1782934920, 0.00030019477085849107, 0.0003417195401027493, 0.0002788119496040885, 0.0003298027228055963, 11172.790877821104], [1782934980, 0.0003298027228055963, 0.00037577187650965463, 0.0003298027228055963, 0.0003738705084545462, 1188.1351549387612], [1782935040, 0.0003738705084545462, 0.00038187230001410097, 0.000328195924247632, 0.0003297463766919498, 4198.558622917615], [1782935100, 0.0003297463766919498, 0.00034452426049861766, 0.0001482060727618616, 0.0001482060727618616, 11546.975927317386], [1782935160, 0.0001482060727618616, 0.00020019643592084812, 0.00014743743176403933, 0.00018300799130437523, 4112.3015033165175], [1782935220, 0.00018300799130437523, 0.00018994454345940765, 9.173913780008732e-05, 9.361366659049085e-05, 6355.50164876637], [1782935280, 9.361366659049085e-05, 0.00012581481698645017, 9.361366659049085e-05, 0.00012503377660220066, 2220.045468440396], [1782935340, 0.00012503377660220066, 0.0001402359826609662, 7.06652539279202e-05, 7.089482845835909e-05, 5345.553323559563], [1782935400, 7.089482845835909e-05, 7.593270956385329e-05, 3.445283636147743e-05, 3.507268971503462e-05, 1650.225983205053], [1782935460, 3.507268971503462e-05, 3.654776478624203e-05, 3.507268971503462e-05, 3.588182896494504e-05, 188.46848142391326], [1782935520, 3.588182896494504e-05, 3.904657227366443e-05, 3.586038153779137e-05, 3.904657227366443e-05, 292.3626995769606], [1782935580, 3.904657227366443e-05, 4.092049245413955e-05, 1.9647945386379234e-05, 1.9647945386379234e-05, 2718.4672429585553], [1782935640, 1.9647945386379234e-05, 1.9855170281777847e-05, 1.0476018902583689e-05, 1.0476018902583689e-05, 1611.6951869768868], [1782935700, 1.0476018902583689e-05, 1.0702767189147783e-05, 5.32377404286068e-06, 5.518855162902764e-06, 1211.6414705495436], [1782935760, 5.518855162902764e-06, 5.854325508118603e-06, 4.0566954087675126e-06, 4.324920449103058e-06, 969.4188415908541], [1782935820, 4.324920449103058e-06, 4.879319993921059e-06, 2.954895602617309e-06, 3.017214474819629e-06, 840.5538669175538], [1782935880, 3.017214474819629e-06, 3.2400258086566906e-06, 2.6430436048148763e-06, 2.7097683397209207e-06, 279.6693180398234], [1782935940, 2.7097683397209207e-06, 2.7097683397209207e-06, 2.1863526437299004e-06, 2.186452720235606e-06, 239.2563966810248], [1782936000, 2.186452720235606e-06, 2.958213815873352e-06, 2.186452720235606e-06, 2.958213815873352e-06, 301.03010057728386], [1782936060, 2.958213815873352e-06, 3.3618100811649175e-06, 2.958213815873352e-06, 3.3618100811649175e-06, 147.5943184346978], [1782936120, 3.3618100811649175e-06, 3.4453037096037084e-06, 3.302676632820946e-06, 3.388135889163947e-06, 137.85075884387746], [1782936180, 3.388135889163947e-06, 3.453683405370027e-06, 3.388135889163947e-06, 3.4248081103256916e-06, 