{"pair": "F3k8rD5CSNMbXyD8UBShcn7rBkGdGiJcukvwxRGHS7Tc", "n_bars": 82, "span": [1782923728.0, 1782944680.0], "bars": [[1782924480, 2.1930228556640253e-05, 2.1930228556640253e-05, 2.1797348146213486e-05, 2.1797348146213486e-05, 1.1478725500490483], [1782924720, 2.1797348146213486e-05, 2.1797348146213486e-05, 2.1453814237638688e-05, 2.1453814237638688e-05, 0.6685413769774023], [1782924900, 2.1453814237638688e-05, 2.1627902644389566e-05, 2.138548865211056e-05, 2.1627902644389566e-05, 0.3718972262522042], [1782924960, 2.1627902644389566e-05, 2.1627902644389566e-05, 2.1616885860661862e-05, 2.1616885860661862e-05, 0.0521038995944667], [1782925440, 2.1616885860661862e-05, 2.1616885860661862e-05, 2.1361861717556534e-05, 2.1361861717556534e-05, 2.167888541126887], [1782925920, 2.1361861717556534e-05, 2.2031834314680086e-05, 2.1361861717556534e-05, 2.2031834314680086e-05, 98.07537758660314], [1782925980, 2.2031834314680086e-05, 2.2562081283866372e-05, 2.2031834314680086e-05, 2.2508831771037082e-05, 30.713619985136578], [1782926100, 2.2508831771037082e-05, 2.2508831771037082e-05, 2.2315208862617708e-05, 2.2315208862617708e-05, 1.9585868417770378], [1782926220, 2.2315208862617708e-05, 2.2315208862617708e-05, 2.2285782190894674e-05, 2.2285782190894674e-05, 2.680565402507712], [1782926340, 2.2285782190894674e-05, 2.2619100145781812e-05, 2.2285782190894674e-05, 2.232577125126241e-05, 5.174906500861145], [1782926400, 2.232577125126241e-05, 2.2364384789955698e-05, 2.232577125126241e-05, 2.2364384789955698e-05, 3.4450866445978274], [1782926460, 2.2364384789955698e-05, 2.273853860976296e-05, 2.2364384789955698e-05, 2.273853860976296e-05, 28.226466847965526], [1782926580, 2.273853860976296e-05, 2.273853860976296e-05, 2.2538863704180665e-05, 2.261990211048579e-05, 0.8728985956920927], [1782927180, 2.261990211048579e-05, 2.2856001390685045e-05, 2.261990211048579e-05, 2.2856001390685045e-05, 4.574723752660301], [1782927300, 2.2856001390685045e-05, 2.2856001390685045e-05, 2.0636855424005492e-05, 2.0636855424005492e-05, 308.06845254727887], [1782927360, 2.0636855424005492e-05, 2.093497695005008e-05, 2.0636855424005492e-05, 2.093497695005008e-05, 12.550280822638586], [1782927540, 2.093497695005008e-05, 2.093497695005008e-05, 2.0347126677753712e-05, 2.034812514277547e-05, 92.43174873185708], [1782927600, 2.034812514277547e-05, 2.0454121360046125e-05, 2.034812514277547e-05, 2.0454121360046125e-05, 24.680400313182655], [1782927780, 2.0454121360046125e-05, 2.0454121360046125e-05, 2.0136467213038872e-05, 2.0136467213038872e-05, 41.269753047371175], [1782927840, 2.0136467213038872e-05, 2.0251238897100063e-05, 2.0136467213038872e-05, 2.0251238897100063e-05, 0.07679308560777212], [1782928140, 2.0251238897100063e-05, 2.0269018622709208e-05, 2.0251238897100063e-05, 2.0269018622709208e-05, 0.05014570040126086], [1782928200, 2.0269018622709208e-05, 2.0269018622709208e-05, 1.990888863840364e-05, 2.004594475499983e-05, 32.801436532520036], [1782928320, 2.004594475499983e-05, 2.004594475499983e-05, 2.0043515633728672e-05, 2.0043515633728672e-05, 0.07680584058992294], [1782928680, 2.0043515633728672e-05, 2.0043515633728672e-05, 1.9794869533086658e-05, 1.9794869533086658e-05, 0.9293153612178949], [1782928740, 1.9794869533086658e-05, 2.0028984110505027e-05, 1.9794869533086658e-05, 2.0028984110505027e-05, 0.05115267732739631], [1782928800, 2.0028984110505027e-05, 2.00453169480074e-05, 2.0028984110505027e-05, 2.00453169480074e-05, 0.05103483195754965], [1782929280, 2.00453169480074e-05, 2.00453169480074e-05, 1.877210195673197e-05, 1.878035156130246e-05, 195.12030957525297], [1782929340, 1.878035156130246e-05, 1.878035156130246e-05, 1.877851006360122e-05, 1.877851006360122e-05, 0.030430312208240648], [1782929400, 1.877851006360122e-05, 1.877851006360122e-05, 1.8774347703897538e-05, 1.8774347703897538e-05, 5.043919740243866], [1782929580, 1.8774347703897538e-05, 1.8814301944847434e-05, 1.8574596193936077e-05, 1.8814301944847434e-05, 1.665853571889841], [1782929760, 1.8814301944847434e-05, 1.8814301944847434e-05, 1.8789696732016024e-05, 1.8789696732016024e-05, 1.6136846274475933], [1782930240, 1.8789696732016024e-05, 1.8789696732016024e-05, 1.850736845057375e-05, 1.850736845057375e-05, 12.696153476204758], [1782930660, 1.850736845057375e-05, 1.850736845057375e-05, 1.8388126622935896e-05, 1.8388126622935896e-05, 20.005110585552536], [1782931560, 1.8388126622935896e-05, 1.8586936483057382e-05, 1.8388126622935896e-05, 1.8586936483057382e-05, 0.9672811200466676], [1782931740, 1.8586936483057382e-05, 1.8586936483057382e-05, 1.8259852391065787e-05, 1.8456384912174922e-05, 31.300370338565518], [1782931980, 1.8456384912174922e-05, 1.8456384912174922e-05, 1.8446126223631352e-05, 1.8446126223631352e-05, 2.4561523326048733], [1782932580, 1.8446126223631352e-05, 1.859308309193295e-05, 1.8446126223631352e-05, 1.859308309193295e-05, 20.515707525636508], [1782932880, 1.859308309193295e-05, 1.8855536829059346e-05, 1.859308309193295e-05, 1.8855536829059346e-05, 75.97409412534724], [1782932940, 1.8855536829059346e-05, 1.9324939658520065e-05, 1.8855536829059346e-05, 1.9324939658520065e-05, 36.17515283255284], [1782933480, 1.9324939658520065e-05, 1.9324939658520065e-05, 1.896920259825677e-05, 1.896920259825677e-05, 32.252434543446675], [1782933900, 1.896920259825677e-05, 1.896920259825677e-05, 1.8836507510742115e-05, 1.8836507510742115e-05, 4.4448788311450755], [1782934080, 1.8836507510742115e-05, 1.8836507510742115e-05, 1.7746428451364403e-05, 1.7952577618653314e-05, 165.0346087896096], [1782934800, 1.7952577618653314e-05, 1.7978378839117293e-05, 1.7952577618653314e-05, 1.7978378839117293e-05, 0.04082937182222048], [1782934860, 1.7978378839117293e-05, 1.7978378839117293e-05, 1.79579286074186e-05, 1.79579286074186e-05, 0.4788321726084827], [1782935220, 1.79579286074186e-05, 1.79579286074186e-05, 1.7951039431593727e-05, 1.7951039431593727e-05, 3.7252266843336583], [1782935940, 1.7951039431593727e-05, 1.8597800872381384e-05, 1.7951039431593727e-05, 1.8597800872381384e-05, 113.42566748704427], [1782936000, 1.8597800872381384e-05, 1.8625521097334098e-05, 1.8597800872381384e-05, 1.8625521097334098e-05, 0.7533164556829023], [1782936120, 1.8625521097334098e-05, 1.8625521097334098e-05, 1.8355629706913254e-05, 1.8355629706913254e-05, 0.1624163504426182], [1782936360, 1.8355629706913254e-05, 1.8355629706913254e-05, 1.8350015397457478e-05, 1.8350015397457478e-05, 6.7305385750536075], [1782936600, 1.8350015397457478e-05, 1.8350015397457478e-05, 1.8305243959997598e-05, 1.8305243959997598e-05, 1.0016274486487322], [1782936660, 1.8305243959997598e-05, 1.8305243959997598e-05, 1.8254855752096502e-05, 1.8254855752096502e-05, 14.78618937279201], [1782936840, 1.8254855752096502e-05, 1.8254855752096502e-05, 1.824473584592123e-05, 1.824473584592123e-05, 0.5838315470694794], [1782936900, 1.824473584592123e-05, 1.8446560476442044e-05, 1.824473584592123e-05, 1.8446560476442044e-05, 2.9017410250562485], [1782937200, 1.8446560476442044e-05, 1.8446560476442044e-05, 1.8191419230310764e-05, 1.8191419230310764e-05, 4.007422741971824], [1782937260, 1.8191419230310764e-05, 1.8191419230310764e-05, 1.785679923952698e-05, 1.785679923952698e-05, 54.87570820908592], [1782937800, 1.785679923952698e-05, 1.811468259477954e-05, 1.785679923952698e-05, 1.811468259477954e-05, 3.7576690894914315], [1782937980, 1.811468259477954e-05, 1.8169216449250625e-05, 1.811468259477954e-05, 1.8169216449250625e-05, 2.223440465552572], [1782938100, 1.8169216449250625e-05, 1.8169216449250625e-05, 1.7874406647577023e-05, 1.7874406647577023e-05, 22.60362092597826], [1782938280, 1.7874406647577023e-05, 1.7874406647577023e-05, 1.7626915673936655e-05, 1.7626915673936655e-05, 56.79603384160353], [1782938340, 1.7626915673936655e-05, 1.7626915673936655e-05, 1.7301042088108578e-05, 1.7491775901447336e-05, 29.81000411198988], [1782938400, 1.7491775901447336e-05, 1.7531124850713757e-05, 1.7491775901447336e-05, 1.7531124850713757e-05, 1.5200580993815995], [1782938580, 