{"pair": "6cax1sgJueGBopP85GvoibbDxF8b4ragN2aYvHndjazH", "n_bars": 108, "span": [1782920535.0, 1782944587.0], "bars": [[1782920580, 4.969122030949147e-05, 5.046008567199869e-05, 4.969122030949147e-05, 5.046008567199869e-05, 2.8715170484171018], [1782920760, 5.046008567199869e-05, 5.046008567199869e-05, 4.9734195966960157e-05, 4.9734195966960157e-05, 2.104036174527386], [1782920880, 4.9734195966960157e-05, 4.9734195966960157e-05, 4.90337482222211e-05, 4.90337482222211e-05, 51.393052768985775], [1782920940, 4.90337482222211e-05, 4.970723996691373e-05, 4.90337482222211e-05, 4.970723996691373e-05, 1.9787994856618814], [1782921060, 4.970723996691373e-05, 4.970723996691373e-05, 4.901916169479412e-05, 4.901916169479412e-05, 2.086562000999838], [1782921240, 4.901916169479412e-05, 4.901916169479412e-05, 4.895257040607352e-05, 4.895257040607352e-05, 2.0842483912695573], [1782921360, 4.895257040607352e-05, 4.9025827530943366e-05, 4.895257040607352e-05, 4.9025827530943366e-05, 2.087889293985039], [1782921420, 4.9025827530943366e-05, 4.9025827530943366e-05, 4.899289995141561e-05, 4.899289995141561e-05, 4.668488672390587], [1782921480, 4.899289995141561e-05, 4.899289995141561e-05, 4.897631234925876e-05, 4.897631234925876e-05, 1.9090436839660063], [1782921540, 4.897631234925876e-05, 4.902413778394179e-05, 4.897631234925876e-05, 4.902413778394179e-05, 2.089984879410567], [1782921600, 4.902413778394179e-05, 4.902413778394179e-05, 4.192300903860934e-05, 4.2378151245529027e-05, 798.2294907190939], [1782921660, 4.2378151245529027e-05, 4.472535394315459e-05, 4.1389381572868665e-05, 4.472535394315459e-05, 482.0143410620509], [1782921720, 4.472535394315459e-05, 4.472535394315459e-05, 4.4481704202001124e-05, 4.4481704202001124e-05, 4.026007215526159], [1782921900, 4.4481704202001124e-05, 4.5238013090946515e-05, 4.2761299065633355e-05, 4.2761299065633355e-05, 404.1502098378196], [1782921960, 4.2761299065633355e-05, 4.2761299065633355e-05, 4.170311269092324e-05, 4.1951499543969136e-05, 61.50115157590367], [1782922020, 4.1951499543969136e-05, 4.1951499543969136e-05, 4.111393332099392e-05, 4.111393332099392e-05, 43.71450948814728], [1782922080, 4.111393332099392e-05, 4.176705356761325e-05, 4.111393332099392e-05, 4.176705356761325e-05, 7.595988217987967], [1782922140, 4.176705356761325e-05, 4.176705356761325e-05, 4.088025651872961e-05, 4.088025651872961e-05, 62.47683659491856], [1782922200, 4.088025651872961e-05, 4.123402400359287e-05, 4.08119660001424e-05, 4.08119660001424e-05, 36.414767277733525], [1782922260, 4.08119660001424e-05, 4.087311973535235e-05, 4.08119660001424e-05, 4.087311973535235e-05, 1.4157401538062007], [1782922380, 4.087311973535235e-05, 4.087311973535235e-05, 4.0759323900558664e-05, 4.0759323900558664e-05, 10.873994322688072], [1782922440, 4.0759323900558664e-05, 4.0759323900558664e-05, 4.046856300262826e-05, 4.046856300262826e-05, 45.16023466840449], [1782922500, 4.046856300262826e-05, 4.046856300262826e-05, 4.0124892090632096e-05, 4.0124892090632096e-05, 5.47618248509635], [1782922680, 4.0124892090632096e-05, 4.018013590209363e-05, 3.9957672542011926e-05, 4.015563816626948e-05, 24.587989157193412], [1782922860, 4.015563816626948e-05, 4.051153465521387e-05, 3.995145946070389e-05, 3.995145946070389e-05, 2.6543095697825563], [1782923040, 3.995145946070389e-05, 3.995145946070389e-05, 3.989432135472491e-05, 3.989432135472491e-05, 1.8847420819322926], [1782923160, 3.989432135472491e-05, 4.002052680353696e-05, 3.989432135472491e-05, 4.002052680353696e-05, 1.8911771284403907], [1782923400, 4.002052680353696e-05, 4.002052680353696e-05, 4.001811212709206e-05, 4.001811212709206e-05, 1.8915357882474861], [1782923460, 4.001811212709206e-05, 4.0041410425358614e-05, 4.001811212709206e-05, 4.0041410425358614e-05, 0.21771096589898842], [1782923520, 4.0041410425358614e-05, 4.0041410425358614e-05, 4.000039954433645e-05, 4.000039954433645e-05, 1.891225614363389], [1782923580, 4.000039954433645e-05, 4.192497650453056e-05, 4.000039954433645e-05, 4.184095032200848e-05, 137.70470177193303], [1782923700, 4.184095032200848e-05, 4.184095032200848e-05, 4.1390306041778517e-05, 4.1390306041778517e-05, 1.9267310580810542], [1782923760, 4.1390306041778517e-05, 4.19869781276613e-05, 4.1390306041778517e-05, 4.19869781276613e-05, 3.8437273132804353], [1782923880, 4.19869781276613e-05, 4.19869781276613e-05, 4.07712527732513e-05, 4.07712527732513e-05, 62.669137927756864], [1782923940, 4.07712527732513e-05, 4.07712527732513e-05, 3.943831630798466e-05, 3.943831630798466e-05, 230.23641723918678], [1782924000, 3.943831630798466e-05, 3.943831630798466e-05, 3.879487933734703e-05, 3.879487933734703e-05, 0.09644064859585133], [1782924060, 3.879487933734703e-05, 3.879487933734703e-05, 3.825776543749686e-05, 3.825776543749686e-05, 1.8473228802301958], [1782924120, 3.825776543749686e-05, 3.825776543749686e-05, 3.824679989832857e-05, 3.824679989832857e-05, 3.5013300782874284], [1782924240, 3.824679989832857e-05, 3.8267470719835186e-05, 3.824679989832857e-05, 3.8267470719835186e-05, 1.8491292651048286], [1782924360, 3.8267470719835186e-05, 3.8267470719835186e-05, 3.820194955226167e-05, 3.820194955226167e-05, 1.8464246959224657], [1782924540, 3.820194955226167e-05, 3.820194955226167e-05, 3.808141466422567e-05, 3.808141466422567e-05, 1.8410590017337631], [1782924720, 3.808141466422567e-05, 3.8687266458664924e-05, 3.808141466422567e-05, 3.826540480610144e-05, 21.20547347472461], [1782924840, 3.826540480610144e-05, 3.826540480610144e-05, 3.8161452299152405e-05, 3.8161452299152405e-05, 1.8410756553767786], [1782924900, 3.8161452299152405e-05, 3.8161452299152405e-05, 3.814822696539081e-05, 3.814822696539081e-05, 0.7223977313854466], [1782925020, 3.814822696539081e-05, 3.862264384886379e-05, 3.8072872556937725e-05, 3.8072872556937725e-05, 2.695090193370166], [1782925200, 3.8072872556937725e-05, 3.809147064075598e-05, 3.8072872556937725e-05, 3.809147064075598e-05, 1.8386343196526962], [1782925380, 3.809147064075598e-05, 3.809147064075598e-05, 3.8041561869199886e-05, 3.8041561869199886e-05, 1.8366843332422917], [1782925500, 3.8041561869199886e-05, 3.8041561869199886e-05, 3.786629302331105e-05, 3.786629302331105e-05, 20.782865707433583], [1782925680, 3.786629302331105e-05, 3.786629302331105e-05, 3.779917262437668e-05, 3.779917262437668e-05, 1.8306230012440092], [1782925800, 3.779917262437668e-05, 3.787946410560439e-05, 3.779917262437668e-05, 3.787946410560439e-05, 1.8349701648326433], [1782925920, 3.787946410560439e-05, 4.090470347382999e-05, 3.787946410560439e-05, 4.0658983108204093e-05, 243.0370770182232], [1782925980, 4.0658983108204093e-05, 4.0658983108204093e-05, 3.829586445828162e-05, 3.829586445828162e-05, 198.2973096145372], [1782926160, 3.829586445828162e-05, 3.8335617860699145e-05, 3.611754525696563e-05, 3.611754525696563e-05, 384.83097881073894], [1782926280, 3.611754525696563e-05, 3.611754525696563e-05, 3.4397382448787594e-05, 3.440744936254944e-05, 4.60255552099448], [1782926460, 3.440744936254944e-05, 3.446303173696338e-05, 3.440744936254944e-05, 3.446303173696338e-05, 0.6888001751371948], [1782926520, 3.446303173696338e-05, 3.446303173696338e-05, 3.4339240039437496e-05, 3.4339240039437496e-05, 29.042971447076003], [1782927060, 3.4339240039437496e-05, 3.4339240039437496e-05, 3.4268594979061344e-05, 3.4268594979061344e-05, 9.663318647494766], [1782927840, 3.4268594979061344e-05, 3.4268594979061344e-05, 3.413652331294509e-05, 3.413652331294509e-05, 4.98274095530748], [1782927960, 3.413652331294509e-05, 3.4388796998588955e-05, 3.402856452324937e-05, 3.402856452324937e-05, 26.291017011112576], [1782928080, 3.402856452324937e-05, 3.453853951626269e-05, 3.402856452324937e-05, 3.453853951626269e-05, 27.183781337219468], [1782928200, 3.453853951626269e-05, 3.47578297731466e-05, 3.453853951626269e-05, 3.47578297731466e-05, 11.546870419065295], [1782928380, 3.47578297731466e-05, 3.47578297731466e-05, 3.421029124211542e-05, 3.421029124211542e-05, 26.92543140599155], [1782928440, 3.421029124211542e-05, 