{"pair": "9xHAvrmtRVqKCYuYmvhpcbzApvh56m5Y6oy5AKs37gtb", "n_bars": 122, "span": [1782893489.0, 1782944924.0], "bars": [[1782893520, 0.0001164706240937792, 0.0001164706240937792, 0.00010269278865624374, 0.00010878510588710609, 3464.957874406323], [1782893580, 0.00010878510588710609, 0.00011718848256319869, 0.00010644626636276934, 0.00010869562067099961, 3875.3364304349793], [1782893640, 0.00010869562067099961, 0.00011410842815814061, 0.00010576794264052084, 0.00010768124646776776, 3387.828149514142], [1782893700, 0.00010768124646776776, 0.00011905436780771259, 0.00010648394444127129, 0.00011406663089986367, 4034.0470647182174], [1782893760, 0.00011406663089986367, 0.00011940083964780124, 0.00011052270589928515, 0.00011290046368393686, 3300.799922049116], [1782893820, 0.00011290046368393686, 0.00012127003036887896, 0.00011111471762146248, 0.00012115171820984856, 3251.971606093467], [1782893880, 0.00012115171820984856, 0.0001214742273814275, 0.00010898514071357319, 0.0001127762998285196, 3041.9076774223063], [1782893940, 0.0001127762998285196, 0.00012158612894423802, 0.00011132504238581046, 0.00011655835168927164, 2990.984453524668], [1782894000, 0.00011655835168927164, 0.0001225001379089403, 0.0001133049608283419, 0.00012150689930105685, 3358.234852994393], [1782894060, 0.00012150689930105685, 0.00012150689930105685, 0.00011101792822727586, 0.00011317369971986562, 2480.218612901972], [1782894120, 0.00011317369971986562, 0.00012166493881846472, 0.00011123412146223836, 0.0001172193121870671, 2919.1857923051048], [1782894180, 0.0001172193121870671, 0.000119402863672618, 0.00010995159533139427, 0.00011531433636691547, 2720.278460839909], [1782894240, 0.00011531433636691547, 0.0001210619560909567, 0.00011191306194693106, 0.00011191306194693106, 2910.816034324101], [1782894300, 0.00011191306194693106, 0.00012362229602432833, 0.00011191306194693106, 0.00011837703269464348, 3067.9248233573453], [1782894360, 0.00011837703269464348, 0.00012853253316826555, 0.00011193512191177118, 0.00012534754871867422, 3662.5979022678116], [1782894420, 0.00012534754871867422, 0.00012865474458762768, 0.0001160480974635863, 0.00011931859859133364, 2318.8338709326845], [1782894480, 0.00011931859859133364, 0.00012473483190203303, 0.00011694292433870216, 0.0001204972951376383, 2346.663477347083], [1782894540, 0.0001204972951376383, 0.00013190925187597186, 0.00011695848666180122, 0.00013041902794071607, 3661.618075164917], [1782894600, 0.00013041902794071607, 0.00013194694171147995, 0.00011473015628154518, 0.00012502416018036355, 4522.286039608304], [1782894660, 0.00012502416018036355, 0.00013045440570793663, 0.00012034694703242004, 0.00012629012252450022, 2899.182566685699], [1782894720, 0.00012629012252450022, 0.0001312744754980584, 0.00011919793302517389, 0.00012323407097628234, 3370.309275996822], [1782894780, 0.00012323407097628234, 0.0001378288400272846, 0.00011993245358879413, 0.00012976035953802894, 5191.125081229377], [1782894840, 0.00012976035953802894, 0.00014056460891204538, 0.00012636005391436627, 0.00013157363713839725, 4640.042891166985], [1782894900, 0.00013157363713839725, 0.00013980043810522697, 0.00010370017838095604, 0.00013152249930405878, 15353.805343689331], [1782894960, 0.00013152249930405878, 0.00014933170911092007, 0.0001250539516032354, 0.00014005576722990394, 11724.177246714666], [1782895020, 0.00014005576722990394, 0.000160343632938847, 0.00013435854903470922, 0.00013990239209518603, 15787.601605095348], [1782895080, 0.00013990239209518603, 0.00015322645961229477, 0.00013545013070516993, 0.00014348930242561548, 14172.169456434487], [1782895140, 0.00014348930242561548, 0.00017015271842559524, 0.00013533401769061403, 0.00014380398374468854, 17510.491342947844], [1782895200, 0.00014380398374468854, 0.00017411728473245354, 0.00013546967048233373, 0.00014836289096788134, 20329.31475788761], [1782895260, 0.00014836289096788134, 0.00016460421033879307, 0.00014067742366374208, 0.00014697853293142629, 15646.554044173407], [1782895320, 0.00014697853293142629, 0.0001718613308569688, 0.00014332868970423523, 0.00015724394267855877, 14734.177224461744], [1782895380, 0.00015724394267855877, 0.0001883762498756624, 0.00014687109272717189, 0.00015856577424457714, 14762.88941394838], [1782895440, 0.00015856577424457714, 0.00018348835920776598, 0.00014023046154977597, 0.00014876074984126022, 16224.84586768382], [1782895500, 0.00014876074984126022, 0.0001635056022613998, 0.00013991715617893888, 0.00015586899256026527, 15202.091831242444], [1782895560, 0.00015586899256026527, 0.00015640507465676173, 0.0001279087400190503, 0.0001351081345260944, 13903.00025659181], [1782895620, 0.0001351081345260944, 0.00018050267266915248, 0.00013101677641031708, 0.0001429724718883879, 17490.106876761583], [1782895680, 0.0001429724718883879, 0.00015071631659209405, 0.00012973148876793415, 0.0001414940025880444, 17780.864396927424], [1782895740, 0.0001414940025880444, 0.00014577153323623164, 0.00011193992778313203, 0.00011655200200054053, 12069.408967780475], [1782895800, 0.00011655200200054053, 0.00012739795247226316, 0.00011341249416229963, 0.00012640900871487609, 4657.763436846523], [1782895860, 0.00012640900871487609, 0.0001307757241139007, 0.00010348736017280898, 0.00010495985534433695, 3617.3879960228437], [1782895920, 0.00010495985534433695, 0.00011350203541276118, 9.94096610477386e-05, 0.00010817247605266977, 3090.150986621867], [1782895980, 0.00010817247605266977, 0.0001098817058173321, 0.00010363955393962572, 0.00010787931788899109, 1918.1130166996074], [1782896040, 0.00010787931788899109, 0.00011098362962184733, 0.00010507113314041289, 0.0001105126328887774, 2368.9209287634067], [1782896100, 0.0001105126328887774, 0.00011327360588215526, 9.559914298881617e-05, 9.69416276267085e-05, 2916.5600423722585], [1782896160, 9.69416276267085e-05, 9.887139084143136e-05, 8.317950953098419e-05, 8.317950953098419e-05, 4200.137120513799], [1782896220, 8.317950953098419e-05, 9.019844813403013e-05, 8.242446392374759e-05, 8.625971892880522e-05, 2204.3792278739975], [1782896280, 8.625971892880522e-05, 9.078650493148548e-05, 8.178083414005218e-05, 8.890697938546152e-05, 2238.820865507578], [1782896340, 8.890697938546152e-05, 8.951120412183912e-05, 8.402773395318202e-05, 8.586107892489284e-05, 2063.1195954809996], [1782896400, 8.586107892489284e-05, 8.942958822832931e-05, 8.415335952715332e-05, 8.539362824899094e-05, 2220.8412435189025], [1782896460, 8.539362824899094e-05, 8.899609478540056e-05, 8.222769335942731e-05, 8.767444225497338e-05, 2166.4252950120867], [1782896520, 8.767444225497338e-05, 9.20056466582384e-05, 8.299341667612075e-05, 9.039211298403964e-05, 2091.8236618750775], [1782896580, 9.039211298403964e-05, 9.357184760799013e-05, 8.46273555450334e-05, 8.768094327981183e-05, 2298.240712010001], [1782896640, 8.768094327981183e-05, 9.180294346840861e-05, 8.613358166409112e-05, 8.627821372946264e-05, 2480.2733850028835], [1782896700, 8.627821372946264e-05, 9.256393967805714e-05, 8.573959595605715e-05, 8.873332011742234e-05, 2461.758659108746], [1782896760, 8.873332011742234e-05, 9.695616926022676e-05, 8.596627783900496e-05, 9.011568259470079e-05, 2951.3601184338736], [1782896820, 9.011568259470079e-05, 9.711608491738042e-05, 8.876527515832948e-05, 9.206717854534451e-05, 2573.2312922330134], [1782896880, 9.206717854534451e-05, 9.646557275685299e-05, 8.89388310427019e-05, 9.438897843141441e-05, 2640.2871339667277], [1782896940, 9.438897843141441e-05, 0.00010208845023793086, 1.8968159531482684e-06, 1.9714862504019286e-06, 12909.69394104425], [1782897000, 1.9714862504019286e-06, 2.1335842042113246e-06, 1.7195537717806937e-06, 1.7481680829016385e-06, 270.9011584249466], [1782897060, 1.7481680829016385e-06, 1.7481680829016385e-06, 1.6649640427672047e-06, 1.6649640427672047e-06, 39.23563909033275], [1782897120, 1.6649640427672047e-06, 1.7230997349382912e-06, 1.6640627125017223e-06, 1.7230997349382912e-06, 29.534799306405432], [1782897180, 1.7230997349382912e-06, 1.7230997349382912e-06, 