{"pair": "G6EPiJGRTQ6oZj3MzTnmD5GUFVxKbukJeL4Hksz4qS3X", "n_bars": 134, "span": [1782876872.0, 1782943752.0], "bars": [[1782876900, 8.31128917543155e-05, 8.31128917543155e-05, 5.233055987549459e-05, 6.85661519076849e-05, 22947.107047791727], [1782876960, 6.85661519076849e-05, 7.425911239531642e-05, 5.162725758076892e-05, 6.807533949393209e-05, 14362.207440900245], [1782877020, 6.807533949393209e-05, 7.72288717592086e-05, 6.278111888670447e-05, 7.078306066116057e-05, 8018.193588970084], [1782877080, 7.078306066116057e-05, 8.452252258718924e-05, 6.89877467026962e-05, 8.016276619006805e-05, 9384.887111299138], [1782877140, 8.016276619006805e-05, 8.307812302369666e-05, 6.789596126974367e-05, 6.958940741007429e-05, 5918.240505995353], [1782877200, 6.958940741007429e-05, 8.509312665622009e-05, 6.429875087212496e-05, 7.330128661390556e-05, 10023.570617666512], [1782877260, 7.330128661390556e-05, 7.75966245420109e-05, 6.619869298912764e-05, 7.317331451415405e-05, 4223.028724087363], [1782877320, 7.317331451415405e-05, 7.854148078259189e-05, 6.556460691656576e-05, 6.574216466551143e-05, 3395.0253683268807], [1782877380, 6.574216466551143e-05, 7.390665080353391e-05, 6.252940722207515e-05, 6.522172072353388e-05, 4200.45211757775], [1782877440, 6.522172072353388e-05, 8.791067231575761e-05, 6.432557633898614e-05, 8.449377766158806e-05, 11322.94706262204], [1782877500, 8.449377766158806e-05, 0.00010508389955860122, 8.438969214543768e-05, 9.959197471015839e-05, 8320.571480473725], [1782877560, 9.959197471015839e-05, 0.00011138597248961358, 9.640915594940189e-05, 9.891834222090558e-05, 7748.975347993489], [1782877620, 9.891834222090558e-05, 0.0001029287640043845, 9.623234583586533e-05, 9.674495221881997e-05, 3247.2699121114465], [1782877680, 9.674495221881997e-05, 0.00010706674235170605, 8.568860164806172e-05, 9.811906105234445e-05, 7540.378558163589], [1782877740, 9.811906105234445e-05, 0.00010379528220786124, 7.91529412743837e-05, 8.361383690470015e-05, 6145.615050920701], [1782877800, 8.361383690470015e-05, 8.826368390917793e-05, 5.954734798167684e-06, 6.0694972592554935e-06, 18928.142740484764], [1782877860, 6.0694972592554935e-06, 1.066782829971431e-05, 5.494196228499932e-06, 5.509313788319438e-06, 3025.8648430965823], [1782877920, 5.509313788319438e-06, 7.400800254066282e-06, 4.274032782915447e-06, 5.981220148302385e-06, 2444.662540990929], [1782877980, 5.981220148302385e-06, 6.106264995297406e-06, 5.321164153048873e-06, 5.372731115004227e-06, 382.63615529206066], [1782878040, 5.372731115004227e-06, 5.372731115004227e-06, 4.922012228401193e-06, 5.080941080937911e-06, 199.56346232460263], [1782878100, 5.080941080937911e-06, 5.355962069206095e-06, 4.50691056665019e-06, 5.0748147013145575e-06, 461.0314740960103], [1782878160, 5.0748147013145575e-06, 5.0748147013145575e-06, 4.802333654247261e-06, 4.802333654247261e-06, 86.13166608987676], [1782878220, 4.802333654247261e-06, 4.819348687045589e-06, 4.656393488078454e-06, 4.715580587400984e-06, 54.93656194963712], [1782878280, 4.715580587400984e-06, 4.993064542604696e-06, 4.654479147722365e-06, 4.933779137075868e-06, 100.52031490255125], [1782878340, 4.933779137075868e-06, 5.348868083829338e-06, 4.933779137075868e-06, 5.348868083829338e-06, 98.91232553711615], [1782878400, 5.348868083829338e-06, 5.481085130638138e-06, 5.348868083829338e-06, 5.419117643312151e-06, 51.57179935807306], [1782878460, 5.419117643312151e-06, 5.617964775373273e-06, 5.419117643312151e-06, 5.539998690826835e-06, 67.12480570480213], [1782878520, 5.539998690826835e-06, 5.539998690826835e-06, 5.436514854115051e-06, 5.481760216271611e-06, 45.09302254369638], [1782878580, 5.481760216271611e-06, 6.005158753512388e-06, 5.466167395297691e-06, 6.001393763366978e-06, 291.2331979556996], [1782878640, 6.001393763366978e-06, 6.061393121951243e-06, 5.94596035562946e-06, 5.964441505353411e-06, 23.23984091481367], [1782878700, 5.964441505353411e-06, 6.027329988317568e-06, 5.8172928963428525e-06, 5.872582000555211e-06, 80.08273096464876], [1782878760, 5.872582000555211e-06, 5.872582000555211e-06, 5.803755835751236e-06, 5.803755835751236e-06, 2.8168878468505727], [1782878820, 5.803755835751236e-06, 5.803755835751236e-06, 5.70905192070616e-06, 5.70905192070616e-06, 24.01952360135746], [1782878880, 5.70905192070616e-06, 5.70905192070616e-06, 5.091200461817407e-06, 5.091200461817407e-06, 169.34125664904923], [1782878940, 5.091200461817407e-06, 5.091200461817407e-06, 4.989765514159073e-06, 4.989765514159073e-06, 37.005412114108616], [1782879000, 4.989765514159073e-06, 5.1245060128329595e-06, 4.982837636233265e-06, 5.1245060128329595e-06, 26.928945135510958], [1782879060, 5.1245060128329595e-06, 5.1245060128329595e-06, 4.535993489437611e-06, 4.535993489437611e-06, 276.94095425533123], [1782879120, 4.535993489437611e-06, 4.535993489437611e-06, 4.069114232597228e-06, 4.14957126212612e-06, 15.82706921596851], [1782879180, 4.14957126212612e-06, 4.14957126212612e-06, 4.116430103588346e-06, 4.116430103588346e-06, 0.6591234630802241], [1782879240, 4.116430103588346e-06, 4.116430103588346e-06, 4.076078062285181e-06, 4.076078062285181e-06, 12.375321831902195], [1782879300, 4.076078062285181e-06, 4.076078062285181e-06, 4.06842179031152e-06, 4.06842179031152e-06, 0.6721602273103939], [1782879360, 4.06842179031152e-06, 4.070255872493947e-06, 4.053287515811415e-06, 4.053287515811415e-06, 9.807288604515403], [1782879420, 4.053287515811415e-06, 4.053287515811415e-06, 4.035355490543154e-06, 4.035355490543154e-06, 0.3183479815163791], [1782879480, 4.035355490543154e-06, 4.035355490543154e-06, 4.03333081172328e-06, 4.03333081172328e-06, 0.48074158196501104], [1782879540, 4.03333081172328e-06, 4.03333081172328e-06, 3.999987805997265e-06, 3.999987805997265e-06, 10.775007693704925], [1782879660, 3.999987805997265e-06, 3.999987805997265e-06, 3.966242788419629e-06, 3.966242788419629e-06, 12.222671391915355], [1782879720, 3.966242788419629e-06, 3.966242788419629e-06, 3.9461084223261344e-06, 3.9461084223261344e-06, 4.027570919938862], [1782879780, 3.9461084223261344e-06, 3.9461084223261344e-06, 3.935687810601731e-06, 3.935687810601731e-06, 1.7291159313081217], [1782879840, 3.935687810601731e-06, 3.935687810601731e-06, 3.931135822430424e-06, 3.931135822430424e-06, 0.1204257553913353], [1782879900, 3.931135822430424e-06, 3.983511749480459e-06, 3.92116148660982e-06, 3.983511749480459e-06, 10.415661361036422], [1782879960, 3.983511749480459e-06, 3.983511749480459e-06, 3.925535001512391e-06, 3.925535001512391e-06, 13.08506363123914], [1782880200, 3.925535001512391e-06, 3.925535001512391e-06, 3.895645400198464e-06, 3.895645400198464e-06, 7.94455427121378], [1782880260, 3.895645400198464e-06, 3.895645400198464e-06, 3.890978615499067e-06, 3.890978615499067e-06, 0.8881402693262329], [1782880320, 3.890978615499067e-06, 3.890978615499067e-06, 3.785763322871532e-06, 3.785763322871532e-06, 35.63079641922631], [1782880380, 3.785763322871532e-06, 3.785763322871532e-06, 3.7684197683477116e-06, 3.7684197683477116e-06, 3.734675954407787], [1782880440, 3.7684197683477116e-06, 3.7684197683477116e-06, 3.761446703843338e-06, 3.761446703843338e-06, 0.544249977356621], [1782880620, 3.761446703843338e-06, 3.761446703843338e-06, 3.7466022875707124e-06, 3.7466022875707124e-06, 4.051542425228883], [1782880680, 3.7466022875707124e-06, 3.7466022875707124e-06, 3.743088224308271e-06, 3.743088224308271e-06, 0.2566648906952834], [1782880740, 3.743088224308271e-06, 3.743088224308271e-06, 3.7391526517083106e-06, 3.7391526517083106e-06, 1.5365942436009998], [1782881160, 3.7391526517083106e-06, 3.7493704725044785e-06, 3.7075501916199804e-06, 3.7075501916199804e-06, 26.447719216082433], [1782881520, 3.7075501916199804e-06, 3.7075501916199804e-06, 3.6585034153358655e-06, 3.6585034153358655e-06, 0.5471094458363543], [1782881580, 3.6585034153358655e-06, 3.6585034153358655e-06, 3.6246110818313203e-06, 3.6246110818313203e-06, 19.02452618954648], [1782881640, 3.6246110818313203e-06, 3.6246110818313203e-06, 3.536805724471068e-06, 