{"pair": "EfZp1sMgykWVJLqdNUduo3tBN5t6RMFrZSi4BUsCFZmi", "n_bars": 124, "span": [1782946030.0, 1782965825.0], "bars": [[1782946080, 8.178550157893318e-05, 8.573721729856708e-05, 7.836146433188896e-05, 8.265282717676538e-05, 1218.9964641171687], [1782946140, 8.265282717676538e-05, 8.299546979546453e-05, 7.700883569781922e-05, 7.888846061713842e-05, 411.8060554835943], [1782946200, 7.888846061713842e-05, 7.998077681551499e-05, 5.844786923662897e-05, 6.22703763390823e-05, 3058.832774442533], [1782946260, 6.22703763390823e-05, 6.587031353307006e-05, 6.148060501016787e-05, 6.39850879244382e-05, 1164.0778876057507], [1782946320, 6.39850879244382e-05, 6.643379493439963e-05, 5.095391011841927e-05, 5.4746169420043574e-05, 3169.6883454765866], [1782946380, 5.4746169420043574e-05, 6.0496221715046934e-05, 5.2457970839780966e-05, 6.0011885044857346e-05, 1328.6665859504114], [1782946440, 6.0011885044857346e-05, 6.477345005752598e-05, 5.8458188275115335e-05, 6.2163969858399e-05, 2228.069336394524], [1782946500, 6.2163969858399e-05, 6.436710338513458e-05, 5.989384179839946e-05, 6.122569012772845e-05, 599.0490541470774], [1782946560, 6.122569012772845e-05, 6.709231353126395e-05, 6.122569012772845e-05, 6.483572219654706e-05, 695.2915610346006], [1782946620, 6.483572219654706e-05, 6.483572219654706e-05, 6.253323393897753e-05, 6.263338644431838e-05, 192.84390580108888], [1782946680, 6.263338644431838e-05, 6.445195804635492e-05, 6.263338644431838e-05, 6.39002966090473e-05, 106.03858264872488], [1782946740, 6.39002966090473e-05, 6.493941113484014e-05, 6.0796623378329186e-05, 6.0796623378329186e-05, 340.28389557274346], [1782946800, 6.0796623378329186e-05, 6.0796623378329186e-05, 4.450950942253858e-05, 5.266061079827055e-05, 4543.01369842701], [1782946860, 5.266061079827055e-05, 5.50221091245541e-05, 5.266061079827055e-05, 5.493227507697228e-05, 256.4977101906055], [1782946920, 5.493227507697228e-05, 5.811954975477443e-05, 5.098542560413064e-05, 5.811954975477443e-05, 1044.4645062684147], [1782946980, 5.811954975477443e-05, 6.730687062283943e-05, 5.811954975477443e-05, 6.615861793432e-05, 1311.477647988921], [1782947040, 6.615861793432e-05, 6.615861793432e-05, 6.336880709793473e-05, 6.358199721943981e-05, 396.3675253364195], [1782947100, 6.358199721943981e-05, 6.380560869650062e-05, 5.877323001398805e-05, 5.938649114922994e-05, 342.803112494743], [1782947160, 5.938649114922994e-05, 6.588650165861439e-05, 5.938649114922994e-05, 6.48851732889005e-05, 710.922373688114], [1782947220, 6.48851732889005e-05, 6.602285951232496e-05, 6.356014265399565e-05, 6.393302522474742e-05, 366.8914700695284], [1782947280, 6.393302522474742e-05, 6.686618975971916e-05, 6.393302522474742e-05, 6.641005138741613e-05, 225.81877535590817], [1782947340, 6.641005138741613e-05, 7.295884653207278e-05, 6.641005138741613e-05, 6.920749396416973e-05, 1045.6683072978035], [1782947400, 6.920749396416973e-05, 7.063290752121109e-05, 6.840076038804097e-05, 6.937157175828556e-05, 207.62037206448682], [1782947460, 6.937157175828556e-05, 7.424702853359542e-05, 6.700294960822177e-05, 6.700294960822177e-05, 1125.1717054892217], [1782947520, 6.700294960822177e-05, 6.700294960822177e-05, 4.5929234048372405e-05, 5.095356485961745e-05, 3199.750778816943], [1782947580, 5.095356485961745e-05, 5.265221160011704e-05, 5.05618986204688e-05, 5.05618986204688e-05, 531.3870263040649], [1782947640, 5.05618986204688e-05, 5.05618986204688e-05, 4.3990238394517916e-05, 4.403524718261303e-05, 1005.8193639838029], [1782947700, 4.403524718261303e-05, 4.971048514502695e-05, 4.176382555000979e-05, 4.238159617486185e-05, 1505.8063629826484], [1782947760, 4.238159617486185e-05, 4.3406357316064063e-05, 4.065257107300313e-05, 4.187496021362843e-05, 718.2210843862624], [1782947820, 4.187496021362843e-05, 4.187496021362843e-05, 1.9282988478641065e-05, 2.0988391933314043e-05, 4824.6110175402555], [1782947880, 2.0988391933314043e-05, 2.0988391933314043e-05, 9.298892013120357e-06, 1.1254383699164642e-05, 4847.8495722077605], [1782947940, 1.1254383699164642e-05, 1.1254383699164642e-05, 5.865534644851121e-06, 6.898585729500092e-06, 2598.6286492063673], [1782948000, 6.898585729500092e-06, 8.455032327612276e-06, 6.898585729500092e-06, 7.852343277914123e-06, 597.5616977041902], [1782948060, 7.852343277914123e-06, 7.981492111341572e-06, 7.24471326124394e-06, 7.330541973545768e-06, 181.5879793114274], [1782948120, 7.330541973545768e-06, 9.554077373807289e-06, 7.267437222574168e-06, 9.462068115156583e-06, 896.9792965724587], [1782948180, 9.462068115156583e-06, 1.0627482024080295e-05, 9.197818760502283e-06, 9.816694474641152e-06, 434.79148659461987], [1782948240, 9.816694474641152e-06, 1.3239634990170998e-05, 9.816694474641152e-06, 1.2900946375660137e-05, 576.257328084953], [1782948300, 1.2900946375660137e-05, 1.3055801326254862e-05, 9.853003091412672e-06, 1.0255750657554803e-05, 793.07799415135], [1782948360, 1.0255750657554803e-05, 1.0991353779784695e-05, 1.0253186599452198e-05, 1.0991353779784695e-05, 116.86414854077015], [1782948420, 1.0991353779784695e-05, 1.1104231726825636e-05, 9.25048362934143e-06, 9.370191647507556e-06, 376.1844180041962], [1782948480, 9.370191647507556e-06, 9.383110793648929e-06, 9.247584119197115e-06, 9.383110793648929e-06, 4.1721782296178604], [1782948540, 9.383110793648929e-06, 1.0189620876314986e-05, 9.120208039375278e-06, 1.0050233430586848e-05, 229.51915690196202], [1782948600, 1.0050233430586848e-05, 1.0137035511875919e-05, 9.11053327445511e-06, 9.11053327445511e-06, 283.2255505361902], [1782948660, 9.11053327445511e-06, 9.11053327445511e-06, 8.889690505993972e-06, 8.889690505993972e-06, 58.52208558644447], [1782948720, 8.889690505993972e-06, 8.996683267386626e-06, 8.792531860389135e-06, 8.834141873991754e-06, 92.56714373819507], [1782948780, 8.834141873991754e-06, 8.834141873991754e-06, 6.674922926696222e-06, 6.674922926696222e-06, 458.92566528037963], [1782948840, 6.674922926696222e-06, 7.247589241838229e-06, 6.641907684382531e-06, 7.247589241838229e-06, 210.82796782918703], [1782948900, 7.247589241838229e-06, 7.247589241838229e-06, 6.925422364346755e-06, 7.052378133970141e-06, 72.07080810913496], [1782948960, 7.052378133970141e-06, 7.052378133970141e-06, 6.8062647525525005e-06, 6.839529594147756e-06, 45.29940388234632], [1782949020, 6.839529594147756e-06, 6.839529594147756e-06, 6.719679356933089e-06, 6.7512691467470955e-06, 33.02597790289299], [1782949080, 6.7512691467470955e-06, 6.7512691467470955e-06, 6.390273621085072e-06, 6.46788061859214e-06, 66.27550139682369], [1782949140, 6.46788061859214e-06, 7.455685580121647e-06, 6.46788061859214e-06, 7.415510058482053e-06, 345.99827432586784], [1782949200, 7.415510058482053e-06, 7.415510058482053e-06, 6.495700782290849e-06, 7.006739032270771e-06, 158.2161832718509], [1782949260, 7.006739032270771e-06, 7.006739032270771e-06, 6.577744396982277e-06, 6.724906557667552e-06, 45.28077669072787], [1782949320, 6.724906557667552e-06, 6.739346788047482e-06, 6.475727406040797e-06, 6.566258189675388e-06, 47.053852394634525], [1782949380, 6.566258189675388e-06, 6.566258189675388e-06, 6.39645006870276e-06, 6.39645006870276e-06, 19.664370049756357], [1782949440, 6.39645006870276e-06, 6.39645006870276e-06, 6.31117491111589e-06, 6.31117491111589e-06, 28.053760526642904], [1782949500, 6.31117491111589e-06, 6.31117491111589e-06, 6.177513571869649e-06, 6.177513571869649e-06, 23.353021836014953], [1782949620, 6.177513571869649e-06, 6.177513571869649e-06, 5.008917176522463e-06, 5.008917176522463e-06, 289.49761386844625], [1782949680, 5.008917176522463e-06, 5.01049340099499e-06, 4.273533453650608e-06, 4.29952418045788e-06, 243.6190700921367], [1782949740, 4.29952418045788e-06, 4.29952418045788e-06, 4.214046581891079e-06, 4.214046581891079e-06, 15.438772837560043], [1782949800, 4.214046581891079e-06, 4.279793817994848e-06, 4.214046581891079e-06, 4.279793817994848e-06, 4.2552013265632604], [1782949860, 4.279793817994848e-06, 4.279793817994848e-06, 4.220334757227971e-06, 4.220334757227971e-06, 