{"pair": "AiEhqZZe7kbk3c1nNPWrsJgEMoeSGz7BXq9UbpiE3y52", "n_bars": 60, "span": [1782891255.0, 1782900280.0], "bars": [[1782891300, 1.0849291964326204e-05, 1.133744152924284e-05, 1.0688667718058589e-05, 1.1140995739062505e-05, 142530.8374500899], [1782891360, 1.1140995739062505e-05, 1.1289585132019675e-05, 1.0871700354803236e-05, 1.0932835701828295e-05, 97703.11208645362], [1782891420, 1.0932835701828295e-05, 1.1430196677777277e-05, 1.0842297329423112e-05, 1.1197408954584255e-05, 172475.90223700152], [1782891480, 1.1197408954584255e-05, 1.1873377625904127e-05, 1.1073504893906166e-05, 1.1632363189066398e-05, 139392.64900567307], [1782891540, 1.1632363189066398e-05, 1.1671438098210243e-05, 1.1336901884302232e-05, 1.1457995273841865e-05, 98876.79936180843], [1782891600, 1.1457995273841865e-05, 1.2077951969256911e-05, 1.1290375549296666e-05, 1.1839705291842266e-05, 140501.79455246823], [1782891660, 1.1839705291842266e-05, 1.2045350268791592e-05, 1.159148851411411e-05, 1.1971259394994577e-05, 111918.92626674775], [1782891720, 1.1971259394994577e-05, 1.239335357515542e-05, 1.1879347416909002e-05, 1.2170385010517278e-05, 155292.3674195352], [1782891780, 1.2170385010517278e-05, 1.3787913116304608e-05, 1.213223731352284e-05, 1.3686449576392582e-05, 175401.39967550559], [1782891840, 1.3686449576392582e-05, 1.3686449576392582e-05, 1.2750597676483922e-05, 1.290447361655105e-05, 115878.21793398446], [1782891900, 1.290447361655105e-05, 1.2919672350036795e-05, 1.2210172865390005e-05, 1.2464262077031808e-05, 120693.24720187961], [1782891960, 1.2464262077031808e-05, 1.2701674520623029e-05, 1.2014789174503863e-05, 1.2239724535940295e-05, 120433.91981487416], [1782892020, 1.2239724535940295e-05, 1.2506356122788722e-05, 1.1741870458080713e-05, 1.1950645173834241e-05, 133847.0429876995], [1782892080, 1.1950645173834241e-05, 1.2046846493714245e-05, 1.1485607012268005e-05, 1.174941639996948e-05, 138565.16051676593], [1782892140, 1.174941639996948e-05, 1.2137725590519194e-05, 1.160868710432393e-05, 1.1801468534267102e-05, 119009.65111450624], [1782892200, 1.1801468534267102e-05, 1.2306274387085473e-05, 1.1647619248706423e-05, 1.2285706299060889e-05, 153309.805146001], [1782892260, 1.2285706299060889e-05, 1.2511647098240966e-05, 1.1944769454305916e-05, 1.2272991707684883e-05, 120957.50715894668], [1782892320, 1.2272991707684883e-05, 1.26345098492971e-05, 1.2079086564270187e-05, 1.2222256471735326e-05, 122106.46871335141], [1782892380, 1.2222256471735326e-05, 1.2367819855077435e-05, 1.141157049765999e-05, 1.149906435910706e-05, 152601.48916665095], [1782892440, 1.149906435910706e-05, 1.188435230391829e-05, 1.1410399989779623e-05, 1.176494828320113e-05, 145534.13027681212], [1782892500, 1.176494828320113e-05, 1.2053067062356866e-05, 1.1536580826602234e-05, 1.1939017762615094e-05, 122371.59280917473], [1782892560, 1.1939017762615094e-05, 1.2028143912252206e-05, 1.1585033826649352e-05, 1.1840961997975691e-05, 113945.52119618331], [1782892620, 1.1840961997975691e-05, 1.2000663442098803e-05, 1.1472159906616544e-05, 1.1612281457541784e-05, 171734.0099274246], [1782892680, 1.1612281457541784e-05, 1.1898278803344601e-05, 1.1376308075261136e-05, 1.1734233515474106e-05, 139243.5016698472], [1782892740, 1.1734233515474106e-05, 1.1946375388605195e-05, 1.1406591350096526e-05, 1.1703065847602906e-05, 108988.8360184281], [1782892800, 1.1703065847602906e-05, 1.2027939780660967e-05, 1.1554113003970601e-05, 1.1671459740018162e-05, 127195.79689781638], [1782892860, 1.1671459740018162e-05, 1.186266221738723e-05, 1.1356744555444384e-05, 1.1562799377898341e-05, 115843.30464312594], [1782892920, 1.1562799377898341e-05, 1.2029315428041211e-05, 1.125126639474426e-05, 1.188602196815216e-05, 145944.41785543057], [1782892980, 1.188602196815216e-05, 1.2225333540231652e-05, 1.1793520623454687e-05, 1.1988765875187042e-05, 113232.95341244494], [1782893040, 1.1988765875187042e-05, 1.220309846823274e-05, 1.1756369578837234e-05, 1.2042790117193053e-05, 127074.89271610057], [1782893100, 1.2042790117193053e-05, 1.2188712173821518e-05, 1.1617116930672834e-05, 1.1894600261048378e-05, 147947.09126897913], [1782893160, 1.1894600261048378e-05, 1.222383685036238e-05, 1.1763036428966252e-05, 1.1918460405160507e-05, 137444.8527305533], [1782893220, 1.1918460405160507e-05, 1.2109090674002512e-05, 1.1444650610562555e-05, 1.1502110480749308e-05, 121607.15941314494], [1782893280, 1.1502110480749308e-05, 1.172511802683082e-05, 1.0998726524054822e-05, 1.1087702910518046e-05, 139713.40478892706], [1782893340, 1.1087702910518046e-05, 1.1357536512909464e-05, 1.0897791887451704e-05, 1.1054205747821888e-05, 118934.78008921524], [1782893400, 1.1054205747821888e-05, 1.1341183736180074e-05, 1.0808641995927205e-05, 1.1262843447082756e-05, 93343.8807526604], [1782893460, 1.1262843447082756e-05, 1.1354821955035309e-05, 1.0734960015424355e-05, 1.0839460693244257e-05, 175169.1322346574], [1782893520, 1.0839460693244257e-05, 1.1095947574231682e-05, 1.0639118506857425e-05, 1.0867696974575714e-05, 142619.94642836784], [1782893580, 1.0867696974575714e-05, 1.0908259098294058e-05, 1.0361565591101119e-05, 1.052960048578603e-05, 137851.86218443036], [1782893640, 1.052960048578603e-05, 1.0602240127154271e-05, 1.0308132177733441e-05, 1.0433002740210316e-05, 107819.69485379322], [1782893700, 1.0433002740210316e-05, 1.0598331734136733e-05, 1.0258997230003223e-05, 1.0499416727370487e-05, 118549.13763616957], [1782893760, 1.0499416727370487e-05, 1.1120548551865602e-05, 1.0323093503890344e-05, 1.0967657476038106e-05, 130478.89137209371], [1782893820, 1.0967657476038106e-05, 1.1408818623653572e-05, 1.0775113202483844e-05, 1.1408818623653572e-05, 119016.1741601572], [1782893880, 1.1408818623653572e-05, 1.171388297613927e-05, 1.1072217187171378e-05, 1.139267563494714e-05, 120728.16838234368], [1782893940, 1.139267563494714e-05, 1.1612956502561576e-05, 1.0956926430366886e-05, 1.1087125744749857e-05, 142406.8699245627], [1782894000, 1.1087125744749857e-05, 1.200276825557772e-05, 1.1016717168290248e-05, 1.1916154491600313e-05, 138019.7369945638], [1782894060, 1.1916154491600313e-05, 1.211589564634493e-05, 1.1719945383795623e-05, 1.200198196665596e-05, 126751.8802417615], [1782894120, 1.200198196665596e-05, 1.2239048546677521e-05, 1.1606193994577293e-05, 1.1835242129614133e-05, 140964.61894257797], [1782894180, 1.1835242129614133e-05, 1.2141314231919356e-05, 1.1624988674716146e-05, 1.1751259618084802e-05, 124346.27053233639], [1782894240, 1.1751259618084802e-05, 1.2058086972684993e-05, 1.1477502697790464e-05, 1.2058086972684993e-05, 139084.2449055987], [1782894300, 1.2058086972684993e-05, 1.250318547198729e-05, 1.180671869058992e-05, 1.2379325996863647e-05, 135146.78577919], [1782894360, 1.2379325996863647e-05, 1.2741728686409212e-05, 1.2227210613860226e-05, 1.246302658847621e-05, 144499.00375068944], [1782894420, 1.246302658847621e-05, 1.268208387612026e-05, 1.2183652229961573e-05, 1.2581229421048582e-05, 134010.7247820284], [1782894480, 1.2581229421048582e-05, 1.3039317872000104e-05, 1.2436238757467712e-05, 1.3019175086432664e-05, 140883.4415805636], [1782894540, 1.3019175086432664e-05, 1.3195022814629958e-05, 1.2771884050367371e-05, 1.2930103885012109e-05, 122786.59687663005], [1782894600, 1.2930103885012109e-05, 1.2930103885012109e-05, 1.238475952268476e-05, 1.2514006010417366e-05, 140814.07050473292], [1782894660, 1.2514006010417366e-05, 1.2879515726556121e-05, 1.233742579406401e-05, 1.2542063054512362e-05, 106208.95740914659], [1782894720, 1.2542063054512362e-05, 1.2744643516004476e-05, 1.2342251605805724e-05, 1.265795961648633e-05, 151475.81660184532], [1782894780, 1.265795961648633e-05, 1.2936262512598616e-05, 1.2330362295776037e-05, 1.2555988652028614e-05, 106114.56123140457], [1782894840, 1.2555988652028614e-05, 1.2896752789153799e-05, 1.2419410154142165e-05, 1.2896752789153799e-05, 72489.75217721454]]}