{"pair": "4pX9cEpKTaofS9q3SJjPtjtiZqQzXvz7efKgyYZ9Lfwi", "n_bars": 12, "span": [1782934211.0, 1782943654.0], "bars": [[1782936540, 0.01175059811624497, 0.01175059811624497, 0.011605970555848102, 0.011605970555848102, 0.7194792401628951], [1782937800, 0.011605970555848102, 0.011704777631677451, 0.011605970555848102, 0.01166732799475212, 369.8872511392693], [1782937860, 0.01166732799475212, 0.011721843628528789, 0.01166732799475212, 0.01171282182922048, 470.61573309027614], [1782937920, 0.01171282182922048, 0.011739003325726683, 0.01171282182922048, 0.011730417121691707, 71.59641532540459], [1782937980, 0.011730417121691707, 0.011774719672086044, 0.011730417121691707, 0.011754480411774014, 264.85432451470876], [1782938040, 0.011754480411774014, 0.011764138023952346, 0.011754480411774014, 0.011764138023952346, 9.23614215785593], [1782938100, 0.011764138023952346, 0.011772214084037497, 0.011759809133761092, 0.011772214084037497, 25.468145498080194], [1782938160, 0.011772214084037497, 0.01182727971471877, 0.011751771505478686, 0.011824552819969882, 594.2190239019848], [1782938220, 0.011824552819969882, 0.011857505336398445, 0.011814976116838283, 0.011852807782263356, 271.36107265445145], [1782941760, 0.011852807782263356, 0.012066181208722444, 0.011852807782263356, 0.012066181208722444, 0.07072221125065363], [1782943380, 0.012066181208722444, 0.012067619884966938, 0.012064859854018192, 0.012064859854018192, 19.110396970555314], [1782943440, 0.012064859854018192, 0.012081572731176857, 0.012064859854018192, 0.012072435107481353, 116.5718825929888]]}