{"pair": "2VSPEewK7yU8a4XPwaRhZLNMTzAzHrU4gkEygarDnuNH", "n_bars": 100, "span": [1782920626.0, 1782946286.0], "bars": [[1782920640, 8.363065141518965e-06, 8.363065141518965e-06, 8.276835790335986e-06, 8.276835790335986e-06, 0.73999842361636], [1782920700, 8.276835790335986e-06, 8.277397975485128e-06, 8.199814759161601e-06, 8.277397975485128e-06, 53.22590473705587], [1782921120, 8.277397975485128e-06, 8.277397975485128e-06, 8.181831162298597e-06, 8.181831162298597e-06, 4.64404803369611], [1782921300, 8.181831162298597e-06, 8.181831162298597e-06, 8.135723460200077e-06, 8.135723460200077e-06, 19.44287250350692], [1782921780, 8.135723460200077e-06, 8.135723460200077e-06, 8.111034395834704e-06, 8.111034395834704e-06, 0.13714490428056356], [1782922260, 8.111034395834704e-06, 8.111034395834704e-06, 8.111011995042203e-06, 8.111011995042203e-06, 8.131997956350043], [1782922800, 8.111011995042203e-06, 8.214410258063256e-06, 8.111011995042203e-06, 8.214410258063256e-06, 7.749794623187664], [1782922920, 8.214410258063256e-06, 8.214410258063256e-06, 8.108551661834264e-06, 8.108551661834264e-06, 1.410218984298415], [1782923100, 8.108551661834264e-06, 8.2508166810889e-06, 8.103169918440475e-06, 8.2508166810889e-06, 19.81125124934771], [1782923160, 8.2508166810889e-06, 8.2508166810889e-06, 8.205425810640839e-06, 8.205425810640839e-06, 0.029883248465674327], [1782923400, 8.205425810640839e-06, 8.331979969614927e-06, 8.205425810640839e-06, 8.331979969614927e-06, 1.7599559271639824], [1782923460, 8.331979969614927e-06, 8.331979969614927e-06, 8.228319075692407e-06, 8.228319075692407e-06, 0.12906107098686578], [1782923940, 8.228319075692407e-06, 8.36144389951699e-06, 8.228319075692407e-06, 8.36144389951699e-06, 26.370507251880607], [1782924180, 8.36144389951699e-06, 8.941935344916826e-06, 8.36144389951699e-06, 8.910428731564229e-06, 129.66666871044282], [1782924240, 8.910428731564229e-06, 9.265497151569991e-06, 8.910428731564229e-06, 9.265497151569991e-06, 98.76162288433565], [1782924480, 9.265497151569991e-06, 9.401433549137775e-06, 9.265497151569991e-06, 9.401433549137775e-06, 24.14246402506764], [1782924660, 9.401433549137775e-06, 9.53404294675243e-06, 9.401433549137775e-06, 9.53404294675243e-06, 49.3393293050413], [1782924840, 9.53404294675243e-06, 9.63606351580324e-06, 9.53404294675243e-06, 9.63606351580324e-06, 4.879232314780402], [1782924900, 9.63606351580324e-06, 9.72847247941178e-06, 9.63606351580324e-06, 9.72847247941178e-06, 29.126723084676225], [1782924960, 9.72847247941178e-06, 9.72847247941178e-06, 9.623800805397064e-06, 9.623800805397064e-06, 0.06567430745164572], [1782925320, 9.623800805397064e-06, 9.623800805397064e-06, 9.494753055328195e-06, 9.566319188032335e-06, 35.43779029365048], [1782925440, 9.566319188032335e-06, 9.633884821866547e-06, 9.566319188032335e-06, 9.633884821866547e-06, 18.652905423548898], [1782925680, 9.633884821866547e-06, 9.679588522180357e-06, 9.633884821866547e-06, 9.679588522180357e-06, 0.1078691369017374], [1782925740, 9.679588522180357e-06, 9.679588522180357e-06, 9.349433303172498e-06, 9.349433303172498e-06, 50.397470864357295], [1782925860, 9.349433303172498e-06, 9.349433303172498e-06, 9.329750075114296e-06, 9.329750075114296e-06, 13.13694653193652], [1782927420, 9.329750075114296e-06, 9.370038196281285e-06, 9.329750075114296e-06, 9.370038196281285e-06, 4.895656720770129], [1782927480, 9.370038196281285e-06, 9.505750008648043e-06, 9.370038196281285e-06, 9.505750008648043e-06, 14.156736003844301], [1782927900, 9.505750008648043e-06, 9.505750008648043e-06, 9.363022199938348e-06, 9.363022199938348e-06, 21.651320543548895], [1782928140, 9.363022199938348e-06, 9.363022199938348e-06, 9.329434258171897e-06, 9.329434258171897e-06, 0.2893303483800966], [1782928260, 9.329434258171897e-06, 9.481360306883492e-06, 9.329434258171897e-06, 9.481360306883492e-06, 18.79117866759003], [1782928560, 9.481360306883492e-06, 9.543460124164132e-06, 9.481360306883492e-06, 9.543460124164132e-06, 9.870441599411588], [1782928740, 9.543460124164132e-06, 9.582154974402686e-06, 9.543460124164132e-06, 9.582154974402686e-06, 9.657501027191481], [1782928980, 9.582154974402686e-06, 1.0235516101758263e-05, 9.582154974402686e-06, 1.0235516101758263e-05, 144.5473619029151], [1782929040, 1.0235516101758263e-05, 1.0638238288143891e-05, 1.0235516101758263e-05, 1.0638238288143891e-05, 162.46579703955302], [1782929100, 1.0638238288143891e-05, 1.1001006044837054e-05, 1.0638238288143891e-05, 1.1001006044837054e-05, 14.206454547976504], [1782929160, 1.1001006044837054e-05, 1.1001006044837054e-05, 1.0859396361266652e-05, 1.0859396361266652e-05, 14.83212389144275], [1782929220, 1.0859396361266652e-05, 1.0859396361266652e-05, 1.0663953363879159e-05, 1.0663953363879159e-05, 78.95565492558796], [1782929520, 1.0663953363879159e-05, 1.0663953363879159e-05, 1.0155726234603045e-05, 1.0155726234603045e-05, 78.45090642562823], [1782929940, 1.0155726234603045e-05, 1.0155726234603045e-05, 1.0143660259100038e-05, 1.0143660259100038e-05, 4.8124681909967135], [1782930000, 1.0143660259100038e-05, 1.0269359191540328e-05, 1.0143660259100038e-05, 1.0269359191540328e-05, 9.254286656073496], [1782930060, 1.0269359191540328e-05, 1.0279914785135006e-05, 1.0269359191540328e-05, 1.0279914785135006e-05, 0.7885765110238139], [1782930120, 1.0279914785135006e-05, 1.0279914785135006e-05, 1.0106725842452672e-05, 1.0106725842452672e-05, 19.659051990868704], [1782930180, 1.0106725842452672e-05, 1.0106725842452672e-05, 8.951843954779733e-06, 8.951843954779733e-06, 264.0054442224975], [1782930240, 8.951843954779733e-06, 9.133604669134669e-06, 8.951843954779733e-06, 9.133604669134669e-06, 39.94343190138309], [1782930300, 9.133604669134669e-06, 9.312804275771686e-06, 9.133604669134669e-06, 9.312804275771686e-06, 43.94977511615205], [1782930900, 9.312804275771686e-06, 9.312804275771686e-06, 9.235481877260688e-06, 9.235481877260688e-06, 23.949453676656137], [1782931380, 9.235481877260688e-06, 9.235481877260688e-06, 9.196530541889953e-06, 9.196530541889953e-06, 0.23529631797077166], [1782931440, 9.196530541889953e-06, 9.196530541889953e-06, 9.093340577072001e-06, 9.093340577072001e-06, 48.8915298451546], [1782932460, 9.093340577072001e-06, 9.093340577072001e-06, 8.94256689797038e-06, 8.94256689797038e-06, 8.943755365111121], [1782932640, 8.94256689797038e-06, 8.94256689797038e-06, 8.613235424455723e-06, 8.613235424455723e-06, 146.24981426717034], [1782932700, 8.613235424455723e-06, 8.613235424455723e-06, 8.452303043206312e-06, 8.452303043206312e-06, 1.1149470484352182], [1782932820, 8.452303043206312e-06, 8.552481301551642e-06, 8.452303043206312e-06, 8.552481301551642e-06, 52.23335213281326], [1782933720, 8.552481301551642e-06, 8.657142815722051e-06, 8.552481301551642e-06, 8.657142815722051e-06, 5.69388929097595], [1782933840, 8.657142815722051e-06, 8.657142815722051e-06, 8.52545506692286e-06, 8.52545506692286e-06, 18.14006829924737], [1782933960, 8.52545506692286e-06, 8.52545506692286e-06, 8.460299054474171e-06, 8.460299054474171e-06, 1.3715481027883143], [1782934260, 8.460299054474171e-06, 8.460299054474171e-06, 8.049378970443158e-06, 8.049378970443158e-06, 209.3638369103881], [1782934380, 8.049378970443158e-06, 8.049378970443158e-06, 7.841070175966097e-06, 7.841070175966097e-06, 51.12522447045419], [1782934440, 7.841070175966097e-06, 8.040499307216032e-06, 7.841070175966097e-06, 8.040499307216032e-06, 49.38617942841708], [1782934620, 8.040499307216032e-06, 8.040499307216032e-06, 8.023759455887168e-06, 8.023759455887168e-06, 0.02609654006223255], [1782934800, 8.023759455887168e-06, 8.023759455887168e-06, 8.018459781414774e-06, 8.018459781414774e-06, 2.1048672222660763], [1782934980, 8.018459781414774e-06, 8.018459781414774e-06, 7.952389686060506e-06, 7.952389686060506e-06, 17.111399852988267], [1782935100, 7.952389686060506e-06, 8.085225005281694e-06, 7.952389686060506e-06, 8.085225005281694e-06, 19.601929901305073], [1782935280, 8.085225005281694e-06, 8.085225005281694e-06, 8.01681664809243e-06, 