{"pair": "Gh6HDSh1fchK35Jk8JF1qjyKz68deZyZfU4Xv3HieXVC", "n_bars": 93, "span": [1782823330.0, 1782940166.0], "bars": [[1782824640, 4.830046171920435e-05, 4.830046171920435e-05, 4.799240157949932e-05, 4.799240157949932e-05, 3.5269497730366606], [1782824940, 4.799240157949932e-05, 4.8352188053067076e-05, 4.799240157949932e-05, 4.8352188053067076e-05, 8.967878159083746], [1782825000, 4.8352188053067076e-05, 4.8352188053067076e-05, 4.762488752694702e-05, 4.762488752694702e-05, 11.807617524048068], [1782825300, 4.762488752694702e-05, 4.832774654656828e-05, 4.762488752694702e-05, 4.832774654656828e-05, 3.9412300546788006], [1782825480, 4.832774654656828e-05, 4.832774654656828e-05, 4.7365973330843676e-05, 4.7365973330843676e-05, 27.62656324672496], [1782825720, 4.7365973330843676e-05, 4.7365973330843676e-05, 4.1704024781768786e-05, 4.198176925928186e-05, 661.4762039996709], [1782825900, 4.198176925928186e-05, 4.198176925928186e-05, 4.09239277478352e-05, 4.0967064594093125e-05, 92.20508343803088], [1782825960, 4.0967064594093125e-05, 4.10026657379159e-05, 4.0391215055862495e-05, 4.0391215055862495e-05, 3.3904316510813413], [1782826020, 4.0391215055862495e-05, 4.039334068347928e-05, 4.0391215055862495e-05, 4.039334068347928e-05, 1.8779080762515479], [1782826140, 4.039334068347928e-05, 4.039334068347928e-05, 4.032806832658393e-05, 4.032806832658393e-05, 1.8753422477440418], [1782826260, 4.032806832658393e-05, 4.033103562316204e-05, 4.032806832658393e-05, 4.033103562316204e-05, 1.8759491035093618], [1782826560, 4.033103562316204e-05, 4.033103562316204e-05, 4.004558789974631e-05, 4.004558789974631e-05, 1.8631375175454141], [1782826680, 4.004558789974631e-05, 4.004558789974631e-05, 4.0036979935670716e-05, 4.0036979935670716e-05, 1.8632027127080324], [1782826740, 4.0036979935670716e-05, 4.0036979935670716e-05, 4.0001713696167044e-05, 4.0001713696167044e-05, 14.965401484471663], [1782826800, 4.0001713696167044e-05, 4.0001713696167044e-05, 3.997256743927138e-05, 3.997256743927138e-05, 7.413710298026637], [1782826920, 3.997256743927138e-05, 3.997256743927138e-05, 3.9703031712886124e-05, 3.9703031712886124e-05, 25.92323991483459], [1782826980, 3.9703031712886124e-05, 3.9703031712886124e-05, 3.9618579571044646e-05, 3.9618579571044646e-05, 12.466362577913285], [1782827100, 3.9618579571044646e-05, 3.9618579571044646e-05, 3.958793364767796e-05, 3.958793364767796e-05, 1.8578595371499116], [1782827160, 3.958793364767796e-05, 3.958793364767796e-05, 3.9520156257743304e-05, 3.9520156257743304e-05, 0.09295552658553853], [1782827220, 3.9520156257743304e-05, 3.9520156257743304e-05, 3.947635598712226e-05, 3.947635598712226e-05, 1.8531095726271516], [1782827400, 3.947635598712226e-05, 3.953601608119142e-05, 3.947635598712226e-05, 3.953601608119142e-05, 0.11297465789865259], [1782827460, 3.953601608119142e-05, 3.9680977725809575e-05, 3.953601608119142e-05, 3.9680977725809575e-05, 4.430569478967638], [1782827580, 3.9680977725809575e-05, 4.107850796121981e-05, 3.9680977725809575e-05, 4.107850796121981e-05, 165.90335919626534], [1782827820, 4.107850796121981e-05, 4.2009804702229876e-05, 4.107850796121981e-05, 4.2009804702229876e-05, 0.7201535162364642], [1782828240, 4.2009804702229876e-05, 4.344817376742425e-05, 4.2009804702229876e-05, 4.344817376742425e-05, 175.68685541969268], [1782828480, 4.344817376742425e-05, 4.3686439425418e-05, 4.344817376742425e-05, 4.3686439425418e-05, 6.488327866463373], [1782828780, 4.3686439425418e-05, 4.3686439425418e-05, 4.281145297357182e-05, 4.281145297357182e-05, 150.26047799633457], [1782829200, 4.281145297357182e-05, 4.342376370125942e-05, 4.281145297357182e-05, 4.342376370125942e-05, 172.23116275779154], [1782829320, 4.342376370125942e-05, 4.342376370125942e-05, 4.295634956579658e-05, 4.295634956579658e-05, 169.52537725710948], [1782830100, 4.295634956579658e-05, 4.295634956579658e-05, 4.21549122447784e-05, 4.21549122447784e-05, 0.3100418979486748], [1782830340, 4.21549122447784e-05, 4.21549122447784e-05, 4.0224236172269986e-05, 4.0224236172269986e-05, 302.42278647586977], [1782830520, 4.0224236172269986e-05, 4.0224236172269986e-05, 4.0014953183433306e-05, 4.0014953183433306e-05, 144.43019661425268], [1782830640, 4.0014953183433306e-05, 4.0014953183433306e-05, 3.95954119052387e-05, 3.95954119052387e-05, 142.9159019699563], [1782830880, 3.95954119052387e-05, 3.95954119052387e-05, 3.866923275669758e-05, 3.866923275669758e-05, 1.4750394289034487], [1782831540, 3.866923275669758e-05, 3.8825494765832635e-05, 3.8398030663839354e-05, 3.8825494765832635e-05, 22.16358414466138], [1782831840, 3.8825494765832635e-05, 3.8825494765832635e-05, 3.8124120857684804e-05, 3.8124120857684804e-05, 1.456293685440494], [1782831960, 3.8124120857684804e-05, 3.865944185661507e-05, 3.8124120857684804e-05, 3.865944185661507e-05, 2.848179735559363], [1782832140, 3.865944185661507e-05, 3.878851483671308e-05, 3.865944185661507e-05, 3.878851483671308e-05, 0.00715488996007199], [1782832320, 3.878851483671308e-05, 3.878851483671308e-05, 3.822852089308929e-05, 3.822852089308929e-05, 2.1755742920507735], [1782832500, 3.822852089308929e-05, 3.8815065373871816e-05, 3.822852089308929e-05, 3.824124608429115e-05, 1.433745928269944], [1782833100, 3.824124608429115e-05, 3.8460741790854e-05, 3.824124608429115e-05, 3.8460741790854e-05, 0.6593136681798485], [1782833640, 3.8460741790854e-05, 3.8460741790854e-05, 3.8167557554555126e-05, 3.8167557554555126e-05, 60.28214899663427], [1782833940, 3.8167557554555126e-05, 3.8167557554555126e-05, 3.767174038196571e-05, 3.767174038196571e-05, 12.294791252333022], [1782834060, 3.767174038196571e-05, 3.813963953810669e-05, 3.767174038196571e-05, 3.813963953810669e-05, 7.233046283126383], [1782834300, 3.813963953810669e-05, 3.840616283985004e-05, 3.813963953810669e-05, 3.840616283985004e-05, 0.9292382233816447], [1782834780, 3.840616283985004e-05, 3.840616283985004e-05, 3.783285412083709e-05, 3.783285412083709e-05, 5.800891003283358], [1782836040, 3.783285412083709e-05, 3.783285412083709e-05, 3.75539856290223e-05, 3.75539856290223e-05, 7.121979113074372], [1782836520, 3.75539856290223e-05, 3.805802663262874e-05, 3.75539856290223e-05, 3.805802663262874e-05, 16.51847966321063], [1782836700, 3.805802663262874e-05, 3.805802663262874e-05, 3.7499388614840247e-05, 3.7499388614840247e-05, 4.489576789098353], [1782836820, 3.7499388614840247e-05, 3.7499388614840247e-05, 3.7428866906809537e-05, 3.7428866906809537e-05, 7.53125726620792], [1782837600, 3.7428866906809537e-05, 3.8158181232746187e-05, 3.7428866906809537e-05, 3.8158181232746187e-05, 3.620605709750557], [1782837780, 3.8158181232746187e-05, 3.8158181232746187e-05, 3.758250309036604e-05, 3.758250309036604e-05, 0.7234892853124474], [1782838140, 3.758250309036604e-05, 3.773971593223939e-05, 3.758250309036604e-05, 3.773971593223939e-05, 0.9131135211303762], [1782838320, 3.773971593223939e-05, 3.832502423440597e-05, 3.773971593223939e-05, 3.7855710566515725e-05, 12.112176157704413], [1782838680, 3.7855710566515725e-05, 3.7855710566515725e-05, 3.784924411290325e-05, 3.784924411290325e-05, 20.399421202174167], [1782839220, 3.784924411290325e-05, 3.784924411290325e-05, 3.759106824302218e-05, 3.759106824302218e-05, 37.60139843010418], [1782840240, 3.759106824302218e-05, 3.759106824302218e-05, 3.726288934205243e-05, 3.726288934205243e-05, 3.535656720395754], [1782840540, 3.726288934205243e-05, 3.726288934205243e-05, 3.716913534676613e-05, 3.716913534676613e-05, 9.621787596578773], [1782842100, 3.716913534676613e-05, 3.7454233448849096e-05, 3.704504478781338e-05, 3.7454233448849096e-05, 16.082411356486503], [1782842760, 3.7454233448849096e-05, 3.7454233448849096e-05, 3.734774085991106e-05, 3.734774085991106e-05, 1.4330826341993654], [1782843000, 3.734774085991106e-05, 3.734774085991106e-05, 3.683848381884344e-05, 3.683848381884344e-05, 12.466166964317553], [1782845820, 3.683848381884344e-05, 3.690207737342993e-05, 3.683848381884344e-05, 3.688463490172047e-05, 3.4198484502498263], [1782848460, 3.688463490172047e-05, 