{"pair": "2cz2GC3UkwKaFomL8uHAcSgRW6gLHBDx5viRMPVykics", "n_bars": 157, "span": [1782935142.0, 1782944692.0], "bars": [[1782935160, 0.0016987057037441513, 0.001733323825530277, 0.0016832206358449121, 0.0016832206358449121, 2299.6754076008842], [1782935220, 0.0016832206358449121, 0.0016919633539052331, 0.0015986091099408246, 0.0016142819349318942, 3319.7088492190946], [1782935280, 0.0016142819349318942, 0.0017623773753976456, 0.0015579750309307958, 0.0017258615782736674, 12743.269423878342], [1782935340, 0.0017258615782736674, 0.0017773998953141805, 0.0016888726060877237, 0.0017343306831420619, 4668.06571666501], [1782935400, 0.0017343306831420619, 0.0018247394836057942, 0.0017282639405842863, 0.0018247394836057942, 4123.109480517279], [1782935460, 0.0018247394836057942, 0.0018707464281071586, 0.0018004094334489226, 0.0018245269608690607, 3859.671367998], [1782935520, 0.0018245269608690607, 0.0018779319091288334, 0.001739638170252091, 0.0018765095401744175, 7547.807568388258], [1782935580, 0.0018765095401744175, 0.0018870088698727694, 0.0018063713628350669, 0.001839234640166036, 2974.7739503136854], [1782935640, 0.001839234640166036, 0.0018446240095814628, 0.0017283308477447038, 0.0017283308477447038, 3069.8682919515963], [1782935700, 0.0017283308477447038, 0.0017283308477447038, 0.0016910238856293345, 0.0016910238856293345, 937.1132635103118], [1782935760, 0.0016910238856293345, 0.0017266140624267144, 0.0016794017643506985, 0.0017017830690173594, 1299.7341080670928], [1782935820, 0.0017017830690173594, 0.0017126188581024489, 0.0016606733548531361, 0.0016815849874789474, 985.8437855014979], [1782935880, 0.0016815849874789474, 0.0016815849874789474, 0.0016454325082609189, 0.0016496270025056273, 496.83924418547133], [1782935940, 0.0016496270025056273, 0.0017029955650665848, 0.0016496270025056273, 0.0017029955650665848, 681.7970992279735], [1782936000, 0.0017029955650665848, 0.0017160789257605262, 0.0016260483250715115, 0.001700519685957049, 3614.0848614249676], [1782936060, 0.001700519685957049, 0.001700519685957049, 0.0016016097532860732, 0.0016294686598303978, 2886.9045147867773], [1782936120, 0.0016294686598303978, 0.0016984031215885739, 0.0016098274624651676, 0.001679778672907813, 1824.9612579544244], [1782936180, 0.001679778672907813, 0.0017295622331026373, 0.0016795283261332565, 0.0016972006777963744, 932.2890318976401], [1782936240, 0.0016972006777963744, 0.0016972006777963744, 0.0016514681193362394, 0.0016830419979805794, 2029.119018196352], [1782936300, 0.0016830419979805794, 0.0016865162138139306, 0.0016336940739321135, 0.0016395219627285183, 1496.217136132609], [1782936360, 0.0016395219627285183, 0.0016714340713281193, 0.001607635796624413, 0.001632279767611956, 3696.9171609857863], [1782936420, 0.001632279767611956, 0.0016435676487661188, 0.0016250391565039205, 0.0016406568461572893, 290.7840180993554], [1782936480, 0.0016406568461572893, 0.0016442844121290624, 0.0016072034876964958, 0.0016223614024291403, 593.781843218729], [1782936540, 0.0016223614024291403, 0.001637153761058125, 0.0016219965212781844, 0.001637153761058125, 316.7088686820443], [1782936600, 0.001637153761058125, 0.0016493682486535956, 0.0016288020787905378, 0.0016288020787905378, 431.28072062989304], [1782936660, 0.0016288020787905378, 0.0016470447182947213, 0.0016260491752884208, 0.0016402768882543565, 435.9745312341463], [1782936720, 0.0016402768882543565, 0.0016674354664081745, 0.0016226731363341274, 0.0016674354664081745, 662.3312841903607], [1782936780, 0.0016674354664081745, 0.0016703040484123152, 0.0016338101788231937, 0.0016348600463133053, 597.6803314822682], [1782936840, 0.0016348600463133053, 0.001655994159348785, 0.0016343151078209858, 0.0016377133301730528, 246.06288093533948], [1782936900, 0.0016377133301730528, 0.0016377133301730528, 0.001634425546464208, 0.001634425546464208, 48.77888546267013], [1782936960, 0.001634425546464208, 0.0016506476088181841, 0.0016226608579992083, 0.0016233735786479607, 638.0684292674363], [1782937020, 0.0016233735786479607, 0.0016233735786479607, 0.0015864370685739473, 0.0016117293467282695, 1388.5315219893696], [1782937080, 0.0016117293467282695, 0.001617952368943007, 0.0015992871018060103, 0.001617952368943007, 165.1379892132597], [1782937140, 0.001617952368943007, 0.001617952368943007, 0.0015562642206315388, 0.0015562642206315388, 1670.5068242476782], [1782937200, 0.0015562642206315388, 0.0016118338054738168, 0.0015310907982476576, 0.0015937451915654377, 2788.13383413176], [1782937260, 0.0015937451915654377, 0.0016211834186741032, 0.0015929465668171217, 0.0016117649237112422, 614.1619805438922], [1782937320, 0.0016117649237112422, 0.0016117649237112422, 0.001584472535637676, 0.001584472535637676, 570.5218783773333], [1782937380, 0.001584472535637676, 0.0016303818309901894, 0.001584472535637676, 0.0016253943086450293, 932.7239093696802], [1782937440, 0.0016253943086450293, 0.0016434376692884836, 0.0016179574959991848, 0.0016179574959991848, 384.8599069332971], [1782937500, 0.0016179574959991848, 0.0017011941505946646, 0.0016179574959991848, 0.0016768456146817512, 2952.842291541584], [1782937560, 0.0016768456146817512, 0.001736156117009218, 0.0016605121734240749, 0.0017228935303746193, 2467.6760235966995], [1782937620, 0.0017228935303746193, 0.0017228935303746193, 0.0016933594741886722, 0.001713727592602941, 678.1593902480539], [1782937680, 0.001713727592602941, 0.0017186650350012826, 0.0016494154366571423, 0.0016494154366571423, 1435.5911622195954], [1782937740, 0.0016494154366571423, 0.001668809652696379, 0.0016488969889091201, 0.0016488969889091201, 274.518029440898], [1782937800, 0.0016488969889091201, 0.001665068448668143, 0.0016435306432571611, 0.0016642745550509096, 323.51254379974836], [1782937860, 0.0016642745550509096, 0.0017093795155723747, 0.0016642745550509096, 0.0017093795155723747, 1405.9340271209417], [1782937920, 0.0017093795155723747, 0.0017500502606772545, 0.0017006905059048225, 0.0017107392236631119, 2098.2937244207756], [1782937980, 0.0017107392236631119, 0.0017570016008249003, 0.0017107392236631119, 0.0017323250908188737, 1060.449445212073], [1782938040, 0.0017323250908188737, 0.0017416114956343997, 0.0017201212936022033, 0.0017416114956343997, 162.83349306071366], [1782938100, 0.0017416114956343997, 0.0018401156986635006, 0.001722683755271349, 0.001835908518654088, 5901.5870571450105], [1782938160, 0.001835908518654088, 0.001904770863782259, 0.0018310115106063118, 0.001904770863782259, 2050.0007101015985], [1782938220, 0.001904770863782259, 0.0019092119707094775, 0.0017954044761043014, 0.0017954044761043014, 2087.9758816107505], [1782938280, 0.0017954044761043014, 0.0018439909664691506, 0.0017954044761043014, 0.0018288253006849193, 826.9244960781687], [1782938340, 0.0018288253006849193, 0.0018519591461987595, 0.0018273081898069986, 0.0018519591461987595, 274.83909282353915], [1782938400, 0.0018519591461987595, 0.0018760590093777503, 0.0018381280226866194, 0.0018760590093777503, 374.3132771293176], [1782938460, 0.0018760590093777503, 0.0018760590093777503, 0.0018462901894418667, 0.0018748418813016065, 957.2811877005186], [1782938520, 0.0018748418813016065, 0.0018930278951951353, 0.0018638268387473765, 0.0018664943764266052, 2472.290614202316], [1782938580, 0.0018664943764266052, 0.0018664943764266052, 0.0017579595592695624, 0.0018103713974487528, 4385.267471490772], [1782938640, 0.0018103713974487528, 0.0018181075496887934, 0.0017382900151962507, 0.0017529901959204644, 3006.9307048967726], [1782938700, 0.0017529901959204644, 0.0018983933751564371, 0.0017529901959204644, 0.0018223950540706528, 4313.120917425493], [1782938760, 0.0018223950540706528, 0.0018371510963857735, 0.0018182825597910784, 0.0018371510963857735, 131.78202625893692], [1782938820, 0.0018371510963857735, 0.0018468597267655503, 0.0017929487865250397, 0.0018270055976562112, 2379.561373484461], [1782938880, 0.0018270055976562112, 0.0018389376341970346, 0.0017639293518933478, 0.0017903861218354056, 2620.6114894671955], [1782938940, 