{"pair": "BqQSqrUeo5Ke1QFChiQMf6QvPwfPptUYy57Z3Kweq7cD", "n_bars": 129, "span": [1782938362.0, 1782964685.0], "bars": [[1782939120, 3.189151995165974e-05, 3.2165673366476843e-05, 1.1898536691593043e-05, 2.4275327204667282e-05, 16239.659414480862], [1782939180, 2.4275327204667282e-05, 2.509840552663208e-05, 1.2600340826264587e-05, 1.6119939978996816e-05, 10557.311218373257], [1782939240, 1.6119939978996816e-05, 2.443184921904827e-05, 1.538902816353923e-05, 1.9744856029927196e-05, 9668.661378565806], [1782939300, 1.9744856029927196e-05, 2.633102943147748e-05, 1.2729510848631473e-05, 2.4603197811376533e-05, 10829.017347215977], [1782939360, 2.4603197811376533e-05, 4.1153249961409803e-05, 2.4603197811376533e-05, 3.80978262134466e-05, 14631.486205182091], [1782939420, 3.80978262134466e-05, 4.663259890513124e-05, 2.9060568378466745e-05, 3.738147286401328e-05, 11058.590921615334], [1782939480, 3.738147286401328e-05, 5.1735957707032235e-05, 3.624770533961749e-05, 4.7355979535449914e-05, 12514.583980903157], [1782939540, 4.7355979535449914e-05, 6.288440300618322e-05, 4.7243630827032966e-05, 5.340974239609402e-05, 9801.863656207104], [1782939600, 5.340974239609402e-05, 8.804194403877529e-05, 5.340974239609402e-05, 8.414572304325495e-05, 11382.470059399482], [1782939660, 8.414572304325495e-05, 0.00010489994917006977, 7.737622153076803e-05, 9.023565877908533e-05, 13945.303236086129], [1782939720, 9.023565877908533e-05, 0.00012387090916089023, 9.023565877908533e-05, 0.00011079324710190932, 11641.603724022842], [1782939780, 0.00011079324710190932, 0.0001388266996831199, 0.00010681827201683238, 0.0001262194950192723, 10714.60181420385], [1782939840, 0.0001262194950192723, 0.00013598327789676517, 9.979637322284237e-05, 0.00010280705539484094, 7009.090483033229], [1782939900, 0.00010280705539484094, 0.00011066180450575608, 8.993589067193657e-05, 9.137416220150472e-05, 9251.321168047309], [1782939960, 9.137416220150472e-05, 0.00011329366214191914, 8.305392024403198e-05, 0.00011329366214191914, 8196.442399686126], [1782940020, 0.00011329366214191914, 0.00011402976895906435, 9.212342533028733e-05, 0.00010390107220685552, 6984.6120019973605], [1782940080, 0.00010390107220685552, 0.0001053807291646466, 9.051014100183731e-05, 9.217749301664409e-05, 4613.427661242028], [1782940140, 9.217749301664409e-05, 0.00011432796694844477, 9.064098919215457e-05, 0.00010318310491973145, 6249.703219512321], [1782940200, 0.00010318310491973145, 0.00011886750004758563, 8.937747693295256e-05, 9.129259560819144e-05, 7148.33731340427], [1782940260, 9.129259560819144e-05, 0.00010868198355510967, 8.703402842530742e-05, 0.00010681980650432718, 6132.906555491342], [1782940320, 0.00010681980650432718, 0.00011739432946056176, 0.00010414609182277824, 0.00010814105064000554, 6779.22145069054], [1782940380, 0.00010814105064000554, 0.00011808447908712478, 0.00010031394254120573, 0.00011411446396130987, 5403.67864319433], [1782940440, 0.00011411446396130987, 0.00013948778875116645, 0.0001111111723071155, 0.00013228419510993386, 6686.088667338798], [1782940500, 0.00013228419510993386, 0.00015651799752912742, 0.00012470218727623017, 0.0001378475642042654, 10745.395499701477], [1782940560, 0.0001378475642042654, 0.0001426523009729084, 0.00012970830413411326, 0.00012970830413411326, 7557.489180000071], [1782940620, 0.00012970830413411326, 0.00014007466883736127, 0.00012192043908979753, 0.000126761196627442, 7444.002087099247], [1782940680, 0.000126761196627442, 0.00014225162115845494, 0.00012364356610738747, 0.00013397641616723138, 5409.371308702292], [1782940740, 0.00013397641616723138, 0.00014374734758306523, 0.00012898143679493753, 0.00013175124609933006, 4904.789965148366], [1782940800, 0.00013175124609933006, 0.00014523676004608597, 0.00012587797224847494, 0.00013390038494241242, 5961.865461880131], [1782940860, 0.00013390038494241242, 0.000137483617085719, 0.0001242281804115869, 0.0001242281804115869, 4033.755842121806], [1782940920, 0.0001242281804115869, 0.00013394237649921734, 9.882901461513892e-05, 0.0001071832032247756, 7485.080894945731], [1782940980, 0.0001071832032247756, 0.00011634195574849203, 9.021099631327229e-05, 0.00010532033778081802, 8392.876098323446], [1782941040, 0.00010532033778081802, 0.000107541613911511, 7.47946426875213e-05, 9.257010764954075e-05, 7456.501575543735], [1782941100, 9.257010764954075e-05, 0.00011967409825769188, 9.239762347178821e-05, 0.00011160435526177957, 5911.768139884144], [1782941160, 0.00011160435526177957, 0.00012139017356423273, 9.812975148169907e-05, 0.00010324337985382103, 14434.049652576903], [1782941220, 0.00010324337985382103, 0.00011989256843306067, 8.12800168502574e-05, 9.748595467814553e-05, 15064.498935857568], [1782941280, 9.748595467814553e-05, 0.00011082245467374346, 8.114158106779344e-05, 9.149535354066314e-05, 14597.79528238862], [1782941340, 9.149535354066314e-05, 0.00012125213299351362, 8.074531986713133e-05, 0.00011097710431036198, 15025.312202433752], [1782941400, 0.00011097710431036198, 0.00011443795192047826, 8.163624285867943e-05, 8.713118377043281e-05, 8461.675248850239], [1782941460, 8.713118377043281e-05, 0.00012362220447518425, 8.343295634995552e-05, 0.00012158136130823077, 10478.665969578808], [1782941520, 0.00012158136130823077, 0.0001325416924646471, 0.00011777933678898907, 0.00013051322589420342, 4833.3154998035125], [1782941580, 0.00013051322589420342, 0.00014136459283830766, 9.529212167706421e-05, 9.857478364404921e-05, 10375.718472631435], [1782941640, 9.857478364404921e-05, 0.00011269491850750903, 9.211202226965785e-05, 9.971488808499899e-05, 15925.911163570476], [1782941700, 9.971488808499899e-05, 0.00011307108452920745, 7.34852105811804e-05, 7.50716211435645e-05, 18309.338939334455], [1782941760, 7.50716211435645e-05, 7.731442059580215e-05, 2.251295020491565e-06, 2.5393725116958864e-06, 14320.516433051682], [1782941820, 2.5393725116958864e-06, 2.884442346451308e-06, 2.5310920939418996e-06, 2.789452239813731e-06, 399.90903818373687], [1782941880, 2.789452239813731e-06, 2.789452239813731e-06, 2.5514837588202017e-06, 2.6101701282159405e-06, 117.65727533709709], [1782941940, 2.6101701282159405e-06, 2.6188426784973945e-06, 2.445728176220816e-06, 2.4928658664317686e-06, 66.84347519672458], [1782942000, 2.4928658664317686e-06, 2.4928658664317686e-06, 2.4359037491484893e-06, 2.4373775910622695e-06, 11.382176951402279], [1782942060, 2.4373775910622695e-06, 2.521455059055081e-06, 2.414469740858279e-06, 2.521455059055081e-06, 86.15795423616899], [1782942120, 2.521455059055081e-06, 2.521455059055081e-06, 2.4769825310488505e-06, 2.5109224312636468e-06, 3.818562063186657], [1782942180, 2.5109224312636468e-06, 2.582517071644587e-06, 2.416067072235343e-06, 2.5526908605422066e-06, 117.63069471829523], [1782942240, 2.5526908605422066e-06, 2.5626399602245827e-06, 2.5076500494306033e-06, 2.5626399602245827e-06, 25.610930698205514], [1782942300, 2.5626399602245827e-06, 2.6002990610864217e-06, 2.5626399602245827e-06, 2.6002990610864217e-06, 14.181670488986894], [1782942360, 2.6002990610864217e-06, 2.7081052521954494e-06, 2.6002990610864217e-06, 2.7081052521954494e-06, 43.477726373771624], [1782942420, 2.7081052521954494e-06, 2.7081052521954494e-06, 2.6806048585963784e-06, 2.681458486740173e-06, 0.024168948598717457], [1782942480, 2.681458486740173e-06, 2.681458486740173e-06, 2.5590040398688202e-06, 2.5913105280793006e-06, 52.62943391777447], [1782942540, 2.5913105280793006e-06, 2.5913105280793006e-06, 2.2991986581161387e-06, 2.2991986581161387e-06, 138.24295959990033], [1782942600, 2.2991986581161387e-06, 2.309307903567401e-06, 2.284973943086121e-06, 2.284973943086121e-06, 9.310545575454713], [1782942660, 2.284973943086121e-06, 2.284973943086121e-06, 2.284338946727785e-06, 2.2849429854622313e-06, 0.4880964164423347], [1782942720, 2.2849429854622313e-06, 2.43346254372345e-06, 2.2849429854622313e-06, 2.432992848736119e-06, 58.513686651907435], [1782942780, 2.432992848736119e-06, 2.4354002468117314e-06, 2.4202780395002297e-06, 