{"pair": "C93iMB1xHF9A2KZGaA5kzAkHKm3xsRGf9PZHhkHGQiNY", "n_bars": 93, "span": [1782931140.0, 1782946345.0], "bars": [[1782931200, 2.4137900382741705e-05, 2.4137900382741705e-05, 2.340682564928054e-05, 2.3503028584377522e-05, 114.52996059403708], [1782931440, 2.3503028584377522e-05, 2.3503028584377522e-05, 2.3389567605501364e-05, 2.3389567605501364e-05, 0.9757476235028211], [1782931500, 2.3389567605501364e-05, 2.3389567605501364e-05, 2.2755583147630006e-05, 2.2755583147630006e-05, 89.42810365798269], [1782931680, 2.2755583147630006e-05, 2.2755583147630006e-05, 2.2726030855459154e-05, 2.2726030855459154e-05, 5.3211517178700545], [1782931920, 2.2726030855459154e-05, 2.286358620686762e-05, 2.2726030855459154e-05, 2.286358620686762e-05, 14.48787949186111], [1782931980, 2.286358620686762e-05, 2.286358620686762e-05, 2.234738382317374e-05, 2.234738382317374e-05, 59.98878546266516], [1782932400, 2.234738382317374e-05, 2.234738382317374e-05, 2.1998453068716176e-05, 2.215793200658819e-05, 35.648317664837876], [1782932460, 2.215793200658819e-05, 2.2167564258010063e-05, 2.215793200658819e-05, 2.2167564258010063e-05, 0.07587014403590041], [1782932520, 2.2167564258010063e-05, 2.2167564258010063e-05, 2.1191947134168353e-05, 2.1201186404499454e-05, 147.8366557023753], [1782932700, 2.1201186404499454e-05, 2.1244929283880304e-05, 2.1201186404499454e-05, 2.1244929283880304e-05, 9.952366036058466], [1782933060, 2.1244929283880304e-05, 2.130821501138658e-05, 2.1244929283880304e-05, 2.130821501138658e-05, 7.588271012567532], [1782933300, 2.130821501138658e-05, 2.130821501138658e-05, 2.1022167131823754e-05, 2.1022167131823754e-05, 2.7555620740618645], [1782933360, 2.1022167131823754e-05, 2.1028217749957723e-05, 2.0991236697346283e-05, 2.0991236697346283e-05, 6.387217299856135], [1782933480, 2.0991236697346283e-05, 2.0991236697346283e-05, 2.0793016301354193e-05, 2.0793016301354193e-05, 62.52666827350725], [1782933840, 2.0793016301354193e-05, 2.0793016301354193e-05, 2.046998927036089e-05, 2.046998927036089e-05, 14.911483162650587], [1782933960, 2.046998927036089e-05, 2.046998927036089e-05, 2.0241728271110282e-05, 2.0241728271110282e-05, 40.05475314003957], [1782934260, 2.0241728271110282e-05, 2.0241728271110282e-05, 2.0064862672074248e-05, 2.0064862672074248e-05, 11.410598345114874], [1782934380, 2.0064862672074248e-05, 2.0064862672074248e-05, 1.9220269468938752e-05, 1.9395918230473004e-05, 160.8877667638053], [1782934500, 1.9395918230473004e-05, 1.9491668116067835e-05, 1.923654013651714e-05, 1.923654013651714e-05, 12.56180642410374], [1782934620, 1.923654013651714e-05, 1.923654013651714e-05, 1.799051395056671e-05, 1.8115916731786625e-05, 236.24498832134284], [1782934680, 1.8115916731786625e-05, 1.877452005638634e-05, 1.7483529014662715e-05, 1.7483529014662715e-05, 355.0507510163084], [1782934740, 1.7483529014662715e-05, 1.7483529014662715e-05, 1.569921270652536e-05, 1.6110711026899437e-05, 428.80763710450935], [1782934800, 1.6110711026899437e-05, 1.6110711026899437e-05, 1.606192084611441e-05, 1.606192084611441e-05, 0.17684650296460006], [1782934860, 1.606192084611441e-05, 1.8086672861481013e-05, 1.606192084611441e-05, 1.8003765975692684e-05, 384.48144473176296], [1782934980, 1.8003765975692684e-05, 1.8003765975692684e-05, 1.7943023874005536e-05, 1.7948871897880963e-05, 10.616234334367359], [1782935040, 1.7948871897880963e-05, 1.7948871897880963e-05, 1.7919288519311296e-05, 1.7919288519311296e-05, 4.360653014314648], [1782935160, 1.7919288519311296e-05, 1.7919288519311296e-05, 1.7313851366754336e-05, 1.751044817362633e-05, 101.08002785050634], [1782935220, 1.751044817362633e-05, 1.751044817362633e-05, 1.717191583196676e-05, 1.717191583196676e-05, 41.16996713617738], [1782935280, 1.717191583196676e-05, 1.7318462084978214e-05, 1.717191583196676e-05, 1.7318462084978214e-05, 16.751539724428792], [1782935340, 1.7318462084978214e-05, 1.86531672301449e-05, 1.7318462084978214e-05, 1.86531672301449e-05, 299.1388690898051], [1782935400, 1.86531672301449e-05, 1.86531672301449e-05, 1.847799139030832e-05, 1.84898913365012e-05, 13.505422076357153], [1782935520, 1.84898913365012e-05, 1.8865229337139634e-05, 1.84898913365012e-05, 1.8865229337139634e-05, 62.63052855597213], [1782935640, 1.8865229337139634e-05, 1.9085260513641327e-05, 1.8828008187305973e-05, 1.9085260513641327e-05, 22.298798642793546], [1782935760, 1.9085260513641327e-05, 1.915244772198442e-05, 1.9085260513641327e-05, 1.915244772198442e-05, 2.1527540775389062], [1782935820, 1.915244772198442e-05, 1.915244772198442e-05, 1.9120113079906234e-05, 1.9120113079906234e-05, 0.37857857025722264], [1782935880, 1.9120113079906234e-05, 1.9120113079906234e-05, 1.8871330315186935e-05, 1.8871330315186935e-05, 0.23407432003806883], [1782936000, 1.8871330315186935e-05, 1.8871330315186935e-05, 1.8658116616391467e-05, 1.8658116616391467e-05, 61.53067349600387], [1782936060, 1.8658116616391467e-05, 1.8658116616391467e-05, 1.849779220925789e-05, 1.849779220925789e-05, 7.346930476865871], [1782936180, 1.849779220925789e-05, 1.8799422002228654e-05, 1.849779220925789e-05, 1.8675688345305953e-05, 47.57557996143747], [1782936360, 1.8675688345305953e-05, 1.8675688345305953e-05, 1.8555383778966913e-05, 1.8555383778966913e-05, 0.7094172663493868], [1782936660, 1.8555383778966913e-05, 1.8555383778966913e-05, 1.832557872056055e-05, 1.832557872056055e-05, 34.59814644532014], [1782936720, 1.832557872056055e-05, 1.832557872056055e-05, 1.831001733362797e-05, 1.831001733362797e-05, 0.7209416388865233], [1782936780, 1.831001733362797e-05, 2.007256964095988e-05, 1.831001733362797e-05, 2.007256964095988e-05, 237.10854990284693], [1782936840, 2.007256964095988e-05, 2.0863128941219328e-05, 2.007256964095988e-05, 2.0863128941219328e-05, 120.66992951036167], [1782936960, 2.0863128941219328e-05, 2.0863128941219328e-05, 2.0496852527882217e-05, 2.0496852527882217e-05, 14.838421834685715], [1782937020, 2.0496852527882217e-05, 2.1126144595973467e-05, 2.0496852527882217e-05, 2.1126144595973467e-05, 99.28117645691354], [1782937260, 2.1126144595973467e-05, 2.1126144595973467e-05, 2.110358302980561e-05, 2.110358302980561e-05, 3.2830328027969022], [1782937320, 2.110358302980561e-05, 2.110358302980561e-05, 2.0917023055536816e-05, 2.0917023055536816e-05, 50.46984186536328], [1782937560, 2.0917023055536816e-05, 2.0917023055536816e-05, 2.0635748424061988e-05, 2.0635748424061988e-05, 40.83444841839218], [1782937680, 2.0635748424061988e-05, 2.0635748424061988e-05, 2.0449932281540345e-05, 2.0449932281540345e-05, 20.145686014549373], [1782938340, 2.0449932281540345e-05, 2.0449932281540345e-05, 2.0135107805166215e-05, 2.0135107805166215e-05, 90.00856416535005], [1782938460, 2.0135107805166215e-05, 2.020600678412324e-05, 2.0135107805166215e-05, 2.020600678412324e-05, 22.862004303946126], [1782938640, 2.020600678412324e-05, 2.0289368453292028e-05, 2.0022751398450485e-05, 2.0022751398450485e-05, 4.465058837749564], [1782938700, 2.0022751398450485e-05, 2.0022751398450485e-05, 1.6733707416010814e-05, 1.7624175414441123e-05, 871.4393193970949], [1782938760, 1.7624175414441123e-05, 1.7624175414441123e-05, 1.7213132981916382e-05, 1.7213132981916382e-05, 76.9466644768425], [1782938820, 1.7213132981916382e-05, 1.7232823716513327e-05, 1.7213132981916382e-05, 1.7232823716513327e-05, 7.558783380106327], [1782938880, 1.7232823716513327e-05, 1.7232823716513327e-05, 1.692450731448342e-05, 1.692450731448342e-05, 34.07144635911592], [1782939000, 1.692450731448342e-05, 1.7090433880825854e-05, 1.6828420255264337e-05, 1.7090433880825854e-05, 25.145280991796216], [1782939300, 1.7090433880825854e-05, 1.7090433880825854e-05, 1.6808394234626026e-05, 1.689946746632465e-05, 42.77930544121146], [1782939420, 1.689946746632465e-05, 1.689946746632465e-05, 1.6668452179182275e-05, 1.686114089482197e-05, 7.713011806611712], [1782939720, 1.686114089482197e-05, 1.690012723005603e-05, 1.686114089482197e-05, 1.690012723005603e-05, 2.9449294537344253], [1782940380, 1.690012723005603e-05, 1.690012723005603e-05, 