{"pair": "Hh6ajgHBw5eRr8Rj9kC51zAZvrChjVvrAnc2w8Sy6G7j", "n_bars": 88, "span": [1782930070.0, 1782946148.0], "bars": [[1782930600, 0.0002986346584923387, 0.00029874450739661267, 0.0002986346584923387, 0.00029874450739661267, 17.957881168634447], [1782930780, 0.00029874450739661267, 0.00029874450739661267, 0.0002971524563378504, 0.0002971524563378504, 91.10940440261427], [1782930840, 0.0002971524563378504, 0.0002971524563378504, 0.00029607332899218023, 0.00029607332899218023, 0.333002047847689], [1782930960, 0.00029607332899218023, 0.0003004944971445098, 0.00029607332899218023, 0.0003004944971445098, 15.405199164750911], [1782931020, 0.0003004944971445098, 0.0003004944971445098, 0.000297046100970344, 0.000297046100970344, 4.2362584553281675], [1782931140, 0.000297046100970344, 0.0003010561347473797, 0.000297046100970344, 0.0003010561347473797, 26.973038694052168], [1782931320, 0.0003010561347473797, 0.0003016310054360492, 0.0003010561347473797, 0.0003016310054360492, 2.6965531634583026], [1782931380, 0.0003016310054360492, 0.0003016310054360492, 0.00029665880817826974, 0.00029665880817826974, 90.95804778803964], [1782931440, 0.00029665880817826974, 0.00029665880817826974, 0.0002955166678881717, 0.0002955166678881717, 4.838552165611974], [1782931500, 0.0002955166678881717, 0.00029931806025434066, 0.0002955166678881717, 0.00029931806025434066, 36.14527599733088], [1782931560, 0.00029931806025434066, 0.00029931806025434066, 0.0002958311757806678, 0.0002958311757806678, 4.202843937410823], [1782931620, 0.0002958311757806678, 0.0002989241936567108, 0.0002958311757806678, 0.0002989241936567108, 13.805832222137695], [1782931680, 0.0002989241936567108, 0.0002993639949584723, 0.0002989241936567108, 0.0002993639949584723, 15.648276364389377], [1782931740, 0.0002993639949584723, 0.0002993639949584723, 0.00029359579732976825, 0.00029359579732976825, 205.51705813083777], [1782932040, 0.00029359579732976825, 0.00029460356233505683, 0.00029030325206473253, 0.00029460356233505683, 70.8335158703352], [1782932100, 0.00029460356233505683, 0.00029460356233505683, 0.0002916336735568419, 0.0002916336735568419, 33.19232623442884], [1782932160, 0.0002916336735568419, 0.00029809941823812455, 0.0002916336735568419, 0.00029809941823812455, 126.55760170133514], [1782932220, 0.00029809941823812455, 0.00029809941823812455, 0.00029255358895726125, 0.00029255358895726125, 128.10415372755938], [1782932580, 0.00029255358895726125, 0.00029255358895726125, 0.0002920257647474348, 0.0002920257647474348, 4.181939831290511], [1782933240, 0.0002920257647474348, 0.0002920257647474348, 0.0002606014537316899, 0.00026623311847260314, 2374.571286344746], [1782933300, 0.00026623311847260314, 0.00026623311847260314, 0.00026617383207346875, 0.00026617383207346875, 0.3769854349359997], [1782933360, 0.00026617383207346875, 0.00026634061826679654, 0.000262254845903407, 0.000262254845903407, 64.75007358755347], [1782933420, 0.000262254845903407, 0.0002656347631032136, 0.000262254845903407, 0.0002656347631032136, 49.51375940860653], [1782933540, 0.0002656347631032136, 0.00026649396993221584, 0.0002656347631032136, 0.00026649396993221584, 7.6858897552652525], [1782933660, 0.00026649396993221584, 0.00026649396993221584, 0.00026050314572924983, 0.00026152551026772757, 213.97382991238695], [1782933720, 0.00026152551026772757, 0.0002621714472423394, 0.00025878191559543245, 0.00025878191559543245, 150.03389332449612], [1782933840, 0.00025878191559543245, 0.00026075900165783, 0.00025756332320269474, 0.0002606444486126841, 37.128074682449004], [1782933900, 0.0002606444486126841, 0.0002606444486126841, 0.0002558900122286852, 0.0002589743500014903, 58.035632822900254], [1782933960, 0.0002589743500014903, 0.0002589743500014903, 0.0002507090010714792, 0.0002507090010714792, 219.37779506205942], [1782934020, 0.0002507090010714792, 0.000253922241526287, 0.0002507090010714792, 0.000253922241526287, 0.12365169251760463], [1782934140, 0.000253922241526287, 0.00025732914057914564, 0.000253922241526287, 0.00025732914057914564, 151.09931813784294], [1782934200, 0.00025732914057914564, 0.000258956978058017, 0.00025732914057914564, 0.000258956978058017, 46.51047408851509], [1782934260, 0.000258956978058017, 0.0002611366325232919, 0.0002578435127569803, 0.00025912268538602043, 467.85001893268833], [1782934320, 0.00025912268538602043, 0.0002598716916980718, 0.00025912268538602043, 0.0002598716916980718, 11.365190875012281], [1782934380, 0.0002598716916980718, 0.0002598716916980718, 0.0002519708213487998, 0.00025216049613324465, 355.71395531362884], [1782934500, 0.00025216049613324465, 0.00025216049613324465, 0.0002464841553238504, 0.00024862838672380736, 290.40442948350625], [1782934620, 0.00024862838672380736, 0.0002498372522099276, 0.00024862838672380736, 0.0002498372522099276, 19.485661394482012], [1782934740, 0.0002498372522099276, 0.0002498372522099276, 0.00024682398816742643, 0.00024682398816742643, 23.899537733935414], [1782934980, 0.00024682398816742643, 0.00024682398816742643, 0.00023768624467059948, 0.0002391139732858829, 633.7645347941958], [1782935040, 0.0002391139732858829, 0.0002391139732858829, 0.00023548700920114372, 0.0002387728404109353, 42.000893968703714], [1782935220, 0.0002387728404109353, 0.0002387728404109353, 0.0002357865147090565, 0.00023849571531996667, 74.25324847051843], [1782935400, 0.00023849571531996667, 0.00023849571531996667, 0.00023503356027686895, 0.00023503356027686895, 47.00671205537379], [1782935460, 0.00023503356027686895, 0.00023746930136178394, 0.00023503356027686895, 0.00023746930136178394, 0.12248842695221636], [1782935580, 0.00023746930136178394, 0.00023746930136178394, 0.00023397849826025885, 0.0002368761483828749, 19.032305281915583], [1782935760, 0.0002368761483828749, 0.0002368761483828749, 0.00023679476354953092, 0.00023679476354953092, 0.05186866517467574], [1782935940, 0.00023679476354953092, 0.00023679476354953092, 0.00023640093088688843, 0.00023668323875087731, 26.398808264089375], [1782936000, 0.00023668323875087731, 0.00023668323875087731, 0.00023397666572171465, 0.00023417315343870094, 4.197334717903679], [1782936300, 0.00023417315343870094, 0.00023417315343870094, 0.0002333747569121856, 0.0002333747569121856, 6.120525956538001], [1782936540, 0.0002333747569121856, 0.00023644491309082665, 0.0002333747569121856, 0.00023644491309082665, 4.520170390989823], [1782936600, 0.00023644491309082665, 0.00023644491309082665, 0.00023295751916007645, 0.00023295751916007645, 28.19585163036778], [1782936660, 0.00023295751916007645, 0.00023615985945652187, 0.00023295751916007645, 0.00023615985945652187, 37.240165009066885], [1782936960, 0.00023615985945652187, 0.00024081878715937003, 0.00023615985945652187, 0.00024081878715937003, 211.84281219244693], [1782937200, 0.00024081878715937003, 0.00024106069043660334, 0.00024081878715937003, 0.00024106069043660334, 19.559506495453746], [1782937320, 0.00024106069043660334, 0.0002414921216374572, 0.00024106069043660334, 0.0002414921216374572, 19.664700274344227], [1782937740, 0.0002414921216374572, 0.0002414921216374572, 0.00023864833976106214, 0.00023864833976106214, 37.67203911593328], [1782938280, 0.00023864833976106214, 0.00023864833976106214, 0.00023530147876171676, 0.00023530147876171676, 165.37293831019898], [1782939180, 0.00023530147876171676, 0.00023633446719163053, 0.00023530147876171676, 0.0002361157205842007, 20.39192289599937], [1782939420, 0.0002361157205842007, 0.0002361157205842007, 0.0002361041887365818, 0.0002361041887365818, 1.0002051913322527], [1782939840, 0.0002361041887365818, 0.00024066432495414272, 0.0002361041887365818, 0.00024066432495414272, 84.72090182470704], [1782939900, 0.00024066432495414272, 0.00024066432495414272, 0.000237255299234647, 0.000237255299234647, 109.34234421467433], [1782940200, 0.000237255299234647, 0.000237255299234647, 0.00023659842457067828, 0.00023659842457067828, 3.2078764928985066], [1782940260, 0.00023659842457067828, 0.00023659842457067828, 0.00023658996099395148, 0.00023658996099395148, 