{"pair": "E1pFAygbnnXhi8gCg2jeitvEGSSvCM1T8oSpStHyhViC", "n_bars": 129, "span": [1782955630.0, 1782965892.0], "bars": [[1782955680, 0.0003833356765039728, 0.00038687971208196926, 0.00037614193769432657, 0.00038092214711891797, 293.47351667661394], [1782955740, 0.00038092214711891797, 0.00038111903093525807, 0.00036586271232937257, 0.0003709319304488564, 408.2191293318791], [1782955800, 0.0003709319304488564, 0.0003709319304488564, 0.00036037600392933123, 0.00036037600392933123, 464.32542372061965], [1782955860, 0.00036037600392933123, 0.0004055750715549964, 0.00036037600392933123, 0.0004055750715549964, 1681.9523411004548], [1782955920, 0.0004055750715549964, 0.00041699174720471414, 0.00039149196987634167, 0.00040097009540670473, 1160.6161168376382], [1782955980, 0.00040097009540670473, 0.0004027011664514569, 0.0003538011967806174, 0.0003581896547109169, 2045.3278122074696], [1782956040, 0.0003581896547109169, 0.0003702981492761403, 0.0003581896547109169, 0.0003681175298228198, 315.44051482185], [1782956100, 0.0003681175298228198, 0.00036844588269515917, 0.00033947270876641427, 0.0003437596070273051, 1213.5316322717624], [1782956160, 0.0003437596070273051, 0.0003437596070273051, 0.0003279362770350249, 0.0003279362770350249, 777.3267255165655], [1782956220, 0.0003279362770350249, 0.00036299426844631363, 0.0003279362770350249, 0.0003613307386212044, 1949.421231768535], [1782956280, 0.0003613307386212044, 0.00037338131808976183, 0.00035524201674937616, 0.000371342364567359, 848.5580887235237], [1782956340, 0.000371342364567359, 0.00040138245170489814, 0.000371342364567359, 0.00037786088826650613, 1966.3259610435473], [1782956400, 0.00037786088826650613, 0.00038218553294134205, 0.00035729898576707363, 0.00035729898576707363, 662.6198318956276], [1782956460, 0.00035729898576707363, 0.00036146594818285124, 0.0003477422696238846, 0.0003477422696238846, 357.08137132258355], [1782956520, 0.0003477422696238846, 0.0003477422696238846, 0.00031080039770514705, 0.0003261680732073977, 2635.4047823221044], [1782956580, 0.0003261680732073977, 0.0003561293538107816, 0.0003235832527466917, 0.0003561293538107816, 1145.027233669107], [1782956640, 0.0003561293538107816, 0.00036975287514146786, 0.00034454086718846747, 0.000344722959193193, 1123.4893200679123], [1782956700, 0.000344722959193193, 0.000344722959193193, 0.0003272267465574163, 0.0003341874188713198, 731.018992049519], [1782956760, 0.0003341874188713198, 0.0003353657197518615, 0.0003139874539904299, 0.00031774658284762665, 1333.6744151995588], [1782956820, 0.00031774658284762665, 0.00035079567425174677, 0.0003131408549051278, 0.00034940649462155126, 1408.0807207077464], [1782956880, 0.00034940649462155126, 0.00034940649462155126, 0.00031183271844378803, 0.00031841120923481643, 1473.007377180571], [1782956940, 0.00031841120923481643, 0.00031954820443326655, 0.0002982758178963635, 0.00031423528804580173, 1297.2354280771467], [1782957000, 0.00031423528804580173, 0.00031423528804580173, 0.0002950827969366591, 0.00030107213915346647, 1043.9147413298288], [1782957060, 0.00030107213915346647, 0.00030107213915346647, 0.00027509898276315405, 0.00028160879999916043, 1178.872941431698], [1782957120, 0.00028160879999916043, 0.00029961026929073876, 0.0002640836893589634, 0.000272047232664979, 2985.95105668282], [1782957180, 0.000272047232664979, 0.000272047232664979, 0.0002645442560032351, 0.0002661651927878642, 235.0298649101403], [1782957240, 0.0002661651927878642, 0.00029479630876084973, 0.0002623689741671699, 0.0002880108941969934, 1510.773720856558], [1782957300, 0.0002880108941969934, 0.00028974007320108243, 0.00026259797962432756, 0.00026412745796237046, 1293.2713849326635], [1782957360, 0.00026412745796237046, 0.00027070562567355354, 0.00026090627655235045, 0.0002704720505355792, 724.0175365914321], [1782957420, 0.0002704720505355792, 0.00027142325352429245, 0.0002627670617105011, 0.0002627670617105011, 253.1222785031148], [1782957480, 0.0002627670617105011, 0.00026725578665546244, 0.0002624816807177365, 0.0002624816807177365, 277.4589846319388], [1782957540, 0.0002624816807177365, 0.0002660146046612255, 0.00024129229257912024, 0.00024445798591252497, 912.7827298031009], [1782957600, 0.00024445798591252497, 0.0002651848010491546, 0.00024200144181884325, 0.00026283606973535114, 1003.2057323311298], [1782957660, 0.00026283606973535114, 0.0002752685069732878, 0.00026283606973535114, 0.0002752685069732878, 878.8954668414673], [1782957720, 0.0002752685069732878, 0.00027758053132408546, 0.0002632441363196577, 0.0002652636042380254, 727.8770999321058], [1782957780, 0.0002652636042380254, 0.0002652636042380254, 0.0002483453059885878, 0.0002483453059885878, 537.5096291574347], [1782957840, 0.0002483453059885878, 0.00028870379805930816, 0.00024828861375716634, 0.00028870379805930816, 1459.8893072501812], [1782957900, 0.00028870379805930816, 0.0002960765911427693, 0.00028246778077581185, 0.0002882472116694704, 1276.3461982883714], [1782957960, 0.0002882472116694704, 0.000351863759627185, 0.0002882472116694704, 0.0003361069413981702, 6798.301266071825], [1782958020, 0.0003361069413981702, 0.00034748246273838025, 0.0003334202930108757, 0.00033343200942872065, 921.3922815150681], [1782958080, 0.00033343200942872065, 0.00036468013752483796, 0.00033249824488410364, 0.00036264352181844545, 2039.9705892278532], [1782958140, 0.00036264352181844545, 0.00037094885516150965, 0.0003607888612209022, 0.0003607888612209022, 1056.334451317924], [1782958200, 0.0003607888612209022, 0.00037600503480879474, 0.0003572031839208234, 0.00037600503480879474, 755.4364018223129], [1782958260, 0.00037600503480879474, 0.0004781745441832324, 0.00037600503480879474, 0.00045875040486656953, 4427.36240951817], [1782958320, 0.00045875040486656953, 0.00048567108119978005, 0.00045292889899566937, 0.0004744977992308859, 2137.4035417320943], [1782958380, 0.0004744977992308859, 0.0004775113187418082, 0.0004416578180931773, 0.00045156471157991397, 1540.285921082014], [1782958440, 0.00045156471157991397, 0.0004961901007589152, 0.000445523914225928, 0.0004961901007589152, 2361.1027136250596], [1782958500, 0.0004961901007589152, 0.0004981165250122714, 0.00047733601887953425, 0.00047733601887953425, 1168.125792314603], [1782958560, 0.00047733601887953425, 0.0005125355108678532, 0.0004726146216013964, 0.0005061005039608881, 4095.8898640759658], [1782958620, 0.0005061005039608881, 0.0005061005039608881, 0.000469686551522131, 0.0004741197983207565, 2268.4156616502046], [1782958680, 0.0004741197983207565, 0.0004791054524405356, 0.0004678226509399578, 0.00047292810340110073, 493.5148375075778], [1782958740, 0.00047292810340110073, 0.0004782161719193995, 0.00043930930810516316, 0.00043930930810516316, 1124.9483800099065], [1782958800, 0.00043930930810516316, 0.0004449075014102765, 0.00043578987670777486, 0.0004449075014102765, 134.9060416945611], [1782958860, 0.0004449075014102765, 0.00045203889266776006, 0.0004421631097286888, 0.00045142032925649534, 454.8855092747665], [1782958920, 0.00045142032925649534, 0.00045240521986892164, 0.0004303265828810736, 0.0004364005135366172, 760.124019992157], [1782958980, 0.0004364005135366172, 0.00043867389934331124, 0.00043420405795235677, 0.00043867389934331124, 126.55780737106062], [1782959040, 0.00043867389934331124, 0.00043867389934331124, 0.0004028702739889422, 0.0004028702739889422, 2384.709228936928], [1782959100, 0.0004028702739889422, 0.0004165786002293256, 0.000398626598084954, 0.00040322830896387125, 948.0707389573305], [1782959160, 0.00040322830896387125, 0.00041049636503722874, 0.0004028088940406003, 0.0004083975193666519, 550.7923978265185], [1782959220, 0.0004083975193666519, 0.00043892666837744575, 0.0004083975193666519, 0.0004250063498025364, 1509.2015911200688], [1782959280, 0.0004250063498025364, 0.00045336487421842106, 0.00041554358648033835, 0.0004514382068281995, 1498.7429967009325], [1782959340, 0.0004514382068281995, 0.0004767389709378667, 0.00044759781082463984, 0.0004745483603358051, 1138.9864848745904], 