{"pair": "8o6xnJsYoRvD751e969vapxhwQTfT7s4UtkcuPTnUxwQ", "n_bars": 83, "span": [1782920731.0, 1782944428.0], "bars": [[1782920760, 2.4591710376501626e-05, 2.4952527038387922e-05, 2.4591710376501626e-05, 2.4952527038387922e-05, 22.70699362359124], [1782921660, 2.4952527038387922e-05, 2.4952527038387922e-05, 2.4395078238515204e-05, 2.4395078238515204e-05, 61.0960514305378], [1782921720, 2.4395078238515204e-05, 2.6143404103194355e-05, 2.4395078238515204e-05, 2.6143404103194355e-05, 216.2442130237974], [1782921780, 2.6143404103194355e-05, 2.6143404103194355e-05, 2.5736898746102397e-05, 2.579722530806316e-05, 14.856330407587572], [1782921840, 2.579722530806316e-05, 2.579722530806316e-05, 2.5450959285818558e-05, 2.5450959285818558e-05, 35.255682860266774], [1782922080, 2.5450959285818558e-05, 2.5450959285818558e-05, 2.4558207768135085e-05, 2.4558207768135085e-05, 119.85227892797073], [1782922140, 2.4558207768135085e-05, 2.4905252305099213e-05, 2.4558207768135085e-05, 2.4905252305099213e-05, 15.276360627022529], [1782922440, 2.4905252305099213e-05, 2.5100176857300008e-05, 2.4522521977719176e-05, 2.5100176857300008e-05, 89.93618413069738], [1782922620, 2.5100176857300008e-05, 2.5100176857300008e-05, 2.5073481380603316e-05, 2.5073481380603316e-05, 16.854648876152776], [1782922800, 2.5073481380603316e-05, 2.5577679022470307e-05, 2.5073481380603316e-05, 2.5577679022470307e-05, 63.751320336540516], [1782922980, 2.5577679022470307e-05, 2.603714674640448e-05, 2.5577679022470307e-05, 2.603714674640448e-05, 62.89722618780526], [1782923040, 2.603714674640448e-05, 2.6577024255574044e-05, 2.603714674640448e-05, 2.6373089077252522e-05, 150.43734170878207], [1782923400, 2.6373089077252522e-05, 2.6373089077252522e-05, 2.587899526874777e-05, 2.587899526874777e-05, 46.66280078651614], [1782924240, 2.587899526874777e-05, 3.137463466235796e-05, 2.587899526874777e-05, 3.116737702658856e-05, 755.5305167698364], [1782924300, 3.116737702658856e-05, 3.116737702658856e-05, 2.9984794422572074e-05, 2.9984794422572074e-05, 110.01099486871674], [1782924360, 2.9984794422572074e-05, 2.9984794422572074e-05, 2.958742170296182e-05, 2.958742170296182e-05, 74.8134107115309], [1782924420, 2.958742170296182e-05, 2.958742170296182e-05, 2.8851529561875405e-05, 2.9205479698681492e-05, 84.20442501906764], [1782924540, 2.9205479698681492e-05, 2.9205479698681492e-05, 2.8528190272630864e-05, 2.8528190272630864e-05, 2.0306392098540047], [1782924600, 2.8528190272630864e-05, 2.8528190272630864e-05, 2.849955835314047e-05, 2.849955835314047e-05, 0.07193400705444289], [1782924660, 2.849955835314047e-05, 2.885674418704435e-05, 2.849955835314047e-05, 2.885674418704435e-05, 2.292974500824142], [1782924840, 2.885674418704435e-05, 2.885674418704435e-05, 2.829584059690236e-05, 2.829584059690236e-05, 33.52784613519937], [1782924900, 2.829584059690236e-05, 2.854511488702728e-05, 2.829584059690236e-05, 2.854511488702728e-05, 6.787621621127308], [1782924960, 2.854511488702728e-05, 2.854511488702728e-05, 2.8489297536635657e-05, 2.8489297536635657e-05, 0.9798104315961181], [1782925020, 2.8489297536635657e-05, 2.854715077217477e-05, 2.8489297536635657e-05, 2.854715077217477e-05, 3.8022373081177108], [1782925080, 2.854715077217477e-05, 2.854715077217477e-05, 2.7395251447732127e-05, 2.7756450834711807e-05, 104.0735124839192], [1782925320, 2.7756450834711807e-05, 2.7756450834711807e-05, 2.7332697996643508e-05, 2.7670711716340262e-05, 5.486237356952234], [1782925740, 2.7670711716340262e-05, 2.7719771598300024e-05, 2.7670711716340262e-05, 2.7719771598300024e-05, 1.2194791127537592], [1782926100, 2.7719771598300024e-05, 2.7816101613258338e-05, 2.7719771598300024e-05, 2.7816101613258338e-05, 7.634369590919278], [1782926160, 2.7816101613258338e-05, 2.7868528801272435e-05, 2.7092746387951866e-05, 2.7158972341227103e-05, 55.38967655789587], [1782926460, 2.7158972341227103e-05, 2.7158972341227103e-05, 2.713298927782212e-05, 2.713298927782212e-05, 3.089665255885198], [1782926520, 2.713298927782212e-05, 2.713298927782212e-05, 2.7128431950757035e-05, 2.7128431950757035e-05, 3.2282409733539015], [1782926580, 2.7128431950757035e-05, 2.7137798500666837e-05, 2.682328390890502e-05, 2.682328390890502e-05, 99.72580536134387], [1782926820, 2.682328390890502e-05, 2.682328390890502e-05, 2.6797680841221452e-05, 2.6797680841221452e-05, 11.513880875329452], [1782927420, 2.6797680841221452e-05, 2.688928502999098e-05, 2.6797680841221452e-05, 2.688928502999098e-05, 1.278571376459952], [1782927720, 2.688928502999098e-05, 2.688928502999098e-05, 2.6885410340119703e-05, 2.6885410340119703e-05, 7.6749906863883925], [1782928380, 2.6885410340119703e-05, 2.6885410340119703e-05, 2.6618623498024513e-05, 2.6618623498024513e-05, 4.599918496477888], [1782928800, 2.6618623498024513e-05, 2.6906119200401038e-05, 2.6618623498024513e-05, 2.6906119200401038e-05, 1.534663301324566], [1782929160, 2.6906119200401038e-05, 2.6906119200401038e-05, 2.3392598817068772e-05, 2.3392598817068772e-05, 410.91300984814256], [1782929400, 2.3392598817068772e-05, 2.394720901345097e-05, 2.3392598817068772e-05, 2.394720901345097e-05, 75.97941886982187], [1782929640, 2.394720901345097e-05, 2.394720901345097e-05, 2.3869385576039143e-05, 2.3869385576039143e-05, 16.204242784571953], [1782930000, 2.3869385576039143e-05, 2.3869385576039143e-05, 2.3815523775972594e-05, 2.3815523775972594e-05, 0.3373957738868532], [1782930120, 2.3815523775972594e-05, 2.4106044320574926e-05, 2.3815523775972594e-05, 2.4106044320574926e-05, 5.361685257780823], [1782930180, 2.4106044320574926e-05, 2.4140283666223045e-05, 2.4106044320574926e-05, 2.4140283666223045e-05, 4.7859328435076876], [1782930480, 2.4140283666223045e-05, 2.415998449684122e-05, 2.4140283666223045e-05, 2.415998449684122e-05, 2.296764209317637], [1782930540, 2.415998449684122e-05, 2.415998449684122e-05, 2.3728609694560467e-05, 2.3728609694560467e-05, 21.692904660582816], [1782930780, 2.3728609694560467e-05, 2.3728609694560467e-05, 2.119295589361147e-05, 2.185510701296133e-05, 481.06492913787565], [1782931020, 2.185510701296133e-05, 2.185510701296133e-05, 2.1672268527059392e-05, 2.1672268527059392e-05, 4.820362939639294], [1782931080, 2.1672268527059392e-05, 2.1992800104948802e-05, 2.1672268527059392e-05, 2.1992800104948802e-05, 17.44088569155002], [1782931140, 2.1992800104948802e-05, 2.1992800104948802e-05, 2.1638291958137735e-05, 2.1638291958137735e-05, 42.318861123781566], [1782931200, 2.1638291958137735e-05, 2.177781915629311e-05, 2.1638291958137735e-05, 2.177781915629311e-05, 1.9851835537217069], [1782931560, 2.177781915629311e-05, 2.3491573395794556e-05, 2.177781915629311e-05, 2.3491573395794556e-05, 243.14020062174137], [1782931680, 2.3491573395794556e-05, 2.3517457200397904e-05, 2.3491573395794556e-05, 2.3517457200397904e-05, 7.575473631533577], [1782931860, 2.3517457200397904e-05, 2.3774657397700668e-05, 2.3517457200397904e-05, 2.3774657397700668e-05, 49.01628914092531], [1782932280, 2.3774657397700668e-05, 2.3774657397700668e-05, 2.2993094831519067e-05, 2.2993094831519067e-05, 110.8875269623611], [1782932820, 2.2993094831519067e-05, 2.3229357014705106e-05, 2.2993094831519067e-05, 2.3229357014705106e-05, 35.20519447729467], [1782932940, 2.3229357014705106e-05, 2.346006734203525e-05, 2.3229357014705106e-05, 2.346006734203525e-05, 19.459522453139783], [1782935760, 2.346006734203525e-05, 2.4116041765699505e-05, 2.346006734203525e-05, 2.360433160849825e-05, 134.7570232337372], [1782935820, 2.360433160849825e-05, 2.4773500965332956e-05, 2.360433160849825e-05, 2.4773500965332956e-05, 69.20039284754034], [1782935940, 2.4773500965332956e-05, 2.532462892513866e-05, 2.4773500965332956e-05, 2.532462892513866e-05, 68.0459075242532], [1782936360, 2.532462892513866e-05, 2.532462892513866e-05, 2.505864199318209e-05, 2.505864199318209e-05, 1.1560853438869314], [1782936720, 2.505864199318209e-05, 2.505864199318209e-05, 2.4760208619797754e-05, 2.4760208619797754e-05, 37.28865628580061], [1782936780, 2.4760208619797754e-05, 2.804488560069186e-05, 