{"pair": "F1Q7rvMJQ7KFGutSpmVqJab1yG1vw5kEfNWNNXziH5Mn", "n_bars": 145, "span": [1782930585.0, 1782946254.0], "bars": [[1782930600, 1.2662914881577159e-05, 1.2868665087438217e-05, 1.2263165025983195e-05, 1.2263165025983195e-05, 128.84237110565783], [1782930660, 1.2263165025983195e-05, 1.2263165025983195e-05, 1.2038551070915599e-05, 1.220535746687534e-05, 44.310671588469035], [1782930720, 1.220535746687534e-05, 1.220535746687534e-05, 1.1979472611953413e-05, 1.1979472611953413e-05, 23.988787288130464], [1782930780, 1.1979472611953413e-05, 1.1979472611953413e-05, 1.1889487767740412e-05, 1.1889487767740412e-05, 16.82366807187226], [1782930840, 1.1889487767740412e-05, 1.1889487767740412e-05, 1.1263401401971683e-05, 1.1263401401971683e-05, 165.62027366704905], [1782930900, 1.1263401401971683e-05, 1.130488084438768e-05, 1.1154198040169052e-05, 1.130488084438768e-05, 2.0173258521320787], [1782930960, 1.130488084438768e-05, 1.1770475831912766e-05, 1.130488084438768e-05, 1.1691505849111031e-05, 94.81910646196701], [1782931020, 1.1691505849111031e-05, 1.1873323502917754e-05, 1.1691505849111031e-05, 1.1873323502917754e-05, 20.278825851771604], [1782931080, 1.1873323502917754e-05, 1.1873323502917754e-05, 1.1698669736425632e-05, 1.1698669736425632e-05, 8.208831859171678], [1782931440, 1.1698669736425632e-05, 1.1698669736425632e-05, 1.1430306710548764e-05, 1.1430306710548764e-05, 56.67820425987476], [1782931500, 1.1430306710548764e-05, 1.1430306710548764e-05, 1.1395831886269978e-05, 1.1395831886269978e-05, 3.79661524521344], [1782931560, 1.1395831886269978e-05, 1.1570116528527834e-05, 1.1395831886269978e-05, 1.1570116528527834e-05, 13.101247444790461], [1782931620, 1.1570116528527834e-05, 1.1674632825213867e-05, 1.1570116528527834e-05, 1.1674632825213867e-05, 19.36577101910948], [1782931740, 1.1674632825213867e-05, 1.1688963384896658e-05, 1.155117801943017e-05, 1.155117801943017e-05, 4.145744241249939], [1782931800, 1.155117801943017e-05, 1.155571262933459e-05, 1.1368878772907033e-05, 1.1368878772907033e-05, 42.178115546614336], [1782931860, 1.1368878772907033e-05, 1.1368878772907033e-05, 1.1321687778651247e-05, 1.1321687778651247e-05, 11.398593703142025], [1782931920, 1.1321687778651247e-05, 1.1443916879605004e-05, 1.1299474710431894e-05, 1.1299474710431894e-05, 9.795464886012251], [1782931980, 1.1299474710431894e-05, 1.1299474710431894e-05, 1.0476090427325952e-05, 1.0476090427325952e-05, 213.58571298276553], [1782932040, 1.0476090427325952e-05, 1.0476090427325952e-05, 1.0364690728094018e-05, 1.0364690728094018e-05, 0.11711624558528032], [1782932100, 1.0364690728094018e-05, 1.0760523552084312e-05, 1.0308113884438318e-05, 1.046343117496381e-05, 192.85209958238144], [1782932160, 1.046343117496381e-05, 1.046343117496381e-05, 9.62267927177552e-06, 9.804843634784962e-06, 271.5614606286284], [1782932220, 9.804843634784962e-06, 9.804843634784962e-06, 9.586488350637943e-06, 9.586488350637943e-06, 1.2013976146199212], [1782932280, 9.586488350637943e-06, 9.739195580590932e-06, 9.55111155369729e-06, 9.55111155369729e-06, 61.7675241953184], [1782932340, 9.55111155369729e-06, 9.55111155369729e-06, 9.468888273198001e-06, 9.468888273198001e-06, 0.5041518380990618], [1782932400, 9.468888273198001e-06, 9.94556803431915e-06, 9.468888273198001e-06, 9.94556803431915e-06, 102.43475548200703], [1782932460, 9.94556803431915e-06, 1.0103062331983157e-05, 9.802409651276238e-06, 9.802409651276238e-06, 73.23715988004072], [1782932520, 9.802409651276238e-06, 9.961772637880138e-06, 9.802409651276238e-06, 9.860158687916906e-06, 28.030052817511635], [1782932580, 9.860158687916906e-06, 9.860158687916906e-06, 9.555508034553622e-06, 9.555508034553622e-06, 91.07172842815594], [1782932700, 9.555508034553622e-06, 9.555508034553622e-06, 9.169877287082738e-06, 9.169877287082738e-06, 86.40278838991212], [1782932760, 9.169877287082738e-06, 9.174322652386875e-06, 8.500232516280735e-06, 8.962278525033024e-06, 260.2927313959677], [1782932820, 8.962278525033024e-06, 8.962278525033024e-06, 8.83104557133773e-06, 8.83104557133773e-06, 8.892373422562635], [1782932880, 8.83104557133773e-06, 8.83104557133773e-06, 8.808810765895324e-06, 8.808810765895324e-06, 2.4172682184028926], [1782932940, 8.808810765895324e-06, 8.808810765895324e-06, 8.737302310396646e-06, 8.737302310396646e-06, 31.343996311114104], [1782933000, 8.737302310396646e-06, 8.737302310396646e-06, 8.660972007238614e-06, 8.660972007238614e-06, 0.8829190638782318], [1782933060, 8.660972007238614e-06, 8.660972007238614e-06, 8.384075282915923e-06, 8.384075282915923e-06, 70.4257816825927], [1782933120, 8.384075282915923e-06, 8.384075282915923e-06, 8.300274874404344e-06, 8.380388866504731e-06, 28.589858446354665], [1782933180, 8.380388866504731e-06, 8.380388866504731e-06, 8.290935880706652e-06, 8.290935880706652e-06, 1.8700250127824465], [1782933240, 8.290935880706652e-06, 8.496769749137516e-06, 8.290935880706652e-06, 8.496769749137516e-06, 49.3263572015589], [1782933300, 8.496769749137516e-06, 8.567825898623176e-06, 8.447524670719713e-06, 8.447524670719713e-06, 20.186445178061298], [1782933360, 8.447524670719713e-06, 8.447524670719713e-06, 7.985838188639e-06, 8.151332512214232e-06, 109.25663734199426], [1782933420, 8.151332512214232e-06, 8.151332512214232e-06, 7.945945432802355e-06, 7.945945432802355e-06, 8.149052519541364], [1782933600, 7.945945432802355e-06, 7.954548119733702e-06, 7.885439748273762e-06, 7.954548119733702e-06, 33.93741485442973], [1782933720, 7.954548119733702e-06, 7.96654670795073e-06, 7.954548119733702e-06, 7.96654670795073e-06, 0.12077229540538865], [1782933840, 7.96654670795073e-06, 7.96654670795073e-06, 7.84411458514339e-06, 7.863538721375348e-06, 19.862324991529533], [1782933900, 7.863538721375348e-06, 7.863538721375348e-06, 7.625571193061728e-06, 7.627049391706277e-06, 83.93555155633516], [1782933960, 7.627049391706277e-06, 7.627049391706277e-06, 7.303972686368862e-06, 7.303972686368862e-06, 93.5302205681064], [1782934020, 7.303972686368862e-06, 7.303972686368862e-06, 6.70099964176942e-06, 6.719809883214635e-06, 135.57882575633846], [1782934080, 6.719809883214635e-06, 6.855922207074945e-06, 6.672999934230176e-06, 6.855922207074945e-06, 50.14624723648713], [1782934140, 6.855922207074945e-06, 6.855922207074945e-06, 6.704845790276296e-06, 6.800670751096683e-06, 31.3243855123664], [1782934200, 6.800670751096683e-06, 6.812738273966265e-06, 6.800670751096683e-06, 6.812738273966265e-06, 1.0693205011346019], [1782934260, 6.812738273966265e-06, 6.812738273966265e-06, 6.023176871476447e-06, 6.785790792991325e-06, 544.7499903725015], [1782934320, 6.785790792991325e-06, 7.203679086208144e-06, 6.785790792991325e-06, 7.186312184895184e-06, 17.41604055347151], [1782934380, 7.186312184895184e-06, 7.243484299362924e-06, 7.122035966178836e-06, 7.122035966178836e-06, 24.62141463857332], [1782934440, 7.122035966178836e-06, 7.122035966178836e-06, 7.092819509479007e-06, 7.092819509479007e-06, 0.05407098305601153], [1782934500, 7.092819509479007e-06, 7.092819509479007e-06, 7.075511773582345e-06, 7.075511773582345e-06, 1.3270588279346576], [1782934560, 7.075511773582345e-06, 7.075511773582345e-06, 7.019519365848278e-06, 7.019519365848278e-06, 16.84841606438814], [1782934620, 7.019519365848278e-06, 7.019519365848278e-06, 7.008948751324379e-06, 7.008948751324379e-06, 1.2951126437392961], [1782934680, 7.008948751324379e-06, 7.008948751324379e-06, 6.9139859081079886e-06, 6.9139859081079886e-06, 27.94984066587977], [1782934740, 6.9139859081079886e-06, 7.004868564641694e-06, 6.9139859081079886e-06, 7.004868564641694e-06, 7.577249378875555], [1782934860, 7.004868564641694e-06, 7.004868564641694e-06, 6.914087991580482e-06, 6.914087991580482e-06, 6.093610122963381], [1782934920, 6.914087991580482e-06, 6.914087991580482e-06, 6.8811461818199836e-06, 6.8811461818199836e-06, 8.507330800599053], [1782934980, 6.8811461818199836e-06, 6.952648484988874e-06, 6.8811461818199836e-06, 6.952648484988874e-06, 0.8105232565028512], [1782935040, 6.952648484988874e-06, 