{"pair": "6unnG2hL8udPjDpu3TchvAtptu3dq8AS7tymrWDN2LLC", "n_bars": 116, "span": [1782927948.0, 1782944711.0], "bars": [[1782928080, 0.0003119728321422191, 0.0003133341198840561, 0.0003119728321422191, 0.0003133341198840561, 2.044933074271046], [1782928260, 0.0003133341198840561, 0.0003133341198840561, 0.00031321444903662036, 0.00031321444903662036, 19.07703769724253], [1782928320, 0.00031321444903662036, 0.00031365758595863183, 0.00031321444903662036, 0.00031365758595863183, 11.550446658086315], [1782928380, 0.00031365758595863183, 0.0003151301987725561, 0.00031365758595863183, 0.0003145786911446522, 38.21346110990315], [1782928440, 0.0003145786911446522, 0.0003145786911446522, 0.00031001963765717167, 0.0003108286009465803, 56.60755205129187], [1782928680, 0.0003108286009465803, 0.0003108286009465803, 0.00030960015211163323, 0.00030960015211163323, 0.982112837506547], [1782928740, 0.00030960015211163323, 0.0003136810440537889, 0.00030960015211163323, 0.0003136810440537889, 38.19825433842014], [1782928980, 0.0003136810440537889, 0.00031526712645568066, 0.0003136810440537889, 0.00031526712645568066, 49.514802130736726], [1782929040, 0.00031526712645568066, 0.0003166894058462367, 0.0003118247888987984, 0.0003118247888987984, 102.0854908463028], [1782929580, 0.0003118247888987984, 0.0003118247888987984, 0.0003071441445387896, 0.0003071441445387896, 208.90646869553558], [1782929760, 0.0003071441445387896, 0.00030845390466069405, 0.0003071441445387896, 0.00030845390466069405, 46.89861276498033], [1782929820, 0.00030845390466069405, 0.00030845390466069405, 0.0003004044087789558, 0.0003004044087789558, 252.1323031755682], [1782929940, 0.0003004044087789558, 0.00030317107468800803, 0.0003004044087789558, 0.00030317107468800803, 23.158494111944435], [1782930120, 0.00030317107468800803, 0.00030317107468800803, 0.00029915953648111606, 0.00029915953648111606, 0.9912704210489309], [1782930180, 0.00029915953648111606, 0.00029915953648111606, 0.00029821582913576515, 0.00029821582913576515, 17.02111604035996], [1782931020, 0.00029821582913576515, 0.0002985624191675893, 0.00029821582913576515, 0.0002985624191675893, 0.9816523441091269], [1782931080, 0.0002985624191675893, 0.0002985624191675893, 0.0002973775575721857, 0.0002973775575721857, 79.11361821996086], [1782931260, 0.0002973775575721857, 0.0002973775575721857, 0.0002965149429706656, 0.0002965149429706656, 10.445031526093892], [1782931500, 0.0002965149429706656, 0.00032353095034612985, 0.0002965149429706656, 0.00032353095034612985, 917.4002392574456], [1782931680, 0.00032353095034612985, 0.0003254674414235156, 0.00032353095034612985, 0.0003254674414235156, 27.248861154195477], [1782931800, 0.0003254674414235156, 0.0003262934003832404, 0.0003254674414235156, 0.0003262934003832404, 3.8060724827422043], [1782931860, 0.0003262934003832404, 0.0003262934003832404, 0.0003206239545611856, 0.0003206239545611856, 131.63985952000422], [1782931920, 0.0003206239545611856, 0.0003258475759297244, 0.0003206239545611856, 0.0003258475759297244, 153.64488464249828], [1782931980, 0.0003258475759297244, 0.0003258475759297244, 0.00031906334152852184, 0.00031906334152852184, 107.12628427193438], [1782932100, 0.00031906334152852184, 0.00031906334152852184, 0.0003140272802326729, 0.0003140272802326729, 211.75734145605057], [1782932160, 0.0003140272802326729, 0.00031717284925773765, 0.0003140272802326729, 0.00031717284925773765, 3.8005478788889806], [1782932220, 0.00031717284925773765, 0.00031842067142775604, 0.00031717284925773765, 0.00031842067142775604, 76.66555749136951], [1782932280, 0.00031842067142775604, 0.0003207777658033199, 0.00031842067142775604, 0.0003207777658033199, 76.71875274474743], [1782932340, 0.0003207777658033199, 0.00032157584843916256, 0.0003112834644864823, 0.0003149625466871433, 271.9147154561976], [1782932460, 0.0003149625466871433, 0.0003154841268660947, 0.0003149625466871433, 0.0003154841268660947, 11.453836520034457], [1782932520, 0.0003154841268660947, 0.0003154841268660947, 0.0003112282766093531, 0.0003116434923751092, 42.37706155713631], [1782932580, 0.0003116434923751092, 0.0003147222077683031, 0.0003116434923751092, 0.0003147222077683031, 1.2855512017601063], [1782932640, 0.0003147222077683031, 0.00031514525412383706, 0.0003093913481009924, 0.0003093913481009924, 174.0157257457535], [1782932700, 0.0003093913481009924, 0.0003093913481009924, 0.0003073912048078855, 0.0003073912048078855, 8.772407189242072], [1782932760, 0.0003073912048078855, 0.0003073912048078855, 0.00030603239283283123, 0.00030603239283283123, 68.98716325936367], [1782932940, 0.00030603239283283123, 0.00030955091789138943, 0.00030603239283283123, 0.00030955091789138943, 25.39915847896177], [1782933000, 0.00030955091789138943, 0.00030970414739083034, 0.00030549874372988597, 0.00030970414739083034, 27.93510382920696], [1782933060, 0.00030970414739083034, 0.00030970414739083034, 0.0003050851287174988, 0.0003050851287174988, 6.108394364953163], [1782933120, 0.0003050851287174988, 0.0003050851287174988, 0.0003040342667850852, 0.0003040342667850852, 24.39757014344721], [1782933360, 0.0003040342667850852, 0.0003040342667850852, 0.0003031767759850062, 0.0003031767759850062, 75.82015121719472], [1782933900, 0.0003031767759850062, 0.00030823562639502, 0.0003031767759850062, 0.00030823562639502, 230.0077697907087], [1782934320, 0.00030823562639502, 0.00030823562639502, 0.00030760974511433257, 0.00030760974511433257, 1.3973003111174855], [1782934380, 0.00030760974511433257, 0.0003133527784361287, 0.00030760974511433257, 0.0003133527784361287, 136.79136013807707], [1782934440, 0.0003133527784361287, 0.0003133527784361287, 0.00030307882796204, 0.00030307882796204, 601.5159335514022], [1782934560, 0.00030307882796204, 0.00030307882796204, 0.0002898945106044863, 0.0002919271532868907, 146.66922306610257], [1782934680, 0.0002919271532868907, 0.00029409950406760355, 0.0002919271532868907, 0.00029409950406760355, 1.8872260459962056], [1782934740, 0.00029409950406760355, 0.00029422927548423874, 0.00029409950406760355, 0.00029422927548423874, 7.668020682474662], [1782934860, 0.00029422927548423874, 0.00029422927548423874, 0.0002879386633606422, 0.0002879386633606422, 172.7631980163853], [1782934920, 0.0002879386633606422, 0.00028954651590658146, 0.0002879386633606422, 0.00028954651590658146, 17.47511240493237], [1782935040, 0.00028954651590658146, 0.00028954651590658146, 0.0002861195207803132, 0.0002861195207803132, 19.347008657503736], [1782935400, 0.0002861195207803132, 0.0002861195207803132, 0.0002854148528254603, 0.0002854148528254603, 4.072620276326853], [1782935460, 0.0002854148528254603, 0.0002854148528254603, 0.00028361180259523183, 0.00028361180259523183, 113.44472103809272], [1782935520, 0.00028361180259523183, 0.00028361180259523183, 0.0002812389314749953, 0.0002812389314749953, 14.061946573749765], [1782935580, 0.0002812389314749953, 0.0002812389314749953, 0.0002778358861872347, 0.0002778358861872347, 195.86018615947197], [1782935760, 0.0002778358861872347, 0.0002778358861872347, 0.00027011872411076215, 0.00027011872411076215, 207.5518898091887], [1782935820, 0.00027011872411076215, 0.00027333137653508987, 0.00027011872411076215, 0.00027333137653508987, 15.22881402942377], [1782935940, 0.00027333137653508987, 0.00027333137653508987, 0.0002701529644834908, 0.0002701529644834908, 1.2869359862748866], [1782936000, 0.0002701529644834908, 0.0002701529644834908, 0.0002701201051378966, 0.0002701201051378966, 3.8555822808947036], [1782936120, 0.0002701201051378966, 0.00027330823315478074, 0.0002701201051378966, 0.00027330823315478074, 3.7800180864635737], [1782936180, 0.00027330823315478074, 0.00027330823315478074, 0.00026969801838337833, 0.00026969801838337833, 26.834952829146143], [1782936360, 0.00026969801838337833, 0.00026969801838337833, 0.00026736145142960364, 0.00026736145142960364, 139.87224131701558], [1782936420, 0.00026736145142960364, 0.0002688614466542903, 0.00026736145142960364, 0.0002688614466542903, 15.215992051194402], [1782936480, 