{"pair": "GnfJavqDzrifzLNVG1t5G2JRP9XiwFdnxdqYUbzfnzhD", "n_bars": 78, "span": [1782788234.0, 1782937595.0], "bars": [[1782789060, 0.003676409855580743, 0.003958615783011654, 0.003676409855580743, 0.003958615783011654, 20.00963500334377], [1782789720, 0.003958615783011654, 0.0039615980507330065, 0.003958615783011654, 0.0039615980507330065, 5.587431766123246], [1782789960, 0.0039615980507330065, 0.0039615980507330065, 0.003960420624272974, 0.003960420624272974, 71.23347315059972], [1782790380, 0.003960420624272974, 0.003977332066426349, 0.003960420624272974, 0.003977332066426349, 47.65281514211212], [1782790800, 0.003977332066426349, 0.003977332066426349, 0.003952940387942998, 0.003952940387942998, 166.15704438837767], [1782791700, 0.003952940387942998, 0.003952940387942998, 0.003897404214037431, 0.003897404214037431, 92.17618949414107], [1782791760, 0.003897404214037431, 0.004478917506756456, 0.0038490793628146508, 0.004478917506756456, 2315.133676681541], [1782791820, 0.004478917506756456, 0.005258176500285101, 0.004478917506756456, 0.005061769085753932, 2797.899934642911], [1782791940, 0.005061769085753932, 0.005061769085753932, 0.004765553105331422, 0.004765553105331422, 1399.9847981977025], [1782792000, 0.004765553105331422, 0.004765553105331422, 0.004512285553944968, 0.004512285553944968, 25.21773673861457], [1782792240, 0.004512285553944968, 0.004512285553944968, 0.004482750844194107, 0.004482750844194107, 130.76848636430557], [1782792300, 0.004482750844194107, 0.004482750844194107, 0.004466616193130025, 0.004466616193130025, 49.75494576576149], [1782792360, 0.004466616193130025, 0.004514362391804734, 0.004466616193130025, 0.004514362391804734, 213.33641074105248], [1782792480, 0.004514362391804734, 0.004554748616375935, 0.004514362391804734, 0.004554748616375935, 34.67858627596568], [1782792540, 0.004554748616375935, 0.004605641132739893, 0.004554748616375935, 0.004605641132739893, 145.5052270799233], [1782792900, 0.004605641132739893, 0.0046191341348206265, 0.004605641132739893, 0.0046191341348206265, 4.7096990866140365], [1782793260, 0.0046191341348206265, 0.0046191341348206265, 0.0045589711833725665, 0.0045589711833725665, 139.7038329610857], [1782793500, 0.0045589711833725665, 0.0045589711833725665, 0.004548716035042979, 0.004548716035042979, 3.5048492642097733], [1782793680, 0.004548716035042979, 0.004548716035042979, 0.004490769647388526, 0.004490769647388526, 351.4119650394356], [1782793920, 0.004490769647388526, 0.004490769647388526, 0.0043905929441805415, 0.0043905929441805415, 269.09739822833745], [1782794220, 0.0043905929441805415, 0.0043905929441805415, 0.004336031983112063, 0.004336031983112063, 34.016733514950786], [1782794280, 0.004336031983112063, 0.004336031983112063, 0.0042088700836288235, 0.0042088700836288235, 728.8862428023173], [1782794460, 0.0042088700836288235, 0.0042088700836288235, 0.003859446145062446, 0.003859446145062446, 702.4311807733924], [1782794520, 0.003859446145062446, 0.003859446145062446, 0.0034704007721432927, 0.0034863572128967387, 1330.2952529567235], [1782795900, 0.0034863572128967387, 0.0034863572128967387, 0.0034364610695845183, 0.0034364610695845183, 450.5713169708167], [1782796800, 0.0034364610695845183, 0.003533864183106425, 0.0034364610695845183, 0.003533864183106425, 1123.5280521285258], [1782797040, 0.003533864183106425, 0.003713867340485472, 0.003533864183106425, 0.003713867340485472, 56.39595347818992], [1782797220, 0.003713867340485472, 0.003713867340485472, 0.0030588203228953306, 0.003361186462014382, 2105.1716291682224], [1782797280, 0.003361186462014382, 0.003361186462014382, 0.0030110382625745647, 0.0030110382625745647, 178.13758866421472], [1782797940, 0.0030110382625745647, 0.0030110382625745647, 0.003006819801206769, 0.003006819801206769, 33.49384627373232], [1782798300, 0.003006819801206769, 0.003006819801206769, 0.003006679856657923, 0.003006679856657923, 17.16212811367453], [1782798360, 0.003006679856657923, 0.003006679856657923, 0.0030041452349893623, 0.0030041452349893623, 3.5375626298001555], [1782798660, 0.0030041452349893623, 0.0030041452349893623, 0.0030040202069703155, 0.0030040202069703155, 15.074155146150266], [1782798960, 0.0030040202069703155, 0.003005029724439518, 0.0030040202069703155, 0.003005029724439518, 35.627199409206845], [1782799080, 0.003005029724439518, 0.0030101546645852776, 0.003005029724439518, 0.0030101546645852776, 142.41917841847737], [1782799260, 0.0030101546645852776, 0.0030101546645852776, 0.0030005857452981375, 0.0030005857452981375, 19.05096886669456], [1782800160, 0.0030005857452981375, 0.0030005857452981375, 0.002996779103705862, 0.002996779103705862, 0.6718193419614007], [1782800340, 0.002996779103705862, 0.0029974311597900363, 0.002996779103705862, 0.0029974311597900363, 13.499498300125824], [1782801780, 0.0029974311597900363, 0.0030036109245142125, 0.0029974311597900363, 0.0030036109245142125, 0.4028095784571697], [1782801900, 0.0030036109245142125, 0.0030036109245142125, 0.0030031149750900034, 0.0030031149750900034, 2.9872124572346954], [1782801960, 0.0030031149750900034, 0.003018934103195663, 0.0030031149750900034, 0.003018934103195663, 106.67591049749822], [1782802380, 0.003018934103195663, 0.003040197551286314, 0.003018934103195663, 0.003040197551286314, 38.46954446278177], [1782802740, 0.003040197551286314, 0.003040197551286314, 0.003030202339655787, 0.003030202339655787, 107.07408062741675], [1782802800, 0.003030202339655787, 0.003030202339655787, 0.003011881742148182, 0.003011881742148182, 20.54776653103765], [1782802920, 0.003011881742148182, 0.003011881742148182, 0.0030086461767674763, 0.0030086461767674763, 20.185207413301477], [1782803880, 0.0030086461767674763, 0.0030086461767674763, 0.0029962940916051163, 0.0029962940916051163, 0.11189942236373328], [1782806280, 0.0029962940916051163, 0.0030060562440999664, 0.0029962940916051163, 0.0030060562440999664, 4.195757114720978], [1782806520, 0.0030060562440999664, 0.0030060562440999664, 0.0029951094891979397, 0.0029951094891979397, 45.13717800358416], [1782806760, 0.0029951094891979397, 0.0029951094891979397, 0.0029899205182887375, 0.0029899205182887375, 2.138106092667971], [1782807660, 0.0029899205182887375, 0.0029899205182887375, 0.0029860213026687062, 0.0029860213026687062, 18.90980455163876], [1782811560, 0.0029860213026687062, 0.0029860213026687062, 0.0029710940791033676, 0.0029757684874528426, 25.006420552682286], [1782813240, 0.0029757684874528426, 0.002976233857178069, 0.0029757684874528426, 0.002976233857178069, 3.1387195975614315], [1782815880, 0.002976233857178069, 0.002976233857178069, 0.0029614174803925955, 0.0029614174803925955, 16.81048894830304], [1782817260, 0.0029614174803925955, 0.002964217650306244, 0.0029614174803925955, 0.002964217650306244, 0.9168674644016007], [1782819660, 0.002964217650306244, 0.002964217650306244, 0.0029466207432483666, 0.0029535739086939345, 49.15292614531722], [1782820920, 0.0029535739086939345, 0.0029535739086939345, 0.0029334767011629545, 0.0029334767011629545, 0.16225116250232635], [1782823500, 0.0029334767011629545, 0.0029334767011629545, 0.0028648516526167964, 0.0028648516526167964, 266.2836837153228], [1782824280, 0.0028648516526167964, 0.0028648516526167964, 0.0028328065473099324, 0.0028328065473099324, 138.4092315008577], [1782824940, 0.0028328065473099324, 0.002851358808618388, 0.0028328065473099324, 0.002851358808618388, 93.15108920081282], [1782828900, 0.002851358808618388, 0.002851358808618388, 0.0028184820657958702, 0.0028184820657958702, 200.64922448793857], [1782834660, 0.0028184820657958702, 0.002828331115689504, 0.0028184820657958702, 0.002828331115689504, 18.226783673953328], [1782836460, 0.002828331115689504, 0.002828331115689504, 0.0028031383744319648, 0.0028031383744319648, 33.07939058563727], [1782836700, 0.0028031383744319648, 0.0028031383744319648, 0.002789989019776685, 0.002789989019776685, 29.952667978286907], [1782842160, 0.002789989019776685, 0.0028114128941608427, 0.002789989019776685, 0.0028114128941608427, 