{"pair": "3Yx9Q1FvhVXH4Vv8mLWWFDbLPZW4fXKgA3FAkbLQHVS6", "n_bars": 158, "span": [1782953805.0, 1782965906.0], "bars": [[1782953820, 8.802391223839761e-05, 8.993681098091734e-05, 8.802269531535358e-05, 8.993146820932518e-05, 190.25972896777716], [1782953880, 8.993146820932518e-05, 9.307561076374939e-05, 8.900878173597241e-05, 9.30506945123264e-05, 287.5273166659199], [1782953940, 9.30506945123264e-05, 9.387094964542131e-05, 9.202226361131144e-05, 9.387094964542131e-05, 52.282751819871514], [1782954000, 9.387094964542131e-05, 0.0001003352829140373, 9.265145134150145e-05, 9.97110638024134e-05, 1151.5321835486995], [1782954060, 9.97110638024134e-05, 0.00010145502335074478, 9.842308378304265e-05, 0.00010076597549619923, 294.58133684943283], [1782954120, 0.00010076597549619923, 0.00010884590505049346, 9.947875660503806e-05, 0.00010679125950089682, 1027.590720147977], [1782954180, 0.00010679125950089682, 0.00010859028462055536, 0.00010634918375276925, 0.00010634918375276925, 343.10314084737854], [1782954240, 0.00010634918375276925, 0.00011113566467896597, 0.00010530633273683504, 0.00010682952287246247, 892.0117242914649], [1782954300, 0.00010682952287246247, 0.00010753301122014776, 0.00010051885970111099, 0.00010165381334603256, 436.69506404131954], [1782954360, 0.00010165381334603256, 0.00010684896691922186, 0.00010162133717833062, 0.00010684896691922186, 748.6051272000526], [1782954420, 0.00010684896691922186, 0.00011037472292630676, 0.0001012095994120152, 0.00010134329858825355, 1464.1367579248174], [1782954480, 0.00010134329858825355, 0.00011050196228495707, 9.98589622707737e-05, 0.00010943715790051337, 975.2846375614188], [1782954540, 0.00010943715790051337, 0.00011807113365381659, 0.00010839130420682462, 0.00011344730764902069, 979.742623864083], [1782954600, 0.00011344730764902069, 0.00011534825603653394, 0.00011191198050411992, 0.0001127546595826278, 495.94666615017184], [1782954660, 0.0001127546595826278, 0.00011537602554321723, 0.00011138858850731012, 0.00011531335177979011, 392.55226557740946], [1782954720, 0.00011531335177979011, 0.00011600010719721912, 0.00011388836577701812, 0.00011600010719721912, 78.19692145119676], [1782954780, 0.00011600010719721912, 0.00011886245517519593, 0.00011595395939915297, 0.0001165667830042929, 319.00092214755375], [1782954840, 0.0001165667830042929, 0.0001208971668919053, 0.0001164513734811593, 0.00011769317060202623, 509.2738733349508], [1782954900, 0.00011769317060202623, 0.0001280959691881679, 0.00011702328955266951, 0.00012663462253377215, 1537.0071631479202], [1782954960, 0.00012663462253377215, 0.00012848902878830285, 0.0001155276961903431, 0.00011814772102729721, 1722.8094967516795], [1782955020, 0.00011814772102729721, 0.00011954196547662717, 0.00011508509660103774, 0.00011530058884160847, 283.08042400219034], [1782955080, 0.00011530058884160847, 0.00011698970102760649, 0.00011464550843667064, 0.00011510443977209647, 141.01140764592546], [1782955140, 0.00011510443977209647, 0.00011653251086993647, 0.00011384081137702981, 0.0001154640670193294, 198.10287662817237], [1782955200, 0.0001154640670193294, 0.00011560022707581277, 9.743550734048667e-05, 9.743550734048667e-05, 2041.8781643509667], [1782955260, 9.743550734048667e-05, 0.00010005990047774421, 9.600192552565544e-05, 9.600192552565544e-05, 391.4102702314248], [1782955320, 9.600192552565544e-05, 9.718420638352142e-05, 9.341174140646693e-05, 9.405907128602664e-05, 273.9834856069252], [1782955380, 9.405907128602664e-05, 9.768045372023014e-05, 9.33530464178199e-05, 9.341146621551139e-05, 440.63720810978566], [1782955440, 9.341146621551139e-05, 9.416383580726524e-05, 9.28016001650684e-05, 9.416383580726524e-05, 74.00765840905075], [1782955500, 9.416383580726524e-05, 9.423191841427292e-05, 8.971869371127545e-05, 8.979874473818063e-05, 343.3130774407747], [1782955560, 8.979874473818063e-05, 9.016040115394514e-05, 8.773330572155215e-05, 8.776413080412172e-05, 216.5379148332012], [1782955620, 8.776413080412172e-05, 9.043783861038604e-05, 8.237446132120828e-05, 8.527121851932567e-05, 746.091033979506], [1782955680, 8.527121851932567e-05, 9.140734626983706e-05, 8.527121851932567e-05, 9.063991945537887e-05, 645.8534609664438], [1782955740, 9.063991945537887e-05, 9.642702791303495e-05, 9.063991945537887e-05, 9.443428299889615e-05, 524.1687999793884], [1782955800, 9.443428299889615e-05, 9.628769091587172e-05, 9.328132681427856e-05, 9.328132681427856e-05, 334.06822121866196], [1782955860, 9.328132681427856e-05, 9.487367278354294e-05, 9.197592352901957e-05, 9.197592352901957e-05, 388.4772427845125], [1782955920, 9.197592352901957e-05, 9.197592352901957e-05, 8.583071710919193e-05, 8.828209182585593e-05, 697.9375822011012], [1782955980, 8.828209182585593e-05, 9.032405872471769e-05, 8.709185724757429e-05, 9.020800353385504e-05, 209.5448733470238], [1782956040, 9.020800353385504e-05, 9.105045945836756e-05, 8.954422956640177e-05, 8.954422956640177e-05, 235.10997168705467], [1782956100, 8.954422956640177e-05, 8.954422956640177e-05, 8.229167341362726e-05, 8.229167341362726e-05, 836.0427192645703], [1782956160, 8.229167341362726e-05, 8.398194232599796e-05, 8.174689105576947e-05, 8.174689105576947e-05, 202.94503422018263], [1782956220, 8.174689105576947e-05, 8.36213530995875e-05, 7.926086699974261e-05, 8.03671258769674e-05, 304.2754276228533], [1782956280, 8.03671258769674e-05, 8.066574184418762e-05, 7.80303366754103e-05, 8.06509525686836e-05, 352.6968019446672], [1782956340, 8.06509525686836e-05, 8.077464675285975e-05, 7.917770036952425e-05, 7.938563169701291e-05, 143.49235623400654], [1782956400, 7.938563169701291e-05, 8.043713744585219e-05, 7.715672730118434e-05, 7.843583063667068e-05, 197.58327524406516], [1782956460, 7.843583063667068e-05, 7.875143855773549e-05, 7.203385861459363e-05, 7.222511717837386e-05, 752.1561982041845], [1782956520, 7.222511717837386e-05, 8.096414378170344e-05, 6.930023251797256e-05, 8.041454491680418e-05, 1971.061300899273], [1782956580, 8.041454491680418e-05, 8.188946253511977e-05, 7.802786993114649e-05, 8.180038734934751e-05, 620.4347809335104], [1782956640, 8.180038734934751e-05, 8.684364472977873e-05, 8.180038734934751e-05, 8.58193240866921e-05, 459.90609257070525], [1782956700, 8.58193240866921e-05, 8.58193240866921e-05, 8.247675386746944e-05, 8.247675386746944e-05, 269.28348352802107], [1782956760, 8.247675386746944e-05, 8.498642627679724e-05, 8.021384209041599e-05, 8.3796108440407e-05, 919.5377359098486], [1782956820, 8.3796108440407e-05, 8.995646692967764e-05, 8.3796108440407e-05, 8.525565216976235e-05, 971.0182105733313], [1782956880, 8.525565216976235e-05, 8.743518561268884e-05, 8.3036931166007e-05, 8.743518561268884e-05, 655.1036890837], [1782956940, 8.743518561268884e-05, 8.743518561268884e-05, 8.46504440283159e-05, 8.682039339024934e-05, 158.8550100090984], [1782957000, 8.682039339024934e-05, 9.063102699828239e-05, 8.583943497895508e-05, 8.974609511241655e-05, 666.5174367085467], [1782957060, 8.974609511241655e-05, 9.004357067684613e-05, 8.755910237766744e-05, 8.953450284224968e-05, 406.2744909937685], [1782957120, 8.953450284224968e-05, 9.139483640925151e-05, 8.843827674259478e-05, 8.949774941852405e-05, 460.25196548167617], [1782957180, 8.949774941852405e-05, 9.24577615377421e-05, 8.949774941852405e-05, 9.125400795052676e-05, 337.4051188333846], [1782957240, 9.125400795052676e-05, 9.414217112551181e-05, 9.093759596887477e-05, 9.109379283900489e-05, 441.0611837787464], [1782957300, 9.109379283900489e-05, 9.34200150315553e-05, 9.074921764085795e-05, 9.159554468523697e-05, 532.4805534124981], [1782957360, 9.159554468523697e-05, 9.361188257228852e-05, 9.110565335407236e-05, 9.191249300019901e-05, 365.2973813920171], [1782957420, 9.191249300019901e-05, 9.475472453465315e-05, 9.191249300019901e-05, 9.31722256019167e-05, 129.73799467076182], [1782957480, 9.31722256019167e-05, 9.373790370178518e-05, 9.059067656420559e-05, 9.083989500153804e-05, 395.4687515972587], [1782957540, 9.083989500153804e-05, 0.00010068639047415476, 