{"pair": "3sC4omR4fqjdemxNKNwxVXo4tyaNghfz7ajeiYevrhJG", "n_bars": 96, "span": [1782885222.0, 1782941041.0], "bars": [[1782885240, 9.927428636430766e-05, 0.00010686396774426092, 9.927428636430766e-05, 0.00010369023861731996, 756.3633340513277], [1782885300, 0.00010369023861731996, 0.0001088102660679156, 0.0001015692718543719, 0.0001088102660679156, 619.182960112041], [1782885360, 0.0001088102660679156, 0.0001139438098884892, 8.893464398733302e-05, 8.966648223252525e-05, 2405.457673122422], [1782885420, 8.966648223252525e-05, 9.296361785938632e-05, 8.953895529595086e-05, 9.147706411085411e-05, 332.1649648904218], [1782885480, 9.147706411085411e-05, 9.841355591551372e-05, 9.147706411085411e-05, 9.547649584604828e-05, 484.75625828674515], [1782885540, 9.547649584604828e-05, 0.0001026138467645273, 9.547649584604828e-05, 0.00010019116917381527, 489.44698988237263], [1782885600, 0.00010019116917381527, 0.00010409773573781032, 8.13374726373079e-05, 8.531815468326485e-05, 1998.4980596518499], [1782885660, 8.531815468326485e-05, 8.644502732774959e-05, 8.387040541859549e-05, 8.644502732774959e-05, 223.54323999080475], [1782885720, 8.644502732774959e-05, 8.82875293674389e-05, 8.433258529844468e-05, 8.704864075750027e-05, 379.707085284539], [1782885780, 8.704864075750027e-05, 9.450064936753246e-05, 7.026801494840029e-05, 7.243501235671183e-05, 2178.9534152421134], [1782885840, 7.243501235671183e-05, 7.40169581136767e-05, 6.984999938064176e-05, 7.049911588704665e-05, 605.6583678306158], [1782885900, 7.049911588704665e-05, 7.764126466787393e-05, 7.049911588704665e-05, 7.764126466787393e-05, 650.3080873098048], [1782885960, 7.764126466787393e-05, 8.062898119025365e-05, 7.569304551314892e-05, 7.96223804347474e-05, 347.8623667291247], [1782886020, 7.96223804347474e-05, 8.061397236031849e-05, 7.768323389112875e-05, 7.848420601551571e-05, 221.89375408861181], [1782886080, 7.848420601551571e-05, 9.368813409471413e-05, 7.373481449502725e-05, 8.012121166615623e-05, 5265.468281955274], [1782886140, 8.012121166615623e-05, 8.527681749631779e-05, 5.3023745867812775e-05, 6.1011474750217975e-05, 8506.483648867385], [1782886200, 6.1011474750217975e-05, 6.110600521273187e-05, 2.5775439754188176e-05, 3.390009134587281e-05, 6108.535939417902], [1782886260, 3.390009134587281e-05, 7.535304380098284e-05, 3.390009134587281e-05, 6.804799233592633e-05, 5723.9088224947545], [1782886320, 6.804799233592633e-05, 9.180543434006278e-05, 6.633184891852465e-05, 8.017822567728193e-05, 7885.15698605364], [1782886380, 8.017822567728193e-05, 0.00010046103341665318, 5.367367355413778e-05, 5.367367355413778e-05, 7173.154673988062], [1782886440, 5.367367355413778e-05, 0.00011772401397656353, 5.367367355413778e-05, 0.00010971938337125496, 6520.122525636521], [1782886500, 0.00010971938337125496, 0.00014144202716365073, 9.722726274898897e-05, 0.00012575738308551028, 11006.257235790343], [1782886560, 0.00012575738308551028, 0.00013331660237404748, 5.088124132314818e-05, 6.384902638937038e-05, 8576.015991305563], [1782886620, 6.384902638937038e-05, 7.670983850949034e-05, 3.2220182167162594e-05, 3.7080013507824095e-05, 9814.661134779204], [1782886680, 3.7080013507824095e-05, 8.117180537251641e-05, 3.7080013507824095e-05, 8.117180537251641e-05, 4034.6317732365446], [1782886740, 8.117180537251641e-05, 0.00010681379442291808, 7.880513096122627e-05, 8.20144410796818e-05, 6719.028486310793], [1782886800, 8.20144410796818e-05, 0.00012744247702215804, 8.103188820629205e-05, 9.622501885227893e-05, 9780.148554798561], [1782886860, 9.622501885227893e-05, 0.00013752142729730823, 9.622501885227893e-05, 0.00013567429754682004, 2823.8245085203503], [1782886920, 0.00013567429754682004, 0.0001511544425400989, 0.00012130328932383425, 0.0001511544425400989, 4297.144481566747], [1782886980, 0.0001511544425400989, 0.0001546055680766067, 0.00011960166659541883, 0.0001396576141993564, 3578.120706956942], [1782887040, 0.0001396576141993564, 0.0001633994362355466, 0.00012974400957449102, 0.00015965561634753478, 5297.877113568386], [1782887100, 0.00015965561634753478, 0.00017788686205135053, 0.00011720646346979576, 0.00012660445646172003, 4772.637037126018], [1782887160, 0.00012660445646172003, 0.000140890375106305, 0.00012427612713665278, 0.00014005859817793655, 1632.3531986023784], [1782887220, 0.00014005859817793655, 0.00017684465037505096, 0.00013928475468457958, 0.00017684465037505096, 2513.790712070907], [1782887280, 0.00017684465037505096, 0.00020629802023808247, 0.0001655477228457555, 0.00018550920517097793, 4479.383585892586], [1782887340, 0.00018550920517097793, 0.00020700143474043322, 0.00016535375958867598, 0.0002043685299260507, 4272.603624415438], [1782887400, 0.0002043685299260507, 0.00022320213353613298, 0.0001670551359751159, 0.0001710704489352782, 7946.62913619441], [1782887460, 0.0001710704489352782, 0.00018464132523390012, 0.00016693406861369292, 0.00017901237544272906, 2473.1909276039946], [1782887520, 0.00017901237544272906, 0.00019946549866388293, 0.00017901237544272906, 0.00019643826391454292, 1145.3778024222686], [1782887580, 0.00019643826391454292, 0.00023214611399194747, 0.00019562826346719494, 0.0001996191633698439, 3713.26103859139], [1782887640, 0.0001996191633698439, 0.00021973650245002988, 0.00019115045318408296, 0.0002182728148068019, 1767.9622441932845], [1782887700, 0.0002182728148068019, 0.00022794425982186587, 0.00018345264207018694, 0.0001904143391582069, 3989.3389015709545], [1782887760, 0.0001904143391582069, 0.0001987271842824581, 0.00014747379612595194, 0.0001521651540975632, 2915.569218144798], [1782887820, 0.0001521651540975632, 0.00015741571634923286, 0.00015199010116664316, 0.0001566258873795726, 564.0750970965224], [1782887880, 0.0001566258873795726, 0.00016266029507300438, 0.0001559200476521671, 0.00016266029507300438, 579.8568998653213], [1782887940, 0.00016266029507300438, 0.00016669151802821883, 0.00010536488467750377, 0.00010932220830981762, 3838.0025057217817], [1782888000, 0.00010932220830981762, 0.00011489776593250727, 0.00010932220830981762, 0.00011489776593250727, 355.64379207830353], [1782888060, 0.00011489776593250727, 0.00011957036432743963, 0.00011423257463905692, 0.00011957036432743963, 635.0912129435114], [1782888120, 0.00011957036432743963, 0.00012703016300751987, 0.00010876884815948614, 0.00011366938364074912, 1705.3258828404], [1782888180, 0.00011366938364074912, 0.00012255414254577437, 0.00010931301035694246, 0.00012153925078719313, 2060.7337825588043], [1782888240, 0.00012153925078719313, 0.00013851934705055044, 0.00012153925078719313, 0.00013640013029362076, 1342.752725298572], [1782888300, 0.00013640013029362076, 0.0001504800467088057, 6.709368723067787e-05, 6.709368723067787e-05, 6012.247413707303], [1782888360, 6.709368723067787e-05, 7.0938560921855e-05, 5.0045289377266486e-05, 5.0974295826292326e-05, 1683.1270131209938], [1782888420, 5.0974295826292326e-05, 5.5487504062173734e-05, 3.4570863581080265e-05, 3.460328284114737e-05, 2350.307379420966], [1782888480, 3.460328284114737e-05, 3.8165008752945795e-05, 1.7639028837218066e-05, 1.9585011809995384e-05, 2929.5582340979236], [1782888540, 1.9585011809995384e-05, 1.9585011809995384e-05, 9.924409525907887e-06, 1.0077538266364764e-05, 1712.034450436733], [1782888600, 1.0077538266364764e-05, 1.1336787219492936e-05, 4.496542379168759e-06, 7.279416510751105e-06, 1794.4539118500245], [1782888660, 7.279416510751105e-06, 7.279416510751105e-06, 2.6290875879738748e-06, 2.632037718290065e-06, 628.7925245924204], [1782888720, 2.632037718290065e-06, 5.051884489559203e-06, 1.6579202578855108e-06, 1.9326611633902602e-06, 1977.8176797922124], [1782888780, 1.9326611633902602e-06, 2.3500796719661302e-06, 1.7904713948521514e-06, 1.8730297264082605e-06, 519.6158571926062], [1782888840, 1.8730297264082605e-06, 1.9125133040844605e-06, 1.8009839718929967e-06, 1.8009839718929967e-06, 37.91004558367725], [1782888960, 1.8009839718929967e-06, 1.8009839718929967e-06, 1.7628574606168064e-06, 1.7825555493111748e-06, 17.72891779595029], 