{"pair": "rSyt64cs33cvfqXQ2KvnY13A7isRkkE3DBMUc8T9PL8", "n_bars": 89, "span": [1782916211.0, 1782946033.0], "bars": [[1782916380, 0.0005909469970862129, 0.0005909469970862129, 0.0005855896816779772, 0.0005855896816779772, 79.01145772961542], [1782916740, 0.0005855896816779772, 0.0005940054067371305, 0.0005855896816779772, 0.0005867179049824404, 33.42658044093666], [1782916800, 0.0005867179049824404, 0.0005867179049824404, 0.0005770778503892879, 0.0005770778503892879, 382.26657634009484], [1782916860, 0.0005770778503892879, 0.0005770778503892879, 0.0005758899689957987, 0.0005758899689957987, 92.36613150171746], [1782917040, 0.0005758899689957987, 0.0005866129234017214, 0.0005758899689957987, 0.0005866129234017214, 382.8974498097686], [1782917820, 0.0005866129234017214, 0.0005866129234017214, 0.0005797108589601573, 0.0005818942136397514, 216.61539120630925], [1782918000, 0.0005818942136397514, 0.0005818942136397514, 0.0005797298333979339, 0.0005797298333979339, 20.87027400232562], [1782918780, 0.0005797298333979339, 0.0005797298333979339, 0.0005795519130027558, 0.0005795519130027558, 14.94524633267655], [1782919200, 0.0005795519130027558, 0.0005795519130027558, 0.0005778042433040475, 0.0005778042433040475, 38.30695069734245], [1782919620, 0.0005778042433040475, 0.0005828577815007142, 0.0005778042433040475, 0.0005828577815007142, 0.0055178312688045055], [1782919800, 0.0005828577815007142, 0.0005894311551914255, 0.0005828577815007142, 0.0005894311551914255, 12.899910787920689], [1782919920, 0.0005894311551914255, 0.0005894311551914255, 0.0005820938668255493, 0.0005820938668255493, 0.07081214208156925], [1782920160, 0.0005820938668255493, 0.0005882996473695716, 0.0005820938668255493, 0.0005882996473695716, 0.1527125761854422], [1782920280, 0.0005882996473695716, 0.0005882996473695716, 0.0005805361194651746, 0.0005805361194651746, 22.66993546511507], [1782920340, 0.0005805361194651746, 0.0005920499517189524, 0.0005805361194651746, 0.0005920499517189524, 229.80702199143414], [1782920640, 0.0005920499517189524, 0.0005948729310518566, 0.0005920499517189524, 0.0005948729310518566, 53.7420589382053], [1782920760, 0.0005948729310518566, 0.0006122160713971488, 0.0005948729310518566, 0.0006122160713971488, 1000.8486094181789], [1782920880, 0.0006122160713971488, 0.0006178149530228532, 0.0006107197301030971, 0.0006178149530228532, 38.200637506724696], [1782921360, 0.0006178149530228532, 0.0006181516286691626, 0.0006178149530228532, 0.0006181516286691626, 25.03751401985933], [1782921840, 0.0006181516286691626, 0.0006181516286691626, 0.0006105634808020318, 0.0006105634808020318, 1.4095359929080646], [1782922260, 0.0006105634808020318, 0.000624255022095535, 0.0006105634808020318, 0.000624255022095535, 358.5297909311886], [1782922320, 0.000624255022095535, 0.000624255022095535, 0.0006207365844743643, 0.0006207365844743643, 0.09768905747812534], [1782922380, 0.0006207365844743643, 0.0006290861285474412, 0.0006207365844743643, 0.0006222116004529665, 88.58530797544495], [1782922500, 0.0006222116004529665, 0.0006222116004529665, 0.0006214717061597724, 0.0006214717061597724, 3.6036020400244753], [1782922620, 0.0006214717061597724, 0.000621927995404217, 0.0006214717061597724, 0.000621927995404217, 9.469916678360853], [1782922800, 0.000621927995404217, 0.0006231186089587779, 0.000621927995404217, 0.0006231186089587779, 1.067726198823045], [1782923040, 0.0006231186089587779, 0.0006231186089587779, 0.000621230480044375, 0.000621230480044375, 0.23266075446429912], [1782923160, 0.000621230480044375, 0.0006238082790649946, 0.000621230480044375, 0.0006238082790649946, 13.822300815355636], [1782923460, 0.0006238082790649946, 0.0006238835076911183, 0.0006238082790649946, 0.0006238835076911183, 5.381928141229994], [1782923580, 0.0006238835076911183, 0.0006238835076911183, 0.0006230881452067531, 0.0006230881452067531, 1.772306721178605], [1782923820, 0.0006230881452067531, 0.0006230881452067531, 0.000619557286569155, 0.000619557286569155, 152.39371194452457], [1782923940, 0.000619557286569155, 0.000619557286569155, 0.0006135804366666964, 0.000616166698632964, 207.27707332919954], [1782924660, 0.000616166698632964, 0.0006205423384450769, 0.000616166698632964, 0.0006205423384450769, 55.19789302652032], [1782924900, 0.0006205423384450769, 0.0006209443289538224, 0.000612886787536039, 0.0006209443289538224, 214.4188999552934], [1782925020, 0.0006209443289538224, 0.0006209443289538224, 0.0006159415432921079, 0.0006159415432921079, 18.272180878717446], [1782925140, 0.0006159415432921079, 0.0006159415432921079, 0.0006158977823728365, 0.0006158977823728365, 7.6408664624114175], [1782925260, 0.0006158977823728365, 0.0006235799397183552, 0.0006158977823728365, 0.0006235799397183552, 9.911596146956587], [1782925800, 0.0006235799397183552, 0.0006235799397183552, 0.0006169177013150148, 0.0006169177013150148, 3.8697252248460585], [1782925980, 0.0006169177013150148, 0.0006171458970892847, 0.0006169177013150148, 0.0006171458970892847, 1.2673342786083015], [1782926280, 0.0006171458970892847, 0.0006171458970892847, 0.0006158232439560381, 0.0006158232439560381, 138.3958643976039], [1782926400, 0.0006158232439560381, 0.0006254512486767985, 0.0006158232439560381, 0.0006254512486767985, 44.358194034532765], [1782926520, 0.0006254512486767985, 0.0006290929332298753, 0.0006254512486767985, 0.0006290929332298753, 222.59878014861386], [1782926700, 0.0006290929332298753, 0.0006290929332298753, 0.000623978891774336, 0.000623978891774336, 76.85434108316011], [1782926880, 0.000623978891774336, 0.0006297620337453673, 0.000623978891774336, 0.0006297620337453673, 2.904792062922561], [1782927000, 0.0006297620337453673, 0.0006297620337453673, 0.0006210088033355162, 0.0006210088033355162, 142.50845049191585], [1782927240, 0.0006210088033355162, 0.0006210088033355162, 0.0006183506508076685, 0.0006183506508076685, 21.480079402561547], [1782927360, 0.0006183506508076685, 0.0006183506508076685, 0.000612333865680128, 0.000612333865680128, 446.5659539025473], [1782927960, 0.000612333865680128, 0.0006154037244284316, 0.000612333865680128, 0.0006154037244284316, 75.21762960129743], [1782928080, 0.0006154037244284316, 0.0006173121764317699, 0.0006154037244284316, 0.0006173121764317699, 11.630716914559745], [1782928500, 0.0006173121764317699, 0.0006173121764317699, 0.0006087877974410793, 0.0006087877974410793, 74.33458990039989], [1782928560, 0.0006087877974410793, 0.0006087877974410793, 0.0006075594643718704, 0.0006075594643718704, 3.871905655386358], [1782928800, 0.0006075594643718704, 0.0006149552399562801, 0.0006061164237181481, 0.0006061164237181481, 149.2283311253039], [1782928920, 0.0006061164237181481, 0.0006061164237181481, 0.0006040268302344646, 0.0006040268302344646, 100.02616304140844], [1782929220, 0.0006040268302344646, 0.0006040268302344646, 0.0006013260063846967, 0.0006013260063846967, 59.26931084858408], [1782929340, 0.0006013260063846967, 0.0006013260063846967, 0.0005785912136712759, 0.0005788276974271613, 1197.8330909671668], [1782929460, 0.0005788276974271613, 0.0005788276974271613, 0.0005721254551943466, 0.0005721254551943466, 18.125098232721747], [1782929580, 0.0005721254551943466, 0.0005721254551943466, 0.0005672181689587956, 0.0005691037511187212, 465.65794476970734], [1782929640, 0.0005691037511187212, 0.0005752860140897927, 0.0005691037511187212, 0.0005752860140897927, 494.39927849296953], [1782929940, 0.0005752860140897927, 0.0005752860140897927, 0.000573417787150094, 0.000573417787150094, 132.805892473725], [1782930780, 0.000573417787150094, 0.0005786214139712041, 0.000573417787150094, 0.0005786214139712041, 123.11139798044351], [1782931740, 0.0005786214139712041, 0.0005786214139712041, 0.0005714962802392815, 0.0005714962802392815, 103.6774460193934], [1782931920, 0.0005714962802392815, 0.0005791677615825055, 0.0005714962802392815, 0.0005791677615825055, 153.4669629730277], [1782931980, 0.0005791677615825055, 0.0005882642068326618, 0.0005791677615825055, 0.0005882642068326618, 345.45452596970586], 