{"pair": "AxXPwQPMJt8hRgTDirQ5r8zkaaZ11cYQ976tShqChiqy", "n_bars": 88, "span": [1782888074.0, 1782944291.0], "bars": [[1782888780, 2.8892900685754644e-06, 2.8892900685754644e-06, 2.880213025527159e-06, 2.880213025527159e-06, 5.891158388069769], [1782889380, 2.880213025527159e-06, 2.917827921711937e-06, 2.8740476666240704e-06, 2.917827921711937e-06, 5.777486103270337], [1782889440, 2.917827921711937e-06, 2.917827921711937e-06, 2.888063170606859e-06, 2.888063170606859e-06, 0.15893170143528756], [1782889740, 2.888063170606859e-06, 2.889867052298025e-06, 2.888063170606859e-06, 2.889867052298025e-06, 0.02770633506833218], [1782889800, 2.889867052298025e-06, 2.889867052298025e-06, 2.8783984511126556e-06, 2.8783984511126556e-06, 5.4099839785306525], [1782889980, 2.8783984511126556e-06, 2.9096431244849537e-06, 2.873914719803133e-06, 2.9096431244849537e-06, 2.788417395109189], [1782890280, 2.9096431244849537e-06, 2.9096431244849537e-06, 2.8811324864906393e-06, 2.8811324864906393e-06, 0.08117388381130201], [1782891060, 2.8811324864906393e-06, 2.8815334906227962e-06, 2.8811324864906393e-06, 2.8815334906227962e-06, 3.0013217454335916], [1782891120, 2.8815334906227962e-06, 2.8815334906227962e-06, 2.8752437048876102e-06, 2.8752437048876102e-06, 0.22460226861698124], [1782891600, 2.8752437048876102e-06, 2.916158291620594e-06, 2.8752437048876102e-06, 2.916158291620594e-06, 0.32342305977852265], [1782891660, 2.916158291620594e-06, 2.917168345388115e-06, 2.916158291620594e-06, 2.917168345388115e-06, 0.4258229953166635], [1782891780, 2.917168345388115e-06, 2.9206578159134554e-06, 2.917168345388115e-06, 2.9206578159134554e-06, 0.26791737723019404], [1782891840, 2.9206578159134554e-06, 2.9206578159134554e-06, 2.882851418630837e-06, 2.882851418630837e-06, 0.7709670452194145], [1782891900, 2.882851418630837e-06, 2.882851418630837e-06, 2.8772988698459293e-06, 2.8772988698459293e-06, 0.4317390462494329], [1782891960, 2.8772988698459293e-06, 2.917176362074291e-06, 2.8772988698459293e-06, 2.917176362074291e-06, 0.33334739739705754], [1782892200, 2.917176362074291e-06, 2.9304745365213756e-06, 2.917176362074291e-06, 2.9304745365213756e-06, 4.756659434239577], [1782892440, 2.9304745365213756e-06, 2.9304745365213756e-06, 2.8962325873258964e-06, 2.8962325873258964e-06, 1.155547054613165], [1782892980, 2.8962325873258964e-06, 2.8962325873258964e-06, 2.8871257934811005e-06, 2.8871257934811005e-06, 5.928435126748091], [1782893040, 2.8871257934811005e-06, 2.8871257934811005e-06, 2.8843769787455207e-06, 2.8843769787455207e-06, 0.009604984941313547], [1782893280, 2.8843769787455207e-06, 2.8850781203846952e-06, 2.8843769787455207e-06, 2.8850781203846952e-06, 0.06802484697073842], [1782893640, 2.8850781203846952e-06, 2.8850781203846952e-06, 2.8802191990701075e-06, 2.8802191990701075e-06, 0.37485788457373875], [1782895680, 2.8802191990701075e-06, 2.8802191990701075e-06, 2.8719260135447584e-06, 2.8719260135447584e-06, 3.050460354480365], [1782895920, 2.8719260135447584e-06, 2.8719260135447584e-06, 2.868393553170199e-06, 2.868393553170199e-06, 0.3042774305494342], [1782896100, 2.868393553170199e-06, 2.8740181406974597e-06, 2.868393553170199e-06, 2.8740181406974597e-06, 0.35970827129866323], [1782896160, 2.8740181406974597e-06, 3.1480618443837716e-06, 2.8740181406974597e-06, 3.1426840987338233e-06, 97.45929637960509], [1782896220, 3.1426840987338233e-06, 3.2314360148025502e-06, 3.1426840987338233e-06, 3.194134137220996e-06, 14.83115104637176], [1782897120, 3.194134137220996e-06, 3.2378797336951024e-06, 3.194134137220996e-06, 3.2378797336951024e-06, 0.6687225680451068], [1782898080, 3.2378797336951024e-06, 3.2378797336951024e-06, 3.1802743565088407e-06, 3.1802743565088407e-06, 7.291575385294527], [1782898440, 3.1802743565088407e-06, 3.1802743565088407e-06, 3.0211307813910543e-06, 3.0797153605167318e-06, 69.21195998662422], [1782900600, 3.0797153605167318e-06, 3.0797153605167318e-06, 2.981332974565032e-06, 2.981332974565032e-06, 1.2654601465318034], [1782902580, 2.981332974565032e-06, 2.981332974565032e-06, 2.968064025678284e-06, 2.968064025678284e-06, 0.11646161712889119], [1782902640, 2.968064025678284e-06, 3.0101156749696855e-06, 2.968064025678284e-06, 3.0101156749696855e-06, 2.5730077892949], [1782903240, 3.0101156749696855e-06, 3.0101156749696855e-06, 2.9761440357316988e-06, 2.9761440357316988e-06, 1.4771527169972627], [1782904080, 2.9761440357316988e-06, 3.0012622083048472e-06, 2.9761440357316988e-06, 3.0012622083048472e-06, 0.08200628427479933], [1782904500, 3.0012622083048472e-06, 3.0207809772559343e-06, 3.0012622083048472e-06, 3.0207809772559343e-06, 2.4199565438674018], [1782904860, 3.0207809772559343e-06, 3.0207809772559343e-06, 2.9500087268807603e-06, 2.9500087268807603e-06, 24.612460283282772], [1782904980, 2.9500087268807603e-06, 2.9500087268807603e-06, 2.9488735951238573e-06, 2.9488735951238573e-06, 0.09202607793426619], [1782906240, 2.9488735951238573e-06, 2.9488735951238573e-06, 2.902919166526451e-06, 2.902919166526451e-06, 1.1180153583439867], [1782907440, 2.902919166526451e-06, 2.902919166526451e-06, 2.8916361951196e-06, 2.8916361951196e-06, 2.6404709391891537], [1782908820, 2.8916361951196e-06, 2.8916361951196e-06, 2.8783845278027845e-06, 2.8783845278027845e-06, 4.183790347859219], [1782909300, 2.8783845278027845e-06, 2.8783845278027845e-06, 2.86007797719379e-06, 2.86007797719379e-06, 2.4283768864711535], [1782909540, 2.86007797719379e-06, 2.8601167647072575e-06, 2.86007797719379e-06, 2.8601167647072575e-06, 0.19322066113349867], [1782910440, 2.8601167647072575e-06, 2.8601167647072575e-06, 2.8546794929867545e-06, 2.8546794929867545e-06, 0.11639296344710054], [1782910500, 2.8546794929867545e-06, 2.900178016721756e-06, 2.8546794929867545e-06, 2.900178016721756e-06, 3.284139745654919], [1782910740, 2.900178016721756e-06, 2.900178016721756e-06, 2.8724568157852734e-06, 2.8724568157852734e-06, 0.10072827821979936], [1782915300, 2.8724568157852734e-06, 2.8724568157852734e-06, 2.762293953486726e-06, 2.762293953486726e-06, 65.88414600502497], [1782915360, 2.762293953486726e-06, 2.791908499174749e-06, 2.762293953486726e-06, 2.791908499174749e-06, 0.06384290584486825], [1782915840, 2.791908499174749e-06, 2.791908499174749e-06, 2.7822025697345496e-06, 2.7822025697345496e-06, 0.12637355955283247], [1782916140, 2.7822025697345496e-06, 2.7822025697345496e-06, 2.7680042166569347e-06, 2.7680042166569347e-06, 2.3970760155649096], [1782916320, 2.7680042166569347e-06, 2.7680042166569347e-06, 2.7610646878687767e-06, 2.7610646878687767e-06, 1.5367022571707534], [1782916560, 2.7610646878687767e-06, 2.7610646878687767e-06, 2.7501317195191445e-06, 2.7501317195191445e-06, 2.632297390846474], [1782919440, 2.7501317195191445e-06, 2.7501317195191445e-06, 2.7436670989645185e-06, 2.7436670989645185e-06, 31.605070556008805], [1782920460, 2.7436670989645185e-06, 2.757913323713857e-06, 2.7436670989645185e-06, 2.757913323713857e-06, 22.83677357582408], [1782920520, 2.757913323713857e-06, 2.757913323713857e-06, 2.7573169527174944e-06, 2.7573169527174944e-06, 0.3871883149506501], [1782920820, 2.7573169527174944e-06, 2.7573169527174944e-06, 2.7539018202811017e-06, 2.7539018202811017e-06, 0.3235533528114053], [1782921960, 2.7539018202811017e-06, 2.7961257926133117e-06, 2.7539018202811017e-06, 2.7961257926133117e-06, 7.175795930824732], [1782922260, 2.7961257926133117e-06, 2.7961257926133117e-06, 2.7558513132827706e-06, 2.7558513132827706e-06, 7.361114424976213], [1782924120, 2.7558513132827706e-06, 2.7974596543783483e-06, 2.7558513132827706e-06, 2.7974596543783483e-06, 1.958617060825092], [1782924840, 2.7974596543783483e-06, 2.7974596543783483e-06, 2.7512793196270245e-06, 2.7512793196270245e-06, 0.10559250454527982], [1782925200, 2.7512793196270245e-06, 2.7520903860515525e-06, 2.7512793196270245e-06, 2.7520903860515525e-06, 0.1382996951104052], [1782925740, 2.7520903860515525e-06, 2.7520903860515525e-06, 2.747958452738472e-06, 2.747958452738472e-06, 0.36428404857167956], [1782925860, 2.747958452738472e-06, 