{"pair": "8Nj6AA6u9R27dYVTRcEQokesoe7YZLwjWwJSpPYxdkQk", "n_bars": 95, "span": [1782915720.0, 1782945515.0], "bars": [[1782915780, 0.00038000675873552006, 0.00038000675873552006, 0.00037671306491016013, 0.00037673673288021406, 2.270308177475131], [1782915900, 0.00037673673288021406, 0.00037673673288021406, 0.000376077500109405, 0.000376077500109405, 0.7444246606383437], [1782915960, 0.000376077500109405, 0.000376077500109405, 0.00037583202550511754, 0.00037583202550511754, 0.6848736154465026], [1782916020, 0.00037583202550511754, 0.0003800488517690331, 0.00037583202550511754, 0.0003800488517690331, 16.71488774076824], [1782916080, 0.0003800488517690331, 0.0003814197852127083, 0.0003800488517690331, 0.0003814197852127083, 75.67577121653164], [1782916200, 0.0003814197852127083, 0.0003830299898341576, 0.0003814197852127083, 0.0003830299898341576, 28.71801770537693], [1782916260, 0.0003830299898341576, 0.0003830299898341576, 0.0003787878001792706, 0.0003787878001792706, 45.07158913128723], [1782916500, 0.0003787878001792706, 0.0003787878001792706, 0.0003775321262126238, 0.0003775321262126238, 14.72900617196673], [1782916620, 0.0003775321262126238, 0.0003775321262126238, 0.00037657382067237527, 0.00037657382067237527, 6.099043503516202], [1782916860, 0.00037657382067237527, 0.0003839530015004246, 0.00037657382067237527, 0.0003839530015004246, 106.5833629658023], [1782916920, 0.0003839530015004246, 0.0003856915203547941, 0.0003814575867066789, 0.0003814575867066789, 4.60554148324225], [1782917220, 0.0003814575867066789, 0.0003814575867066789, 0.00037925489636721015, 0.00037925489636721015, 25.77883669825098], [1782917400, 0.00037925489636721015, 0.00037925489636721015, 0.00037745549128585635, 0.00037745549128585635, 225.40903662883542], [1782917520, 0.00037745549128585635, 0.00037745549128585635, 0.000372929188361233, 0.000372929188361233, 78.43372103775779], [1782917760, 0.000372929188361233, 0.000372929188361233, 0.00036105055982047217, 0.00036105055982047217, 600.9507507807843], [1782917820, 0.00036105055982047217, 0.00036105055982047217, 0.00035225888778386263, 0.00035225888778386263, 11.20994781538065], [1782917940, 0.00035225888778386263, 0.00035939363477896307, 0.00035225888778386263, 0.00035535723253819464, 375.9826144519013], [1782918000, 0.00035535723253819464, 0.00035535723253819464, 0.00034961229782322334, 0.00034961229782322334, 142.47972762038916], [1782918060, 0.00034961229782322334, 0.00034961229782322334, 0.00034336469397437035, 0.0003434272785097213, 331.6735513053702], [1782918300, 0.0003434272785097213, 0.0003434272785097213, 0.00033925139266827067, 0.00033925139266827067, 14.881856858122013], [1782918360, 0.00033925139266827067, 0.00033925139266827067, 0.00033775470160081, 0.00033775470160081, 102.71595130266252], [1782918540, 0.00033775470160081, 0.00033775470160081, 0.00033326403289860257, 0.00033326403289860257, 170.4061271302731], [1782919260, 0.00033326403289860257, 0.0003354945148470307, 0.00033326403289860257, 0.0003354945148470307, 6.089019012014666], [1782919320, 0.0003354945148470307, 0.0003354945148470307, 0.00033094323946362313, 0.00033094323946362313, 16.516257922602954], [1782919380, 0.00033094323946362313, 0.0003381961552901615, 0.00033094323946362313, 0.0003381961552901615, 52.81690632162115], [1782919440, 0.0003381961552901615, 0.0003381961552901615, 0.00033437175172773114, 0.00033437175172773114, 0.5540457991674462], [1782919560, 0.00033437175172773114, 0.00033437175172773114, 0.00033400906413744136, 0.00033400906413744136, 16.700188089181463], [1782919800, 0.00033400906413744136, 0.00033400906413744136, 0.0003337636374315859, 0.0003337636374315859, 5.306841835162216], [1782919860, 0.0003337636374315859, 0.000341899821374264, 0.0003337636374315859, 0.000341899821374264, 141.42273236248076], [1782920160, 0.000341899821374264, 0.000341899821374264, 0.00033751915317877933, 0.00034133498213528347, 31.694577323691625], [1782920280, 0.00034133498213528347, 0.00034133498213528347, 0.00033608334409114706, 0.00033608334409114706, 95.6266552170504], [1782920340, 0.00033608334409114706, 0.00033608334409114706, 0.0003346059967356226, 0.0003346059967356226, 7.807489807669409], [1782920580, 0.0003346059967356226, 0.0003346059967356226, 0.00033436531153398734, 0.00033436531153398734, 50.39630359991962], [1782921120, 0.00033436531153398734, 0.00034164674361084323, 0.00033436531153398734, 0.00034164674361084323, 325.4327889691281], [1782921300, 0.00034164674361084323, 0.00034757591473662974, 0.00034164674361084323, 0.00034757591473662974, 76.59277549571583], [1782921600, 0.00034757591473662974, 0.00034757591473662974, 0.0003397549974721756, 0.0003397549974721756, 348.6323344216147], [1782921720, 0.0003397549974721756, 0.0003397549974721756, 0.00033924481255896265, 0.00033924481255896265, 43.82217742763317], [1782922140, 0.00033924481255896265, 0.0003416777011732838, 0.00033924481255896265, 0.0003416777011732838, 62.00031036575649], [1782922320, 0.0003416777011732838, 0.00034952991373832595, 0.00033785496082469054, 0.00034952991373832595, 556.641157187398], [1782922380, 0.00034952991373832595, 0.0003513136119637224, 0.00034952991373832595, 0.0003513136119637224, 125.3790398279299], [1782922440, 0.0003513136119637224, 0.0003542874360619929, 0.0003513136119637224, 0.0003542874360619929, 62.840773356896136], [1782922680, 0.0003542874360619929, 0.0003542874360619929, 0.00035134382797650957, 0.00035134382797650957, 2.0185323973681437], [1782922920, 0.00035134382797650957, 0.00035134382797650957, 0.00034493185857551194, 0.00034493185857551194, 404.57212222173865], [1782922980, 0.00034493185857551194, 0.00034493185857551194, 0.0003435885367025538, 0.0003435885367025538, 24.161026010857526], [1782923100, 0.0003435885367025538, 0.0003435885367025538, 0.00033621858419156486, 0.00033621858419156486, 157.0291536508109], [1782923160, 0.00033621858419156486, 0.00034135264684620085, 0.00033621858419156486, 0.00034135264684620085, 47.18073871063024], [1782923280, 0.00034135264684620085, 0.0003490228697859782, 0.00034135264684620085, 0.0003490228697859782, 421.7888928726818], [1782923340, 0.0003490228697859782, 0.0003490228697859782, 0.000344526001623595, 0.000344526001623595, 416.51575930196316], [1782923400, 0.000344526001623595, 0.000344526001623595, 0.00033807601043513483, 0.00033807601043513483, 13.664664144895566], [1782923700, 0.00033807601043513483, 0.00033807601043513483, 0.00033414540448858276, 0.00033414540448858276, 201.98305238493802], [1782923940, 0.00033414540448858276, 0.00033414540448858276, 0.00032977052893436404, 0.00032977052893436404, 52.763284629498244], [1782924120, 0.00032977052893436404, 0.0003347671419535586, 0.00032977052893436404, 0.0003347671419535586, 48.39394774216398], [1782924480, 0.0003347671419535586, 0.0003347671419535586, 0.0003278645449734462, 0.0003278645449734462, 198.1864202621639], [1782924660, 0.0003278645449734462, 0.0003279709052891543, 0.0003278645449734462, 0.0003279709052891543, 1.0076083940340979], [1782925800, 0.0003279709052891543, 0.0003280389890894551, 0.0003279709052891543, 0.0003280389890894551, 25.012355225247042], [1782926100, 0.0003280389890894551, 0.0003280389890894551, 0.0003241647896352964, 0.0003241647896352964, 24.506860696230017], [1782926700, 0.0003241647896352964, 0.0003262522193301767, 0.0003241647896352964, 0.0003262522193301767, 0.20964969832672248], [1782927180, 0.0003262522193301767, 0.0003262522193301767, 0.00032496758357495844, 0.00032496758357495844, 21.89728907966646], [1782927480, 0.00032496758357495844, 0.00032496758357495844, 0.0003243082685710266, 0.0003243082685710266, 67.34558364111251], [1782928080, 0.0003243082685710266, 0.0003243082685710266, 0.0003233299941667282, 0.0003233299941667282, 17.676895404133216], [1782928140, 0.0003233299941667282, 0.00034047304411786934, 0.0003233299941667282, 0.00034047304411786934, 921.8039999645006], [1782928500, 0.00034047304411786934, 0.0003544275554409907, 0.00034047304411786934, 0.0003544275554409907, 19.89953674789339], 