{"pair": "2S5SFgwim3rRsCgMMdG5S5vPBh6U872DWGJDdb3jurMd", "n_bars": 117, "span": [1782830177.0, 1782935757.0], "bars": [[1782830220, 7.934213015147731e-05, 9.211154731382685e-05, 7.902361295631421e-05, 8.699687015973447e-05, 12199.466138032181], [1782830280, 8.699687015973447e-05, 9.497391161578766e-05, 8.260525232429183e-05, 8.607865500337547e-05, 13621.553299457402], [1782830340, 8.607865500337547e-05, 0.00010792565128905317, 8.245561977172511e-05, 0.00010055891446495701, 14063.24296879353], [1782830400, 0.00010055891446495701, 0.00010364833033223758, 8.086035691414312e-05, 8.845328381552878e-05, 12976.85124546514], [1782830460, 8.845328381552878e-05, 0.00011667289232370021, 8.542891044981008e-05, 0.00011199489307070789, 10767.793633080342], [1782830520, 0.00011199489307070789, 0.00012065369866687191, 0.00010011801707497061, 0.0001124693704854004, 11135.757404768789], [1782830580, 0.0001124693704854004, 0.00012428895201255875, 9.959751889282148e-05, 0.000117752410216897, 13513.94313851953], [1782830640, 0.000117752410216897, 0.00012553900214662842, 0.00011105806570595983, 0.00011399977725290535, 10684.610205654359], [1782830700, 0.00011399977725290535, 0.0001258526011231633, 0.00010859949574752046, 0.00011429617255360681, 12220.112990614263], [1782830760, 0.00011429617255360681, 0.0001448001379923729, 0.00011002681338183581, 0.00012774124891815815, 13601.656824389356], [1782830820, 0.00012774124891815815, 0.00014087801902589147, 0.00011841587215770342, 0.00013058950033715384, 10853.580757844866], [1782830880, 0.00013058950033715384, 0.00014141699982895027, 0.0001238385179625863, 0.0001281489600418311, 13015.102910734307], [1782830940, 0.0001281489600418311, 0.00013352189125268095, 0.00011134410635030464, 0.0001182943679969937, 8049.607031540271], [1782831000, 0.0001182943679969937, 0.0001262620931479605, 0.00010832491670896353, 0.00011106097542091816, 10612.297318222476], [1782831060, 0.00011106097542091816, 0.00011559885925885232, 0.0001048343755594701, 0.00011338767889919386, 6286.361176020869], [1782831120, 0.00011338767889919386, 0.00012207615104261745, 0.00010138447675743608, 0.00010279493439117556, 8842.95394187901], [1782831180, 0.00010279493439117556, 0.0001118481462399345, 8.594466395843874e-05, 0.00010762026628810215, 8666.346054414504], [1782831240, 0.00010762026628810215, 0.00011902975250931012, 0.00010283959662519324, 0.00010789688522212291, 8400.08126651788], [1782831300, 0.00010789688522212291, 0.00011841785725175012, 9.835682957782647e-05, 0.00010530210486972693, 6975.920547450282], [1782831360, 0.00010530210486972693, 0.0001192568293828684, 0.00010114876227995461, 0.00010843912835209779, 7978.403093498551], [1782831420, 0.00010843912835209779, 0.00012186757795140019, 0.00010234461192282901, 0.00010992897378763178, 8743.489114922066], [1782831480, 0.00010992897378763178, 0.00011997490522722239, 0.0001039074006703908, 0.00011689834215100092, 7989.797095365758], [1782831540, 0.00011689834215100092, 0.00012464724865030087, 0.00010810609980747756, 0.00011791677937429615, 6942.038307285487], [1782831600, 0.00011791677937429615, 0.00013082470297302604, 0.000109259769424551, 0.00012455778300648159, 8080.217906712029], [1782831660, 0.00012455778300648159, 0.0001345891513282226, 0.00011652959107096578, 0.00012763159076737183, 8315.484106088996], [1782831720, 0.00012763159076737183, 0.00013784031885868338, 0.00012133848672274515, 0.00013396091512999107, 9950.229021195331], [1782831780, 0.00013396091512999107, 0.0001505166033870037, 0.00012900306489324018, 0.00014019755559434503, 8119.164205346846], [1782831840, 0.00014019755559434503, 0.00016850547130308545, 0.00013912141220199953, 0.00015802680918576293, 8273.996384831355], [1782831900, 0.00015802680918576293, 0.0001945509402787356, 0.00015018062394750372, 0.0001778639590377515, 8353.112000965051], [1782831960, 0.0001778639590377515, 0.0001918220417351105, 0.00016791088697633432, 0.00017828144616628, 8380.927053597914], [1782832020, 0.00017828144616628, 0.0001843210044178623, 0.00015029447704451547, 0.00016085367925357342, 8500.891968245645], [1782832080, 0.00016085367925357342, 0.00017074903490795794, 0.0001540803867105453, 0.0001656610415512998, 4867.627573313791], [1782832140, 0.0001656610415512998, 0.0001710648324630355, 0.00014263050560104135, 0.00015062362733441332, 7194.778173930834], [1782832200, 0.00015062362733441332, 0.00015607062522060973, 0.0001376729670442353, 0.00015347084282370035, 5358.469434070408], [1782832260, 0.00015347084282370035, 0.00016174874076070925, 0.00014689800242163685, 0.0001531896580122342, 4897.061782415407], [1782832320, 0.0001531896580122342, 0.00017190545315523876, 0.0001468050988677866, 0.0001535578297179497, 9164.499783826208], [1782832380, 0.0001535578297179497, 0.00018553110757261684, 0.0001535578297179497, 0.00016582717711007483, 8441.646979879655], [1782832440, 0.00016582717711007483, 0.0002024715445047114, 0.00016282996896906823, 0.00018046286155733792, 8441.463509964575], [1782832500, 0.00018046286155733792, 0.00020926067883651715, 0.00017614797134686417, 0.00020612104249879336, 8973.022644481201], [1782832560, 0.00020612104249879336, 0.00024108241937032167, 0.00018537710525622084, 0.0002286502325138651, 9285.837953941254], [1782832620, 0.0002286502325138651, 0.0002463276790654706, 0.00021365497670413283, 0.0002204507245132062, 8029.306526549908], [1782832680, 0.0002204507245132062, 0.00022965145502754056, 0.00017439448325721248, 0.0001802018785157864, 10102.873615176188], [1782832740, 0.0001802018785157864, 0.00019190536184600712, 0.00013285888326475782, 0.00014351019762536511, 8118.898576710939], [1782832800, 0.00014351019762536511, 0.0001531348721250413, 0.00013355379361024356, 0.0001416469165962732, 6693.4840115380575], [1782832860, 0.0001416469165962732, 0.00015191866605091892, 0.00010907107761348575, 0.0001186176905502836, 7704.8264933965875], [1782832920, 0.0001186176905502836, 0.00012120942310521335, 0.00010656414911933491, 0.00010656414911933491, 4541.372412939564], [1782832980, 0.00010656414911933491, 0.00011060497034112558, 9.952117661250351e-05, 0.00010566385318487311, 3602.82898815832], [1782833040, 0.00010566385318487311, 0.0001246623733679423, 0.0001039323569338007, 0.00010901310330088782, 3322.345382792558], [1782833100, 0.00010901310330088782, 0.00011648940414850796, 0.00010867665393689343, 0.00011034288012074834, 3229.9851734451986], [1782833160, 0.00011034288012074834, 0.0001164056897133104, 0.00010692220830590489, 0.00011289589226101176, 3099.3528716461283], [1782833220, 0.00011289589226101176, 0.00011900080013684393, 0.00010802302706322313, 0.00011438185254271042, 3128.3535276992616], [1782833280, 0.00011438185254271042, 0.00011863177779568255, 0.00011157598100224412, 0.00011620380225391908, 2465.821747989938], [1782833340, 0.00011620380225391908, 0.0001198307866355841, 0.00011183217089433607, 0.0001159067610483751, 2620.1421209095024], [1782833400, 0.0001159067610483751, 0.00011969342847926727, 0.00010660463268567011, 0.00010671044043232833, 2902.821736060893], [1782833460, 0.00010671044043232833, 0.00011546693439455588, 0.00010671044043232833, 0.00010957979965707806, 2797.796380912986], [1782833520, 0.00010957979965707806, 0.00011065451786432648, 9.237910406783027e-05, 9.608262373105394e-05, 4213.969185057621], [1782833580, 9.608262373105394e-05, 0.00010298025585951655, 9.318286977927427e-05, 0.00010155532862970533, 3059.0028706571306], [1782833640, 0.00010155532862970533, 0.00010430340645029072, 9.750447731928419e-05, 9.91003754096945e-05, 2749.754662029189], [1782833700, 9.91003754096945e-05, 0.00010374031460354209, 1.605483672399143e-06, 1.605483672399143e-06, 11098.373588641402], [1782833760, 1.605483672399143e-06, 1.6226014977538407e-06, 1.5489129022133207e-06, 1.5754980198322822e-06, 53.73407510361581], [1782833820, 1.5754980198322822e-06, 1.5754980198322822e-06, 1.5544846977571538e-06, 1.5544846977571538e-06, 0.6004323651633388], [1782833880, 1.5544846977571538e-06, 1.6939246524683807e-06, 1.5544846977571538e-06, 