{"pair": "CyTMmm817GD2fZFwPN31gJc8fHFUDpdzEPLwQyQ97jxN", "n_bars": 47, "span": [1782920696.0, 1782945852.0], "bars": [[1782920820, 3.1604628213771505e-06, 3.196296437623055e-06, 3.1604628213771505e-06, 3.196296437623055e-06, 2.541285915847457], [1782920880, 3.196296437623055e-06, 3.196296437623055e-06, 2.936196049752961e-06, 2.936196049752961e-06, 183.37477751788478], [1782921060, 2.936196049752961e-06, 2.936196049752961e-06, 2.7241402843340756e-06, 2.7241402843340756e-06, 0.00423243100447167], [1782921180, 2.7241402843340756e-06, 2.7847510812226933e-06, 2.7241402843340756e-06, 2.7847510812226933e-06, 21.146898444309993], [1782921240, 2.7847510812226933e-06, 2.7847510812226933e-06, 2.7716395904129215e-06, 2.7716395904129215e-06, 0.6006820644391025], [1782921840, 2.7716395904129215e-06, 2.773315670468633e-06, 2.7716395904129215e-06, 2.773315670468633e-06, 0.03131451779266523], [1782922260, 2.773315670468633e-06, 2.773315670468633e-06, 2.7668766853251626e-06, 2.7668766853251626e-06, 5.180712547583071], [1782922380, 2.7668766853251626e-06, 2.80224563390627e-06, 2.766183932326256e-06, 2.768962639528646e-06, 1.1839821634750276], [1782922620, 2.768962639528646e-06, 2.768962639528646e-06, 2.748772457943365e-06, 2.748772457943365e-06, 21.5503622594426], [1782923280, 2.748772457943365e-06, 2.748772457943365e-06, 2.7279994669221202e-06, 2.7279994669221202e-06, 6.853293326059204], [1782923400, 2.7279994669221202e-06, 2.765455689560678e-06, 2.7279994669221202e-06, 2.765455689560678e-06, 0.6730466398028311], [1782923580, 2.765455689560678e-06, 2.7906681445610457e-06, 2.726946000960167e-06, 2.7906681445610457e-06, 20.66123951565719], [1782923640, 2.7906681445610457e-06, 2.7906681445610457e-06, 2.7545150490192564e-06, 2.754555803685636e-06, 0.15201050846423497], [1782923700, 2.754555803685636e-06, 2.7562102597850433e-06, 2.7134984135169756e-06, 2.7134984135169756e-06, 19.643618599226123], [1782923880, 2.7134984135169756e-06, 2.7134984135169756e-06, 2.6932415185194556e-06, 2.6932415185194556e-06, 16.175399849762933], [1782924000, 2.6932415185194556e-06, 2.6932415185194556e-06, 2.6517455300712432e-06, 2.6531931193002537e-06, 8.883489638377949], [1782924240, 2.6531931193002537e-06, 2.692534567474938e-06, 2.6531931193002537e-06, 2.6588097666975917e-06, 1.7884702963624024], [1782924300, 2.6588097666975917e-06, 2.6588097666975917e-06, 2.654584177348954e-06, 2.654584177348954e-06, 0.2757227890868746], [1782924600, 2.654584177348954e-06, 2.682022398255307e-06, 2.6472633819077373e-06, 2.682022398255307e-06, 2.637136463405209], [1782925020, 2.682022398255307e-06, 2.682022398255307e-06, 2.63660183463431e-06, 2.63660183463431e-06, 0.11649433663049451], [1782925140, 2.63660183463431e-06, 2.6971280104922377e-06, 2.63660183463431e-06, 2.6971280104922377e-06, 20.87747733826144], [1782925380, 2.6971280104922377e-06, 2.6971280104922377e-06, 2.6613525914785327e-06, 2.6613525914785327e-06, 16.965674921734617], [1782925920, 2.6613525914785327e-06, 2.686343697026692e-06, 2.6613525914785327e-06, 2.686343697026692e-06, 3.2895991221115177], [1782927000, 2.686343697026692e-06, 2.718543202526187e-06, 2.686343697026692e-06, 2.6902313561009e-06, 7.161739159182458], [1782927240, 2.6902313561009e-06, 2.7216889817032485e-06, 2.6863362696524896e-06, 2.6863362696524896e-06, 0.8130952311701335], [1782928860, 2.6863362696524896e-06, 2.757164478296439e-06, 2.6863362696524896e-06, 2.743801830980599e-06, 15.779990454337982], [1782928980, 2.743801830980599e-06, 2.743801830980599e-06, 2.7030840488574702e-06, 2.7154810869596103e-06, 11.799845435274214], [1782929280, 2.7154810869596103e-06, 2.7262000005983536e-06, 2.6940799662719994e-06, 2.7262000005983536e-06, 3.81289144628859], [1782929880, 2.7262000005983536e-06, 2.740991810673536e-06, 2.7262000005983536e-06, 2.7334577013988707e-06, 5.553333385920964], [1782930120, 2.7334577013988707e-06, 2.7334577013988707e-06, 2.7039539382237762e-06, 2.7039539382237762e-06, 0.010242061122276451], [1782930960, 2.7039539382237762e-06, 2.7450929177138864e-06, 2.7039539382237762e-06, 2.7450929177138864e-06, 1.9614412256225953], [1782931200, 2.7450929177138864e-06, 2.7450929177138864e-06, 2.713023371136198e-06, 2.713023371136198e-06, 0.34278409169172236], [1782931860, 2.713023371136198e-06, 2.713023371136198e-06, 2.7028594662245176e-06, 2.7028594662245176e-06, 1.751304261287889], [1782931920, 2.7028594662245176e-06, 2.7028594662245176e-06, 2.6992882251158717e-06, 2.6992882251158717e-06, 0.864799349215413], [1782933060, 2.6992882251158717e-06, 2.700881674704915e-06, 2.697534213419336e-06, 2.700881674704915e-06, 0.871044581043406], [1782933240, 2.700881674704915e-06, 2.7287432501185776e-06, 2.6944721158984177e-06, 2.6944721158984177e-06, 1.862581237856418], [1782937200, 2.6944721158984177e-06, 2.6944721158984177e-06, 2.6552508606695493e-06, 2.6552508606695493e-06, 4.38892513575965], [1782937500, 2.6552508606695493e-06, 2.693255703586188e-06, 2.6552508606695493e-06, 2.693255703586188e-06, 0.8257408910052347], [1782938340, 2.693255703586188e-06, 2.693255703586188e-06, 2.667154320380292e-06, 2.667154320380292e-06, 2.2513186748134393], [1782938460, 2.667154320380292e-06, 2.7288052273762296e-06, 2.667154320380292e-06, 2.7288052273762296e-06, 22.85962483206546], [1782939960, 2.7288052273762296e-06, 2.8384111141614437e-06, 2.7288052273762296e-06, 2.8254820589004267e-06, 45.119497582505375], [1782940440, 2.8254820589004267e-06, 2.8743745669062895e-06, 2.8254820589004267e-06, 2.8743745669062895e-06, 0.9138859200241419], [1782941280, 2.8743745669062895e-06, 2.8743745669062895e-06, 2.845407680755406e-06, 2.845407680755406e-06, 0.10095204117933336], [1782941580, 2.845407680755406e-06, 2.8541750018278794e-06, 2.845407680755406e-06, 2.8541750018278794e-06, 0.046410562931224066], [1782941700, 2.8541750018278794e-06, 2.8550092784586063e-06, 2.8541750018278794e-06, 2.8550092784586063e-06, 2.0853255248686184], [1782942900, 2.8550092784586063e-06, 2.910606231391831e-06, 2.8550092784586063e-06, 2.910606231391831e-06, 6.670864340753265], [1782942960, 2.910606231391831e-06, 2.910606231391831e-06, 2.8684534679279687e-06, 2.8684534679279687e-06, 4.23704826547368]]}