{"pair": "GHsvMr1hUT6TsvLzjd58LmcBw6gWwdnSRVfitnAkTFRK", "n_bars": 102, "span": [1782784812.0, 1782922401.0], "bars": [[1782784860, 4.471385308646244e-05, 4.952178621527318e-05, 4.286819225421144e-05, 4.6521229317653026e-05, 2869.756288497249], [1782784920, 4.6521229317653026e-05, 4.969923236793586e-05, 4.421966865065129e-05, 4.714647969161665e-05, 3187.963893631842], [1782784980, 4.714647969161665e-05, 5.2854883243898646e-05, 4.637937684311599e-05, 5.044836972479273e-05, 3234.337550183788], [1782785040, 5.044836972479273e-05, 8.602449519213131e-05, 4.561536906108725e-05, 8.462329758997125e-05, 7663.247821722104], [1782785100, 8.462329758997125e-05, 9.722859273349268e-05, 8.324210948034756e-05, 9.441742756224754e-05, 5539.217208574059], [1782785160, 9.441742756224754e-05, 9.634819684479424e-05, 8.77326097417372e-05, 9.244872784434074e-05, 5707.7059695753505], [1782785220, 9.244872784434074e-05, 0.00010184743529767256, 8.978846624220117e-05, 9.843415107749822e-05, 5743.7942299635], [1782785280, 9.843415107749822e-05, 0.00010537396299015876, 9.334201553428876e-05, 0.00010196938289806903, 6204.900568745823], [1782785340, 0.00010196938289806903, 0.00010718918080475315, 9.762320446561262e-05, 0.00010359346804954824, 6268.064757455207], [1782785400, 0.00010359346804954824, 0.00011403584057076253, 9.888274752066194e-05, 0.00011249451610322935, 5797.061613094994], [1782785460, 0.00011249451610322935, 0.00011295720378553055, 0.00010538638086881837, 0.00010865096347308202, 5595.592085312619], [1782785520, 0.00010865096347308202, 0.00011978066124073432, 0.00010550760938254, 0.00011783038689894272, 5624.527134374647], [1782785580, 0.00011783038689894272, 0.00012939399700134734, 0.00011250075817139357, 0.00012533749536008885, 5451.371831300347], [1782785640, 0.00012533749536008885, 0.00014298143991635335, 0.00012097786174940357, 0.00013675637344365464, 6843.825057535156], [1782785700, 0.00013675637344365464, 0.0001426056668449326, 0.00012934666252546615, 0.00013215988490611084, 5541.094357797116], [1782785760, 0.00013215988490611084, 0.00013827086745518748, 0.00011225947270584788, 0.00011484283537202284, 5268.8290606377095], [1782785820, 0.00011484283537202284, 0.00011951420809485204, 0.00010031703085889574, 0.00010611997291229511, 4381.89041081722], [1782785880, 0.00010611997291229511, 0.00011065513584558168, 0.00010176518620626183, 0.00010751359428578195, 2742.819051838057], [1782785940, 0.00010751359428578195, 0.00011378390350233422, 0.00010404414837006081, 0.00011207833623247175, 2986.4991693939996], [1782786000, 0.00011207833623247175, 0.00011623593411571363, 0.00010737033573971928, 0.00011176553864200788, 3250.5284070838447], [1782786060, 0.00011176553864200788, 0.00011786115158123953, 0.00010651178609406823, 0.00011608960696943091, 2980.527386481329], [1782786120, 0.00011608960696943091, 0.00011962625089770553, 0.00011089551221053876, 0.00011586094320297038, 3275.565719393836], [1782786180, 0.00011586094320297038, 0.00011789380634874407, 0.00011017089509775531, 0.00011256040472999837, 2986.535049641619], [1782786240, 0.00011256040472999837, 0.00011988908233660581, 0.00011104297605045906, 0.00011104297605045906, 2958.3006776194], [1782786300, 0.00011104297605045906, 0.00012346553347673564, 0.00011084592593595131, 0.00011919170306718999, 2959.743852630752], [1782786360, 0.00011919170306718999, 0.00012263020631410215, 0.00011500249188930469, 0.0001201512731651256, 2573.0097730898165], [1782786420, 0.0001201512731651256, 0.00012491503209239959, 0.00011745818440873234, 0.00011925617695616886, 2928.7978282003573], [1782786480, 0.00011925617695616886, 0.0001247757633171751, 0.000117951582381268, 0.00012091911880663277, 2987.6500886916924], [1782786540, 0.00012091911880663277, 0.00013003882924875415, 0.00011889958094600089, 0.00013003882924875415, 3577.2762080853868], [1782786600, 0.00013003882924875415, 0.00013003882924875415, 0.00011768916050670748, 0.00011905739197744732, 2759.775834663895], [1782786660, 0.00011905739197744732, 0.00012777621266783575, 0.0001164968725725684, 0.00012408460814893052, 3051.654943852075], [1782786720, 0.00012408460814893052, 0.00013678715174230614, 0.00012120353176823165, 0.0001331405716408646, 4535.6483114325465], [1782786780, 0.0001331405716408646, 0.00015656168677728315, 0.00012762713841621106, 0.00015038779536717263, 5688.4148801810215], [1782786840, 0.00015038779536717263, 0.000155809753155269, 0.00014246689728392414, 0.00014642444913572902, 5288.5905821533825], [1782786900, 0.00014642444913572902, 0.00015938108656904167, 0.00014398544243442532, 0.00015246885137167653, 6035.714226993145], [1782786960, 0.00015246885137167653, 0.00015807141672941158, 0.00013771719137198774, 0.00014058894464990488, 5663.777179688848], [1782787020, 0.00014058894464990488, 0.00015028672713267917, 0.00013726983846649, 0.00014659187263775755, 5186.0841963537305], [1782787080, 0.00014659187263775755, 0.00014780666663609913, 0.0001361404827561228, 0.0001451997917535769, 5179.72787275308], [1782787140, 0.0001451997917535769, 0.0001487384223186749, 0.00013734856710253624, 0.0001460215651835511, 4681.663920861045], [1782787200, 0.0001460215651835511, 0.0001550434577080885, 0.00013778428426924433, 0.0001507870202102204, 5122.937015077751], [1782787260, 0.0001507870202102204, 0.00016798240102978564, 0.00015003129196057143, 0.00016048841674894837, 5433.539682032738], [1782787320, 0.00016048841674894837, 0.00017332493348384538, 0.00015471843902430956, 0.00017032887778248204, 5514.251366482943], [1782787380, 0.00017032887778248204, 0.00017848530969731454, 0.00016495910623639965, 0.00016988461694543127, 5482.349397460187], [1782787440, 0.00016988461694543127, 0.00017282358645443944, 0.0001540447932598397, 0.00016226019632209886, 5914.975507434712], [1782787500, 0.00016226019632209886, 0.0001644872290336712, 0.00015333515518750862, 0.00015845120718009853, 4388.846043437731], [1782787560, 0.00015845120718009853, 0.00016971681243576286, 0.00015324108933003383, 0.00016963570407958973, 5439.773020289365], [1782787620, 0.00016963570407958973, 0.00016963570407958973, 0.0001546872646761973, 0.00016033543268521391, 5047.2836262579585], [1782787680, 0.00016033543268521391, 0.00016789575800163587, 0.00014355973858855994, 0.00014887987401923766, 5378.3602857336455], [1782787740, 0.00014887987401923766, 0.00015485299711365605, 0.0001400649611391134, 0.00014367379760118714, 4943.707359141216], [1782787800, 0.00014367379760118714, 0.0001518465749029116, 0.00014126331456219775, 0.0001456305019999138, 4451.865311069217], [1782787860, 0.0001456305019999138, 0.0001515653991130349, 0.00014220467587258977, 0.00014813179697008874, 4030.2509567867546], [1782787920, 0.00014813179697008874, 0.00015498649167428234, 0.00014339046384775927, 0.0001498569203811236, 3884.5020064985565], [1782787980, 0.0001498569203811236, 0.00015527604725411195, 0.00014598760701274257, 0.00015406956044799975, 3413.3590537002224], [1782788040, 0.00015406956044799975, 0.00015834171506135875, 0.0001476191293515399, 0.0001552417518399315, 3150.269474764097], [1782788100, 0.0001552417518399315, 0.00015734674952011562, 0.0001456745262991501, 0.0001456745262991501, 2942.251613239246], [1782788160, 0.0001456745262991501, 0.0001513641751588232, 0.00014459602423558105, 0.000150315142357491, 1965.8606504911454], [1782788220, 0.000150315142357491, 0.00015579933837342453, 0.00013735139546169444, 0.00013738214583415513, 3462.109266455198], [1782788280, 0.00013738214583415513, 0.00013926515244669504, 1.7761607616923974e-06, 1.7762801580149593e-06, 13134.394163093053], [1782788340, 1.7762801580149593e-06, 1.77653217630751e-06, 1.6464640971820542e-06, 1.6464983355568454e-06, 132.5810586785665], [1782788400, 1.6464983355568454e-06, 1.7392581886290179e-06, 1.6206144312108739e-06, 1.7392581886290179e-06, 66.96296606047673], [1782788460, 1.7392581886290179e-06, 1.7577157435287277e-06, 1.7196427712005787e-06, 1.7427331765254551e-06, 18.388876472860378], [1782788580, 1.7427331765254551e-06, 1.7434559920073221e-06, 