{"pair": "FqRiBboRyiY8Lyq5hn8CTn8LGTCQYoknK6K2MSKwwD1q", "n_bars": 153, "span": [1782928628.0, 1782946299.0], "bars": [[1782928680, 2.302171636599657e-05, 2.345980719332365e-05, 2.3014616322335124e-05, 2.345980719332365e-05, 28.701144888321686], [1782928740, 2.345980719332365e-05, 2.348906160132808e-05, 2.345980719332365e-05, 2.348906160132808e-05, 5.551928616663439], [1782928800, 2.348906160132808e-05, 2.348906160132808e-05, 2.3232022880404996e-05, 2.3232022880404996e-05, 1.7538312990595786], [1782928860, 2.3232022880404996e-05, 2.3232022880404996e-05, 2.3156835672084114e-05, 2.3156835672084114e-05, 14.128104239703335], [1782928980, 2.3156835672084114e-05, 2.3156835672084114e-05, 2.266717419255407e-05, 2.266717419255407e-05, 76.50009449085536], [1782929040, 2.266717419255407e-05, 2.266717419255407e-05, 2.262255984376033e-05, 2.262255984376033e-05, 5.3984214555165275], [1782929160, 2.262255984376033e-05, 2.262255984376033e-05, 2.2130666726001387e-05, 2.2130666726001387e-05, 71.16750841638542], [1782929220, 2.2130666726001387e-05, 2.226274942855822e-05, 2.2043667018219127e-05, 2.226274942855822e-05, 21.99798718648108], [1782929280, 2.226274942855822e-05, 2.2295798615273226e-05, 2.196756983284281e-05, 2.2295798615273226e-05, 16.813548029216005], [1782929340, 2.2295798615273226e-05, 2.2295798615273226e-05, 2.1909955986772816e-05, 2.191475368413961e-05, 65.27579488536695], [1782929400, 2.191475368413961e-05, 2.220504715223568e-05, 2.191475368413961e-05, 2.220504715223568e-05, 5.554768708584672], [1782929520, 2.220504715223568e-05, 2.220504715223568e-05, 2.183963193149919e-05, 2.183963193149919e-05, 27.552119183750175], [1782929580, 2.183963193149919e-05, 2.20637645345485e-05, 2.183963193149919e-05, 2.20637645345485e-05, 5.553637322811584], [1782929640, 2.20637645345485e-05, 2.2118999074734012e-05, 2.1870128483957068e-05, 2.1870128483957068e-05, 12.095726860704776], [1782929700, 2.1870128483957068e-05, 2.2148468309830648e-05, 2.185831954451614e-05, 2.2148468309830648e-05, 6.641279077211728], [1782929880, 2.2148468309830648e-05, 2.2148468309830648e-05, 2.1840485333086854e-05, 2.2132478986871915e-05, 8.270438666364885], [1782930000, 2.2132478986871915e-05, 2.2157189628547177e-05, 2.074247806411047e-05, 2.075465021040424e-05, 230.20554313839344], [1782930060, 2.075465021040424e-05, 2.075465021040424e-05, 2.0470120171094157e-05, 2.0718063903657706e-05, 1.68263049436566], [1782930120, 2.0718063903657706e-05, 2.1113842330746633e-05, 2.0451771136248208e-05, 2.1113842330746633e-05, 129.26984516715908], [1782930180, 2.1113842330746633e-05, 2.1447851621903968e-05, 2.1113842330746633e-05, 2.1447851621903968e-05, 15.649817400141714], [1782930240, 2.1447851621903968e-05, 2.1447851621903968e-05, 2.1206988491474167e-05, 2.1206988491474167e-05, 1.673578018656095], [1782930420, 2.1206988491474167e-05, 2.1206988491474167e-05, 2.119258199035367e-05, 2.119258199035367e-05, 1.6728592205171282], [1782930480, 2.119258199035367e-05, 2.119258199035367e-05, 2.1175753933962695e-05, 2.1175753933962695e-05, 2.2642914453707634], [1782930540, 2.1175753933962695e-05, 2.2092054113101168e-05, 2.1175753933962695e-05, 2.2092054113101168e-05, 105.53948351002684], [1782930600, 2.2092054113101168e-05, 2.21288802662337e-05, 2.1851788366224785e-05, 2.1851788366224785e-05, 3.6441372677040325], [1782930720, 2.1851788366224785e-05, 2.2100604814565304e-05, 2.1851788366224785e-05, 2.2100604814565304e-05, 4.896204666948198], [1782930780, 2.2100604814565304e-05, 2.2100604814565304e-05, 2.1859822559336195e-05, 2.1859822559336195e-05, 1.698793959433159], [1782930840, 2.1859822559336195e-05, 2.2132256917268433e-05, 2.1859822559336195e-05, 2.2132256917268433e-05, 1.2938186579449822], [1782930960, 2.2132256917268433e-05, 2.2132256917268433e-05, 2.1900518900670357e-05, 2.1900518900670357e-05, 1.7020620183637385], [1782931080, 2.1900518900670357e-05, 2.1900518900670357e-05, 2.1869118939548674e-05, 2.1869118939548674e-05, 0.3411716540319291], [1782931140, 2.1869118939548674e-05, 2.1869118939548674e-05, 2.122226795472616e-05, 2.122226795472616e-05, 108.54751285515728], [1782931260, 2.122226795472616e-05, 2.122226795472616e-05, 2.121894624325273e-05, 2.121894624325273e-05, 1.6722025410946468], [1782931320, 2.121894624325273e-05, 2.1488798001201633e-05, 2.121894624325273e-05, 2.1488798001201633e-05, 0.5562930720610801], [1782931440, 2.1488798001201633e-05, 2.1654430037493066e-05, 2.118810711993851e-05, 2.1654430037493066e-05, 65.78350781898327], [1782931560, 2.1654430037493066e-05, 2.24715612294791e-05, 2.1654430037493066e-05, 2.24715612294791e-05, 102.9584088300211], [1782931620, 2.24715612294791e-05, 2.24715612294791e-05, 2.1962154004178965e-05, 2.2148758739334733e-05, 88.11291302205893], [1782931740, 2.2148758739334733e-05, 2.2386279599833553e-05, 2.2148758739334733e-05, 2.2386279599833553e-05, 25.525430653930783], [1782931800, 2.2386279599833553e-05, 2.2386279599833553e-05, 2.2066411557836813e-05, 2.2066411557836813e-05, 22.686913995368876], [1782931860, 2.2066411557836813e-05, 2.2400887446256966e-05, 2.2066411557836813e-05, 2.2400887446256966e-05, 36.965439537214586], [1782931920, 2.2400887446256966e-05, 2.2503295963174203e-05, 2.2214184252473407e-05, 2.2214184252473407e-05, 5.563620599297524], [1782931980, 2.2214184252473407e-05, 2.2491189864408587e-05, 2.2214184252473407e-05, 2.2491189864408587e-05, 5.876927096169716], [1782932040, 2.2491189864408587e-05, 2.2491189864408587e-05, 2.2208181115060044e-05, 2.2208181115060044e-05, 0.010169366114191124], [1782932100, 2.2208181115060044e-05, 2.2522496371266185e-05, 2.2208181115060044e-05, 2.2233002094858326e-05, 2.2688431170938785], [1782932220, 2.2233002094858326e-05, 2.3399041216026205e-05, 2.2233002094858326e-05, 2.3311467978396985e-05, 219.4832933103561], [1782932280, 2.3311467978396985e-05, 2.3311467978396985e-05, 2.3297878690515183e-05, 2.3297878690515183e-05, 1.709422446594829], [1782932340, 2.3297878690515183e-05, 2.366726296783325e-05, 2.3297878690515183e-05, 2.366726296783325e-05, 22.39793219960748], [1782932400, 2.366726296783325e-05, 2.366726296783325e-05, 2.3284293825449525e-05, 2.3284293825449525e-05, 43.923008326769434], [1782932580, 2.3284293825449525e-05, 2.3637698689276747e-05, 2.3284293825449525e-05, 2.3637698689276747e-05, 42.81620448610087], [1782932760, 2.3637698689276747e-05, 2.3790923387938013e-05, 2.3637698689276747e-05, 2.3790923387938013e-05, 5.044519433633407], [1782932820, 2.3790923387938013e-05, 2.3871831072417633e-05, 2.350375421066525e-05, 2.3871831072417633e-05, 19.83216833322457], [1782932880, 2.3871831072417633e-05, 2.4176331135306384e-05, 2.3871831072417633e-05, 2.3967688970361695e-05, 49.274052194819035], [1782932940, 2.3967688970361695e-05, 2.429540051324144e-05, 2.3967688970361695e-05, 2.429540051324144e-05, 4.581075839472418], [1782933000, 2.429540051324144e-05, 2.4320502518630702e-05, 2.429540051324144e-05, 2.4320502518630702e-05, 1.9615411212177165], [1782933060, 2.4320502518630702e-05, 2.4589662807674733e-05, 2.353193785324858e-05, 2.353193785324858e-05, 397.5796310513485], [1782933120, 2.353193785324858e-05, 2.353193785324858e-05, 2.2799493639907176e-05, 2.2799493639907176e-05, 0.6017389595858563], [1782933300, 2.2799493639907176e-05, 2.2830707865747517e-05, 2.2471230216584564e-05, 2.2471230216584564e-05, 21.920102322135154], [1782933360, 2.2471230216584564e-05, 2.2684447353525095e-05, 2.2370458057644902e-05, 2.2375689704399317e-05, 36.6469007448143], [1782933540, 2.2375689704399317e-05, 2.262424602581304e-05, 2.2326850778145128e-05, 2.2326850778145128e-05, 7.601826843875936], [1782933600, 2.2326850778145128e-05, 2.2617718338017887e-05, 2.2326850778145128e-05, 2.2617718338017887e-05, 16.363513780976984], [1782933720, 2.2617718338017887e-05, 2.2667493782722957e-05, 2.2617718338017887e-05, 2.2667493782722957e-05, 3.498020888781659], [1782933900, 2.2667493782722957e-05, 2.2667493782722957e-05, 2.230642950485345e-05, 2.230642950485345e-05, 5.652867821564631], [1782934140, 2.230642950485345e-05, 2.230642950485345e-05, 