{"pair": "Hzya8KZdha4u4y7Z2CanKMUqDJbXnhyQTHasD2Wjjnwx", "n_bars": 102, "span": [1782938052.0, 1782963212.0], "bars": [[1782938100, 0.00021360197261272214, 0.0002410785370276129, 0.00020161375346023781, 0.0002256555707599873, 6300.580120918052], [1782938160, 0.0002256555707599873, 0.0002380020613922444, 0.00020900909505280058, 0.00023628610777279906, 5216.728861299319], [1782938220, 0.00023628610777279906, 0.00024842979201174735, 0.0002181799321157069, 0.00024103990063554953, 10491.994677735553], [1782938280, 0.00024103990063554953, 0.0002686654076527541, 0.00023248316457721955, 0.00026496144274375943, 16857.228522612026], [1782938340, 0.00026496144274375943, 0.0002824133227458424, 0.00023054051453531553, 0.0002605017964799778, 12064.80210148148], [1782938400, 0.0002605017964799778, 0.00026140272802955444, 0.00020675201051616727, 0.00021463556764393847, 9072.139080120167], [1782938460, 0.00021463556764393847, 0.00022284112789645343, 0.00019384134863602314, 0.00020272193736282503, 10253.454419231324], [1782938520, 0.00020272193736282503, 0.0002170429183370409, 0.00018997998807854664, 0.0002170429183370409, 8924.429318024302], [1782938580, 0.0002170429183370409, 0.00021944193502674317, 0.00018817393632274864, 0.0001917185725309561, 7630.642302400091], [1782938640, 0.0001917185725309561, 0.00022754234773769805, 0.0001917185725309561, 0.0002157982130413732, 12899.977811285897], [1782938700, 0.0002157982130413732, 0.000245091264372988, 0.00020442610073492177, 0.00022623498539812157, 13623.481970451432], [1782938760, 0.00022623498539812157, 0.0002506227051653301, 0.00020977775239368828, 0.00023572893019383802, 18117.51028650113], [1782938820, 0.00023572893019383802, 0.0002700305472352888, 0.0002233648817656367, 0.00026610765645963954, 16152.319110353572], [1782938880, 0.00026610765645963954, 0.00028137201888272904, 0.00022004409000576808, 0.00023002394895650817, 14740.796277690382], [1782938940, 0.00023002394895650817, 0.0002466553462799724, 0.00022097462940750436, 0.00022757222329547762, 12586.90389806923], [1782939000, 0.00022757222329547762, 0.00023035142139837274, 0.000174537048842188, 0.000193558597982755, 16838.99865217937], [1782939060, 0.000193558597982755, 0.00022336872284808436, 0.00018379935007423472, 0.00019606357425349183, 11890.77878550218], [1782939120, 0.00019606357425349183, 0.00019994973536920695, 0.00014725944199089455, 0.00015488972187796332, 11117.890117604444], [1782939180, 0.00015488972187796332, 0.0001904258941529328, 0.0001542857963085038, 0.00017352698407105624, 13249.942575383942], [1782939240, 0.00017352698407105624, 0.00021048976033528137, 0.00016843844267827428, 0.00019206715918665415, 15433.323425084403], [1782939300, 0.00019206715918665415, 0.00019785287968439967, 0.0001402516163276525, 0.00014524776851078275, 9381.45936444094], [1782939360, 0.00014524776851078275, 0.00015845436462433884, 0.00010194025797569863, 0.0001134728363674304, 8965.624893541888], [1782939420, 0.0001134728363674304, 0.00012978505591138768, 0.00010853980420334636, 0.00012302785540594806, 6923.869999072645], [1782939480, 0.00012302785540594806, 0.00015489161812314278, 0.00012302785540594806, 0.0001461809064723013, 16365.057328242792], [1782939540, 0.0001461809064723013, 0.00016381599355936818, 0.00013015090224629034, 0.00015310155063642317, 14240.06356173932], [1782939600, 0.00015310155063642317, 0.00017972149488518623, 0.00014209338059224265, 0.00016816682933004, 11756.40778210075], [1782939660, 0.00016816682933004, 0.00018637131804084418, 0.00016453119097580832, 0.00018253646890203684, 11964.424872051837], [1782939720, 0.00018253646890203684, 0.0002202036217621516, 0.00017503296920872615, 0.00019828427455399625, 12568.086197192448], [1782939780, 0.00019828427455399625, 0.00020564230006887488, 0.00016326036919282454, 0.00016548834377970412, 10609.10365916494], [1782939840, 0.00016548834377970412, 0.00024772841117654855, 0.00016548834377970412, 0.00023855232027934152, 9764.58258927612], [1782939900, 0.00023855232027934152, 0.00025596767560276873, 0.0002178342884772872, 0.00022189431554604607, 6510.714091447306], [1782939960, 0.00022189431554604607, 0.00027537699843390665, 0.0002172019552323146, 0.00024413253060437154, 12702.176361138094], [1782940020, 0.00024413253060437154, 0.00024413253060437154, 0.00019283856130760313, 0.00019283856130760313, 11158.48137808413], [1782940080, 0.00019283856130760313, 0.0002509471145398278, 0.00019283856130760313, 0.00024112489324514018, 13164.345102018115], [1782940140, 0.00024112489324514018, 0.0002809721823476927, 0.00022593314094097956, 0.0002489216769951409, 18483.060636900937], [1782940200, 0.0002489216769951409, 0.0002640915413424612, 0.00019663932856607363, 0.00021019560503020678, 12079.600668326308], [1782940260, 0.00021019560503020678, 0.0002476830367889591, 0.000205671458612339, 0.00023716514135911407, 15233.381001985637], [1782940320, 0.00023716514135911407, 0.0002910682025461209, 0.00020896493506291364, 0.0002634231641903872, 16218.881867618378], [1782940380, 0.0002634231641903872, 0.0002883792555172595, 0.00021994295388111165, 0.00024009669385723146, 12232.479003186607], [1782940440, 0.00024009669385723146, 0.0002546186360275809, 0.00022093541356736981, 0.00023753775146776357, 12566.966607075448], [1782940500, 0.00023753775146776357, 0.00027423170212092737, 0.00022928060163310588, 0.00023718307466420128, 21778.601138117876], [1782940560, 0.00023718307466420128, 0.00024934404279145346, 0.00020716569413472484, 0.00020760116246807187, 10081.803218096124], [1782940620, 0.00020760116246807187, 0.00023262041937224126, 0.0001802827480871166, 0.0001882561751818338, 10928.97685046892], [1782940680, 0.0001882561751818338, 0.00019184608239701423, 9.847870052177748e-05, 0.00010378850547779236, 13787.112099801287], [1782940740, 0.00010378850547779236, 0.00015192674312841504, 0.00010378850547779236, 0.00012340452387523082, 13805.771193113496], [1782940800, 0.00012340452387523082, 0.00015705940424821945, 0.00012340452387523082, 0.00012572506595322566, 17470.486877886884], [1782940860, 0.00012572506595322566, 0.00017574749907452546, 0.00012572506595322566, 0.000150994409916742, 13024.033215173413], [1782940920, 0.000150994409916742, 0.00020328519106507773, 0.000149545059222197, 0.00017833591418381825, 14365.864499472495], [1782940980, 0.00017833591418381825, 0.0002056510189152955, 0.00016654727294630468, 0.000172346682853741, 16745.10755253248], [1782941040, 0.000172346682853741, 0.000172346682853741, 0.00013543875130947791, 0.00013543875130947791, 12804.001723580535], [1782941100, 0.00013543875130947791, 0.00016063178482128928, 0.00012855804220263876, 0.0001597891618180869, 15076.653312382168], [1782941160, 0.0001597891618180869, 0.0001603248828191294, 9.44395982982913e-05, 0.000107243047489567, 13677.625130423292], [1782941220, 0.000107243047489567, 0.00015059683456488385, 0.000107243047489567, 0.0001218202434590718, 15424.90435388482], [1782941280, 0.0001218202434590718, 0.00012386528479235178, 7.457104185790565e-05, 7.457104185790565e-05, 10556.65921521976], [1782941340, 7.457104185790565e-05, 8.420951083887369e-05, 7.429400270270165e-05, 7.934321141949243e-05, 4670.888664412089], [1782941400, 7.934321141949243e-05, 9.890157092475613e-05, 4.618961322015367e-05, 4.750034362378097e-05, 7756.814001753804], [1782941460, 4.750034362378097e-05, 6.518610556502314e-05, 4.18149491258741e-05, 6.518610556502314e-05, 7328.841473363356], [1782941520, 6.518610556502314e-05, 8.172642949287137e-05, 2.4941407201608333e-05, 2.5216224815302964e-05, 8797.821414146087], [1782941580, 2.5216224815302964e-05, 2.8645711473149852e-05, 2.7678869838868517e-06, 3.30056847413444e-06, 5823.7584402502325], [1782941640, 3.30056847413444e-06, 3.30056847413444e-06, 1.8755124571724526e-06, 1.998156949730583e-06, 1335.3901411572372], [1782941700, 1.998156949730583e-06, 2.0190280725547327e-06, 1.8816904156439934e-06, 1.882558447387822e-06, 58.27976063665862], [1782941760, 1.882558447387822e-06, 2.0604925663498347e-06, 1.882558447387822e-06, 