{"pair": "Ei1dqhgyQ6ndLBG6vJDWZ9ms8b6JpEhMYxxG3NFReSej", "n_bars": 125, "span": [1782954179.0, 1782965890.0], "bars": [[1782954180, 0.00030544491958691105, 0.0003260036819270611, 0.0002822601979912154, 0.0002970514491248726, 25031.14230264962], [1782954240, 0.0002970514491248726, 0.00035147640116840897, 0.0002883560830459408, 0.0003224247543876932, 21774.461549666554], [1782954300, 0.0003224247543876932, 0.0003424502810511583, 0.0003065643753796117, 0.00034092062581304904, 19224.52435682494], [1782954360, 0.00034092062581304904, 0.00034092062581304904, 0.0002450517198563426, 0.00025578447960651797, 11611.41938122188], [1782954420, 0.00025578447960651797, 0.00028530639741440237, 0.00025393225774477757, 0.0002817195763110981, 13008.784684008215], [1782954480, 0.0002817195763110981, 0.000302378955964871, 0.00026946938781425764, 0.0002957174233444973, 15419.036752066686], [1782954540, 0.0002957174233444973, 0.00032424991969219125, 0.00028021344240041304, 0.0003162182916330535, 20989.702959500402], [1782954600, 0.0003162182916330535, 0.0003202429452321924, 0.0002726331719120003, 0.0002913692355787021, 25321.419580619597], [1782954660, 0.0002913692355787021, 0.0003337202335213924, 0.00028772497380928245, 0.0003113113005269986, 14118.244701315225], [1782954720, 0.0003113113005269986, 0.0003595270570857792, 0.0003113113005269986, 0.000321562857042836, 16748.4432769067], [1782954780, 0.000321562857042836, 0.00036426903417381777, 0.000321562857042836, 0.0003557994612098336, 18134.498409276894], [1782954840, 0.0003557994612098336, 0.0003705139542890299, 0.0003236033875767449, 0.00033551519810548475, 26970.981401600573], [1782954900, 0.00033551519810548475, 0.00036446090121707123, 0.00032318522084731887, 0.0003449390786288152, 27297.98633680953], [1782954960, 0.0003449390786288152, 0.00037591512099649483, 0.00034000520022097873, 0.00037591512099649483, 9714.19594333218], [1782955020, 0.00037591512099649483, 0.0004222733187527982, 0.000359295892765775, 0.00041678281693548945, 21898.483767335016], [1782955080, 0.00041678281693548945, 0.00042243117472834266, 0.00037482275891331443, 0.0004134409108291095, 20012.401966669117], [1782955140, 0.0004134409108291095, 0.0004294592727724934, 0.0003729916012623456, 0.00041158402640491693, 18879.35082622389], [1782955200, 0.00041158402640491693, 0.0004432687951465917, 0.0003669725863354577, 0.00038969239174714657, 36619.4287747363], [1782955260, 0.00038969239174714657, 0.00040337404326000763, 0.00035991795004691886, 0.00038316383138330275, 13942.496628194516], [1782955320, 0.00038316383138330275, 0.00041095693252129654, 0.00034612987086397976, 0.0003641572896812038, 13736.418505214544], [1782955380, 0.0003641572896812038, 0.00037175054937196774, 0.00034298694657399474, 0.0003484688567919536, 9574.970506495934], [1782955440, 0.0003484688567919536, 0.0003665377839077525, 0.0003211088480151027, 0.0003346811808153892, 8898.18330158467], [1782955500, 0.0003346811808153892, 0.00039833137981514123, 0.0003294910974316757, 0.0003589270817871948, 14978.931340171626], [1782955560, 0.0003589270817871948, 0.000371892080676606, 0.00033915958375141245, 0.00036377087567841137, 12254.99958422129], [1782955620, 0.00036377087567841137, 0.00037788491335995244, 0.00034480505295490696, 0.000354997125793562, 24955.677047548823], [1782955680, 0.000354997125793562, 0.0003908956182345932, 0.00034917044084712323, 0.00036110431043729247, 23208.45058694853], [1782955740, 0.00036110431043729247, 0.00038216278054995076, 0.00032968073224568157, 0.00033961436672089363, 21157.054242744933], [1782955800, 0.00033961436672089363, 0.0003663409029799594, 0.00031823140289381926, 0.00032169482839031086, 21055.911350562754], [1782955860, 0.00032169482839031086, 0.0003339602207706001, 0.00029841757577952935, 0.0003242581301012353, 12062.679826070576], [1782955920, 0.0003242581301012353, 0.0003349400948679302, 0.00028604100981300854, 0.0003291527744775717, 18353.085481076836], [1782955980, 0.0003291527744775717, 0.0003291527744775717, 0.00029140899564513036, 0.00030257513956902574, 15705.957087130253], [1782956040, 0.00030257513956902574, 0.00033740398146529126, 0.0002832328380284772, 0.00031169331886829466, 16043.720923165169], [1782956100, 0.00031169331886829466, 0.00033564849990426655, 0.00030715183424162904, 0.00031452402465677646, 15048.045277256662], [1782956160, 0.00031452402465677646, 0.0003451086039015269, 0.0003015271014049261, 0.00033591088479138813, 14659.119842737575], [1782956220, 0.00033591088479138813, 0.00035452785286902946, 0.0003104725535718231, 0.00031359621612587883, 17162.07496169426], [1782956280, 0.00031359621612587883, 0.0004409359866404199, 0.00029386564831347537, 0.000379714798417361, 19915.47651887601], [1782956340, 0.000379714798417361, 0.000379714798417361, 0.0002827134376940229, 0.0002965524087471425, 12722.402105012974], [1782956400, 0.0002965524087471425, 0.0003109733510182157, 0.00026249379256884333, 0.00027097330717035847, 12074.504455002449], [1782956460, 0.00027097330717035847, 0.000288467194004163, 0.0002661704584719034, 0.00027103373882930286, 13198.681840264153], [1782956520, 0.00027103373882930286, 0.0002992156266194844, 0.0002640269836210928, 0.00028539193392418643, 18483.913678297842], [1782956580, 0.00028539193392418643, 0.00030455701738929145, 0.00024126210941309074, 0.00025001646988419805, 14538.759385893414], [1782956640, 0.00025001646988419805, 0.00029379725502176726, 0.00025001646988419805, 0.0002843606791098488, 22581.36909039812], [1782956700, 0.0002843606791098488, 0.00029503160289539486, 0.00025572603224934736, 0.0002735763843725999, 23076.93114810645], [1782956760, 0.0002735763843725999, 0.0003040598098099827, 0.0002622644485920731, 0.00029486899231863286, 16473.128356669145], [1782956820, 0.00029486899231863286, 0.0003226003729648999, 0.0002804224652536407, 0.00030404611133391, 19930.383108121106], [1782956880, 0.00030404611133391, 0.0003198389099681226, 0.0002568583130166306, 0.0002862558127441191, 31585.47671547591], [1782956940, 0.0002862558127441191, 0.000313169027593079, 0.0002504880087263892, 0.0002832482985557856, 21252.807084453147], [1782957000, 0.0002832482985557856, 0.00029353006879263225, 0.0002512538267558114, 0.0002783162398785132, 14220.861734619813], [1782957060, 0.0002783162398785132, 0.00029422846274896784, 0.0002660270233716853, 0.0002819845014526638, 10669.056607379687], [1782957120, 0.0002819845014526638, 0.0002853232587237785, 0.00023560223675915304, 0.0002467835160637253, 14022.246245636503], [1782957180, 0.0002467835160637253, 0.0002543463995329892, 0.0002229052832972468, 0.00023424077795426422, 10591.91340021863], [1782957240, 0.00023424077795426422, 0.00023597770201844563, 0.00020747363835214852, 0.00021672594642741308, 13065.496030445442], [1782957300, 0.00021672594642741308, 0.0002416219528085994, 0.00020925882775944512, 0.00021810386180360697, 13719.131882343321], [1782957360, 0.00021810386180360697, 0.00023886639578592399, 0.00021567041266599854, 0.0002359397394709964, 12307.991481973526], [1782957420, 0.0002359397394709964, 0.0002510732632051904, 0.0002231953591780587, 0.00024895606067376283, 22942.079994175012], [1782957480, 0.00024895606067376283, 0.00025954198335657235, 0.00019580524509500995, 0.0002056273339441078, 11843.20313678934], [1782957540, 0.0002056273339441078, 0.00022103578648436823, 0.0001992006698848191, 0.0002068995037901866, 9542.394364947859], [1782957600, 0.0002068995037901866, 0.00021048410272546573, 0.00010953134913566858, 0.0001153006575751213, 9336.554144478456], [1782957660, 0.0001153006575751213, 0.0001263908503168888, 0.00011163233196895266, 0.00012187488201973765, 7154.645766561293], [1782957720, 0.00012187488201973765, 0.00013916564884692176, 0.00011530811970794896, 0.00013579240442192304, 11630.406340964702], [1782957780, 0.00013579240442192304, 0.00013595850291069463, 0.00010219608840972292, 0.00010758101260813766, 14040.356152882372], [1782957840, 0.00010758101260813766, 0.0001195357354913094, 9.24601076848148e-05, 9.298257225121417e-05, 