{"pair": "9EkXWQ8PXYsiqDDWawUW6knybYaPiB7Ga3iyLoxATCBz", "n_bars": 153, "span": [1782930849.0, 1782944690.0], "bars": [[1782930900, 5.734301193587329e-05, 5.8852067100434135e-05, 5.734301193587329e-05, 5.8852067100434135e-05, 93.40263558358173], [1782930960, 5.8852067100434135e-05, 5.8988046720013226e-05, 5.8304035898703473e-05, 5.8988046720013226e-05, 32.464564637390765], [1782931080, 5.8988046720013226e-05, 5.8988046720013226e-05, 5.8147728124629117e-05, 5.8147728124629117e-05, 2.3021022583539583], [1782931260, 5.8147728124629117e-05, 5.815926496596363e-05, 5.8147728124629117e-05, 5.815926496596363e-05, 2.3031346483471347], [1782931320, 5.815926496596363e-05, 5.815926496596363e-05, 5.812657802376099e-05, 5.812657802376099e-05, 2.9063289011880493], [1782931440, 5.812657802376099e-05, 5.812657802376099e-05, 5.606562834721342e-05, 5.606562834721342e-05, 163.07727758878892], [1782931560, 5.606562834721342e-05, 5.712005553520629e-05, 5.606562834721342e-05, 5.712005553520629e-05, 44.256455593873945], [1782931620, 5.712005553520629e-05, 5.720518344083056e-05, 5.632484159417686e-05, 5.720518344083056e-05, 30.074162844229757], [1782931680, 5.720518344083056e-05, 5.7371893940178395e-05, 5.720518344083056e-05, 5.7371893940178395e-05, 9.960042087803917], [1782931800, 5.7371893940178395e-05, 5.7371893940178395e-05, 5.66942808915407e-05, 5.66942808915407e-05, 2.2709215638198255], [1782931980, 5.66942808915407e-05, 5.66942808915407e-05, 5.643007474683811e-05, 5.643007474683811e-05, 16.38043488254427], [1782932040, 5.643007474683811e-05, 5.643007474683811e-05, 5.611879079220467e-05, 5.611879079220467e-05, 13.575168122719662], [1782932100, 5.611879079220467e-05, 5.701272975385637e-05, 5.609864682817517e-05, 5.609864682817517e-05, 13.966044233702444], [1782932280, 5.609864682817517e-05, 5.609864682817517e-05, 5.6062958358523995e-05, 5.6062958358523995e-05, 2.256159763422185], [1782932400, 5.6062958358523995e-05, 5.6062958358523995e-05, 5.5960145444183694e-05, 5.5960145444183694e-05, 11.192029088836739], [1782932460, 5.5960145444183694e-05, 5.6983521266466474e-05, 5.589870186502688e-05, 5.6983521266466474e-05, 51.7249332004305], [1782932520, 5.6983521266466474e-05, 5.6983521266466474e-05, 5.617541579707196e-05, 5.6517947399901424e-05, 73.60241728316107], [1782932640, 5.6517947399901424e-05, 5.688080795946903e-05, 5.640706439661201e-05, 5.640706439661201e-05, 59.380495295696946], [1782932760, 5.640706439661201e-05, 5.867280476704802e-05, 5.640706439661201e-05, 5.867280476704802e-05, 236.54786288089105], [1782932820, 5.867280476704802e-05, 6.035859577993476e-05, 5.867280476704802e-05, 6.035859577993476e-05, 19.860465370629065], [1782932880, 6.035859577993476e-05, 6.062841445356895e-05, 5.944089908446528e-05, 6.062841445356895e-05, 89.97118047939938], [1782932940, 6.062841445356895e-05, 6.151869270444546e-05, 6.062841445356895e-05, 6.151869270444546e-05, 60.61176382896848], [1782933000, 6.151869270444546e-05, 6.356741434705303e-05, 6.151869270444546e-05, 6.356741434705303e-05, 137.19581187954395], [1782933120, 6.356741434705303e-05, 6.365232923226284e-05, 6.356741434705303e-05, 6.365232923226284e-05, 19.163171726219982], [1782933180, 6.365232923226284e-05, 6.365232923226284e-05, 6.183342225089244e-05, 6.183342225089244e-05, 84.2919316074963], [1782933240, 6.183342225089244e-05, 7.11981728324442e-05, 6.183342225089244e-05, 7.023649112415356e-05, 944.3057404878085], [1782933300, 7.023649112415356e-05, 7.161592483393122e-05, 6.77082169229255e-05, 6.892659491778947e-05, 492.7095939824756], [1782933360, 6.892659491778947e-05, 6.9914186482629e-05, 6.824082139265067e-05, 6.881542494906331e-05, 182.32064523604686], [1782933420, 6.881542494906331e-05, 6.881542494906331e-05, 6.779952291853225e-05, 6.872989887104698e-05, 12.23522202510897], [1782933480, 6.872989887104698e-05, 6.872989887104698e-05, 6.758066705409512e-05, 6.76922428438351e-05, 18.87785787514407], [1782933540, 6.76922428438351e-05, 6.856592438451234e-05, 6.76922428438351e-05, 6.856592438451234e-05, 21.128482596333875], [1782933660, 6.856592438451234e-05, 6.856592438451234e-05, 6.766952130522389e-05, 6.766952130522389e-05, 2.479739375041909], [1782933720, 6.766952130522389e-05, 6.863863595768425e-05, 6.766952130522389e-05, 6.863863595768425e-05, 2.1441983019802895], [1782933780, 6.863863595768425e-05, 6.864580742485644e-05, 6.863863595768425e-05, 6.864580742485644e-05, 0.052092082942605644], [1782933840, 6.864580742485644e-05, 6.864580742485644e-05, 6.709085678433376e-05, 6.76401901969637e-05, 92.45674416811036], [1782933900, 6.76401901969637e-05, 6.810300239862654e-05, 6.761849737639517e-05, 6.810300239862654e-05, 80.9720388096959], [1782934020, 6.810300239862654e-05, 6.85132873853136e-05, 6.755637013847036e-05, 6.85132873853136e-05, 3.4517164929831745], [1782934080, 6.85132873853136e-05, 6.898719013034888e-05, 6.750241659241717e-05, 6.761297106646283e-05, 204.34454868244256], [1782934140, 6.761297106646283e-05, 6.774987609811172e-05, 6.761297106646283e-05, 6.774987609811172e-05, 9.792423860395012], [1782934200, 6.774987609811172e-05, 6.774987609811172e-05, 5.906901613584745e-05, 6.423468858487961e-05, 879.6250851352883], [1782934260, 6.423468858487961e-05, 6.423468858487961e-05, 6.124629280969205e-05, 6.124629280969205e-05, 1.9616383308589205], [1782934380, 6.124629280969205e-05, 6.133824094087921e-05, 6.0483661351430926e-05, 6.133824094087921e-05, 14.159035914564576], [1782934440, 6.133824094087921e-05, 6.630010613357242e-05, 6.11147393075355e-05, 6.264919742644188e-05, 1138.3623515982338], [1782934500, 6.264919742644188e-05, 6.264919742644188e-05, 6.0743625537450923e-05, 6.0743625537450923e-05, 22.130906851423873], [1782934680, 6.0743625537450923e-05, 6.259405635804687e-05, 6.0743625537450923e-05, 6.259405635804687e-05, 140.1471393976553], [1782934800, 6.259405635804687e-05, 6.457891361397196e-05, 6.249691264711133e-05, 6.457891361397196e-05, 185.18214588328044], [1782934860, 6.457891361397196e-05, 6.609722732050194e-05, 6.457891361397196e-05, 6.549125393450128e-05, 46.04731752136856], [1782935040, 6.549125393450128e-05, 6.549125393450128e-05, 6.510693080655016e-05, 6.510693080655016e-05, 18.391751040104975], [1782935220, 6.510693080655016e-05, 6.514944795392907e-05, 6.510693080655016e-05, 6.514944795392907e-05, 2.428271833233489], [1782935340, 6.514944795392907e-05, 6.514944795392907e-05, 6.490044486655433e-05, 6.490044486655433e-05, 26.774430732334938], [1782935400, 6.490044486655433e-05, 6.616059510057387e-05, 6.471034101620152e-05, 6.616059510057387e-05, 78.40620487332616], [1782935580, 6.616059510057387e-05, 6.667325813240653e-05, 6.584863100086436e-05, 6.584863100086436e-05, 20.753724168830743], [1782935640, 6.584863100086436e-05, 6.952829670156844e-05, 6.558575487147256e-05, 6.948139597239019e-05, 522.4676501002751], [1782935700, 6.948139597239019e-05, 6.978740844427694e-05, 6.884719027653876e-05, 6.884719027653876e-05, 21.27779589924159], [1782935760, 6.884719027653876e-05, 6.884719027653876e-05, 6.721386071772959e-05, 6.721386071772959e-05, 118.13885584669757], [1782935820, 6.721386071772959e-05, 6.80109614046315e-05, 6.721386071772959e-05, 6.80109614046315e-05, 2.1066765492349724], [1782935940, 6.80109614046315e-05, 6.876025084405942e-05, 6.694298856227674e-05, 6.876025084405942e-05, 155.00133942506835], [1782936000, 6.876025084405942e-05, 7.245369551183075e-05, 6.876025084405942e-05, 7.036616572450859e-05, 336.4560585421365], [1782936120, 7.036616572450859e-05, 7.036616572450859e-05, 6.921993267026542e-05, 6.921993267026542e-05, 9.886672966570602], [1782936180, 6.921993267026542e-05, 7.325424259485227e-05, 6.921993267026542e-05, 7.325424259485227e-05, 335.1873750922135], [1782936240, 7.325424259485227e-05, 7.325424259485227e-05, 7.08535762348825e-05, 7.08535762348825e-05, 301.32070882666596], [1782936300, 7.08535762348825e-05, 7.08535762348825e-05, 6.869695635487512e-05, 6.869695635487512e-05, 2.489392382421666], [1782936360, 6.869695635487512e-05, 7.071055325990724e-05, 6.869695635487512e-05, 