{"pair": "598dEWWRBu5Y4Na6yi9c6ieBrxCVk58ixv3e72NZcqSE", "n_bars": 88, "span": [1782895356.0, 1782944603.0], "bars": [[1782895740, 5.452869032464718e-05, 5.469982465564201e-05, 5.4019261776783714e-05, 5.456060451433172e-05, 72.306287844616], [1782897240, 5.456060451433172e-05, 5.458208621848916e-05, 5.456060451433172e-05, 5.458208621848916e-05, 0.7420437067772706], [1782898020, 5.458208621848916e-05, 5.4653951800723537e-05, 5.458208621848916e-05, 5.4653951800723537e-05, 14.83166347821038], [1782898140, 5.4653951800723537e-05, 5.472633405992682e-05, 5.4653951800723537e-05, 5.472633405992682e-05, 0.8798690461628873], [1782898560, 5.472633405992682e-05, 5.4755217823675614e-05, 5.472633405992682e-05, 5.4755217823675614e-05, 7.403481329770142], [1782898920, 5.4755217823675614e-05, 5.4975805402606e-05, 5.4755217823675614e-05, 5.4975805402606e-05, 36.99094255717095], [1782899100, 5.4975805402606e-05, 5.4975805402606e-05, 5.426213590944787e-05, 5.426213590944787e-05, 36.51074391282392], [1782899400, 5.426213590944787e-05, 5.503647941976828e-05, 5.426213590944787e-05, 5.503647941976828e-05, 49.92613228396069], [1782899580, 5.503647941976828e-05, 5.528202504953002e-05, 5.503647941976828e-05, 5.528202504953002e-05, 4.94268479422751], [1782901140, 5.528202504953002e-05, 5.528202504953002e-05, 5.457528266570833e-05, 5.457528266570833e-05, 7.4487680833476455], [1782902040, 5.457528266570833e-05, 5.577981589535591e-05, 5.457528266570833e-05, 5.577981589535591e-05, 117.72146501624644], [1782903060, 5.577981589535591e-05, 5.72908359468593e-05, 5.577981589535591e-05, 5.72908359468593e-05, 206.18590395186612], [1782903360, 5.72908359468593e-05, 5.844706714026596e-05, 5.72908359468593e-05, 5.844706714026596e-05, 36.99574132549686], [1782903720, 5.844706714026596e-05, 5.844706714026596e-05, 5.784263115039952e-05, 5.784263115039952e-05, 9.976408767794991], [1782904020, 5.784263115039952e-05, 5.8561152647773515e-05, 5.784263115039952e-05, 5.8561152647773515e-05, 8.557435949665726], [1782904140, 5.8561152647773515e-05, 5.8561152647773515e-05, 5.783653134787021e-05, 5.783653134787021e-05, 1.3373022304190978], [1782904980, 5.783653134787021e-05, 5.783653134787021e-05, 5.754293812259355e-05, 5.773893624662749e-05, 41.259142743764826], [1782905760, 5.773893624662749e-05, 5.773893624662749e-05, 5.740251599345037e-05, 5.740251599345037e-05, 7.483734109373438], [1782907020, 5.740251599345037e-05, 5.740251599345037e-05, 5.727133004464015e-05, 5.727133004464015e-05, 20.196074274541523], [1782907080, 5.727133004464015e-05, 5.727133004464015e-05, 5.659843982169147e-05, 5.659843982169147e-05, 72.7387419109579], [1782907320, 5.659843982169147e-05, 5.659843982169147e-05, 5.649160700614577e-05, 5.649160700614577e-05, 1.2499289540516592], [1782907740, 5.649160700614577e-05, 5.649160700614577e-05, 5.573569631087958e-05, 5.575472050058225e-05, 166.66981296863386], [1782908700, 5.575472050058225e-05, 5.773418598611271e-05, 5.575472050058225e-05, 5.773418598611271e-05, 368.15385655794324], [1782910320, 5.773418598611271e-05, 5.773418598611271e-05, 5.7303333639348784e-05, 5.7303333639348784e-05, 38.60163252109836], [1782912360, 5.7303333639348784e-05, 5.7303333639348784e-05, 5.687335195338779e-05, 5.687335195338779e-05, 52.22809238733101], [1782913200, 5.687335195338779e-05, 5.773845698388412e-05, 5.687335195338779e-05, 5.773845698388412e-05, 79.6598676077644], [1782913440, 5.773845698388412e-05, 5.773845698388412e-05, 5.5151947370455665e-05, 5.5151947370455665e-05, 468.1916587838767], [1782913560, 5.5151947370455665e-05, 5.5151947370455665e-05, 5.370657452641487e-05, 5.370657452641487e-05, 0.7442849136469106], [1782915000, 5.370657452641487e-05, 5.370657452641487e-05, 5.2688634915048834e-05, 5.2688634915048834e-05, 72.6427555583421], [1782915060, 5.2688634915048834e-05, 5.303689219805839e-05, 5.2688634915048834e-05, 5.303689219805839e-05, 0.7497722979581575], [1782915480, 5.303689219805839e-05, 5.303689219805839e-05, 5.110116691238303e-05, 5.110116691238303e-05, 280.26197092395756], [1782915600, 5.110116691238303e-05, 5.110116691238303e-05, 5.0495001275306775e-05, 5.0495001275306775e-05, 0.7588711450166702], [1782915660, 5.0495001275306775e-05, 5.053685858767556e-05, 5.0495001275306775e-05, 5.053685858767556e-05, 7.552966245338142], [1782916020, 5.053685858767556e-05, 5.098129436160327e-05, 4.975695550401242e-05, 5.034190062026952e-05, 218.30237896899325], [1782916440, 5.034190062026952e-05, 5.034190062026952e-05, 4.982884673367868e-05, 4.982884673367868e-05, 97.73525414735325], [1782916800, 4.982884673367868e-05, 4.982884673367868e-05, 4.91549704501025e-05, 4.91549704501025e-05, 54.71051631561614], [1782916860, 4.91549704501025e-05, 4.91549704501025e-05, 4.883083764648528e-05, 4.8877778247645025e-05, 10.664435102887992], [1782917700, 4.8877778247645025e-05, 4.957305005014256e-05, 4.8877778247645025e-05, 4.900908458373531e-05, 41.04555965925935], [1782917760, 4.900908458373531e-05, 4.978056198382143e-05, 4.900908458373531e-05, 4.978056198382143e-05, 28.157655908609435], [1782917820, 4.978056198382143e-05, 4.978056198382143e-05, 4.917976059344703e-05, 4.917976059344703e-05, 4.917976059344703], [1782919980, 4.917976059344703e-05, 4.917976059344703e-05, 4.904579255212969e-05, 4.904579255212969e-05, 16.544521498397703], [1782920460, 4.904579255212969e-05, 4.904579255212969e-05, 4.820451377561936e-05, 4.820451377561936e-05, 183.0086267349383], [1782921180, 4.820451377561936e-05, 4.820451377561936e-05, 4.7187962520603314e-05, 4.7187962520603314e-05, 54.68182056477828], [1782921600, 4.7187962520603314e-05, 4.758706892181664e-05, 4.7187962520603314e-05, 4.758706892181664e-05, 7.621995053766664], [1782921720, 4.758706892181664e-05, 4.777197645204291e-05, 4.758706892181664e-05, 4.777197645204291e-05, 38.09983894634154], [1782922380, 4.777197645204291e-05, 4.777197645204291e-05, 4.670476076513583e-05, 4.6805943536521825e-05, 180.65785721423697], [1782922500, 4.6805943536521825e-05, 4.7072956727240867e-05, 4.6805943536521825e-05, 4.7072956727240867e-05, 31.9203704869841], [1782922800, 4.7072956727240867e-05, 4.752911943248943e-05, 4.7072956727240867e-05, 4.752911943248943e-05, 76.26152496097494], [1782923040, 4.752911943248943e-05, 4.752911943248943e-05, 4.6079057389394435e-05, 4.6079057389394435e-05, 231.34962577542734], [1782923520, 4.6079057389394435e-05, 4.672902594035743e-05, 4.6079057389394435e-05, 4.672902594035743e-05, 19.14083195247875], [1782924420, 4.672902594035743e-05, 4.672902594035743e-05, 4.6204909917095034e-05, 4.6204909917095034e-05, 2.459197242066229], [1782925440, 4.6204909917095034e-05, 4.6204909917095034e-05, 4.598304083716072e-05, 4.598304083716072e-05, 49.83548540357285], [1782925800, 4.598304083716072e-05, 4.598304083716072e-05, 4.5364917057183055e-05, 4.5364917057183055e-05, 96.17305145750329], [1782926520, 4.5364917057183055e-05, 4.5364917057183055e-05, 4.474223664874096e-05, 4.5278964951240456e-05, 76.63405489716096], [1782927360, 4.5278964951240456e-05, 4.530785968438201e-05, 4.5278964951240456e-05, 4.530785968438201e-05, 7.625920496077196], [1782927720, 4.530785968438201e-05, 4.5380242942883024e-05, 4.530785968438201e-05, 4.5380242942883024e-05, 11.470570622083269], [1782928920, 4.5380242942883024e-05, 4.559740376135487e-05, 4.5380242942883024e-05, 4.559740376135487e-05, 38.3897467673976], [1782929400, 4.559740376135487e-05, 4.604923097836554e-05, 4.559740376135487e-05, 4.604923097836554e-05, 68.97691076688642], [1782929460, 4.604923097836554e-05, 4.646957588605041e-05, 4.604923097836554e-05, 4.646957588605041e-05, 30.186633133829815], [1782929580, 4.646957588605041e-05, 4.646957588605041e-05, 4.598688480541311e-05, 4.598688480541311e-05, 4.344702247341644], [1782930120, 4.598688480541311e-05, 4.676578710463496e-05, 4.598688480541311e-05, 4.676578710463496e-05, 48.43394466418557], [1782930420, 4.676578710463496e-05, 4.676578710463496e-05, 4.619377099282182e-05, 4.619377099282182e-05, 42.719013796563196], [1782930660, 4.619377099282182e-05, 4.692254113428842e-05, 