{"pair": "HkgY8Zqvo1MasppdeXXpnbnoxYzR1oDDEiD1vXWmmxZH", "n_bars": 15, "span": [1782903649.0, 1782922174.0], "bars": [[1782907080, 1.6259200214723577e-06, 1.638048189134035e-06, 1.6259200214723577e-06, 1.638048189134035e-06, 0.8444552460593685], [1782907200, 1.638048189134035e-06, 1.6877123008722177e-06, 1.638048189134035e-06, 1.647872868270079e-06, 25.719912450205467], [1782907260, 1.647872868270079e-06, 1.647872868270079e-06, 1.637894837569516e-06, 1.637894837569516e-06, 2.686683736463676], [1782909720, 1.637894837569516e-06, 1.6791654179637903e-06, 1.6286052655493893e-06, 1.6286052655493893e-06, 28.266225261103298], [1782909780, 1.6286052655493893e-06, 1.677767347848407e-06, 1.6286052655493893e-06, 1.6645604681565032e-06, 45.786021961605165], [1782909840, 1.6645604681565032e-06, 1.6645604681565032e-06, 1.63875705578047e-06, 1.63875705578047e-06, 7.353382527807605], [1782909900, 1.63875705578047e-06, 1.650383183876255e-06, 1.6286170564256785e-06, 1.6286170564256785e-06, 1.4969741964115768], [1782909960, 1.6286170564256785e-06, 1.653218912134055e-06, 1.6284699580127921e-06, 1.6284699580127921e-06, 4.703973122069509], [1782911640, 1.6284699580127921e-06, 1.639108597567202e-06, 1.6284699580127921e-06, 1.639108597567202e-06, 0.04925388805235963], [1782913920, 1.639108597567202e-06, 1.6836616863345638e-06, 1.639108597567202e-06, 1.6836616863345638e-06, 6.4379882941683215], [1782914580, 1.6836616863345638e-06, 1.7112206719532123e-06, 1.6734663003669786e-06, 1.6734663003669786e-06, 19.151673732115253], [1782914640, 1.6734663003669786e-06, 1.6959733351772362e-06, 1.6717251157370616e-06, 1.6717251157370616e-06, 1.916709744221813], [1782916620, 1.6717251157370616e-06, 1.7122084848553323e-06, 1.6717251157370616e-06, 1.6877363316165493e-06, 1.7129856147822293], [1782916680, 1.6877363316165493e-06, 1.7224712869493673e-06, 1.6877363316165493e-06, 1.6976345851037652e-06, 30.005674791208584], [1782916740, 1.6976345851037652e-06, 1.7247121107089383e-06, 1.6976345851037652e-06, 1.6991547759688546e-06, 14.911552861614057]]}