{"pair": "36hr1chy8tVmiG6W6T6nVzTXMy7Z2W9iYexGEHd4qaws", "n_bars": 37, "span": [1782845125.0, 1782931874.0], "bars": [[1782845160, 4.456746928868761e-05, 4.5929919035848766e-05, 4.4096668126342384e-05, 4.563897974813996e-05, 456.65309390722865], [1782845220, 4.563897974813996e-05, 4.663769097952931e-05, 4.3794234381750236e-05, 4.52353031710936e-05, 363.81409425216236], [1782845280, 4.52353031710936e-05, 4.667138405529103e-05, 4.4863266733213574e-05, 4.5590451426471584e-05, 403.5868191115512], [1782845340, 4.5590451426471584e-05, 4.581390874276278e-05, 4.430275781985216e-05, 4.5512696972887066e-05, 359.62433046869137], [1782845400, 4.5512696972887066e-05, 4.7084491272598914e-05, 1.6295527098813538e-06, 1.6477449624798107e-06, 6896.76761630933], [1782845460, 1.6477449624798107e-06, 1.6477449624798107e-06, 1.62443017084231e-06, 1.626948834297531e-06, 2.4536244680424324], [1782845700, 1.626948834297531e-06, 1.9793140713702895e-06, 1.626948834297531e-06, 1.9793140713702895e-06, 163.54171996097412], [1782845820, 1.9793140713702895e-06, 1.9793140713702895e-06, 1.976976077696711e-06, 1.976976077696711e-06, 0.0021413691906058095], [1782846240, 1.976976077696711e-06, 2.024320503051263e-06, 1.976976077696711e-06, 2.024320503051263e-06, 17.910366464978072], [1782846480, 2.024320503051263e-06, 2.024320503051263e-06, 2.020565658752227e-06, 2.020565658752227e-06, 0.008859696423495142], [1782847020, 2.020565658752227e-06, 2.0932346012844427e-06, 2.020565658752227e-06, 2.0932346012844427e-06, 41.52087300866736], [1782847200, 2.0932346012844427e-06, 2.1527864070504017e-06, 2.0932346012844427e-06, 2.1527864070504017e-06, 10.867226173658254], [1782847320, 2.1527864070504017e-06, 2.224537091648462e-06, 2.1527864070504017e-06, 2.224537091648462e-06, 50.412343195629795], [1782847380, 2.224537091648462e-06, 2.293270139541378e-06, 2.224537091648462e-06, 2.293270139541378e-06, 4.942253154325825], [1782847500, 2.293270139541378e-06, 2.306029582521273e-06, 2.293270139541378e-06, 2.306029582521273e-06, 5.802343905935263], [1782847860, 2.306029582521273e-06, 2.377072835400406e-06, 2.306029582521273e-06, 2.377072835400406e-06, 48.622644485821176], [1782847980, 2.377072835400406e-06, 2.407597893005772e-06, 2.377072835400406e-06, 2.407597893005772e-06, 2.9452224751443734], [1782848340, 2.407597893005772e-06, 2.407597893005772e-06, 2.304464515850282e-06, 2.306047776632454e-06, 40.58096261291951], [1782848400, 2.306047776632454e-06, 2.3067389207246066e-06, 2.2860222951313916e-06, 2.2887516599898703e-06, 8.376959063406849], [1782848460, 2.2887516599898703e-06, 2.2887516599898703e-06, 2.2821241129508207e-06, 2.28601202667475e-06, 0.9604700646028417], [1782848700, 2.28601202667475e-06, 2.28601202667475e-06, 2.27432494122628e-06, 2.27432494122628e-06, 2.9184324316491463], [1782852300, 2.27432494122628e-06, 2.302873860114038e-06, 2.27432494122628e-06, 2.302873860114038e-06, 0.3621421980158172], [1782854160, 2.302873860114038e-06, 2.302873860114038e-06, 2.261035818816434e-06, 2.261035818816434e-06, 1.7785349040512184], [1782854820, 2.261035818816434e-06, 2.261035818816434e-06, 2.258292404633257e-06, 2.258292404633257e-06, 0.03654217709514469], [1782855420, 2.258292404633257e-06, 2.2621875870437197e-06, 2.258292404633257e-06, 2.2621875870437197e-06, 0.011244079537581667], [1782857880, 2.2621875870437197e-06, 2.2664945216871836e-06, 2.2621875870437197e-06, 2.2664945216871836e-06, 0.03411425487675702], [1782862440, 2.2664945216871836e-06, 2.269673107256378e-06, 2.2664945216871836e-06, 2.269673107256378e-06, 0.020959099569154743], [1782862920, 2.269673107256378e-06, 2.3038440047748994e-06, 2.269673107256378e-06, 2.3038440047748994e-06, 7.965878877837813], [1782872460, 2.3038440047748994e-06, 2.3038440047748994e-06, 2.283731650876307e-06, 2.283731650876307e-06, 19.90244728958891], [1782874260, 2.283731650876307e-06, 2.283731650876307e-06, 2.273246648876032e-06, 2.273246648876032e-06, 0.033270855656514164], [1782875460, 2.273246648876032e-06, 2.273246648876032e-06, 2.2684871701639375e-06, 2.2684871701639375e-06, 0.22689977045667037], [1782884580, 2.2684871701639375e-06, 2.288300823494341e-06, 2.2684871701639375e-06, 2.288300823494341e-06, 0.2947745668098009], [1782892560, 2.288300823494341e-06, 2.288300823494341e-06, 2.0258679427472774e-06, 2.0258679427472774e-06, 201.4534912978262], [1782895920, 2.0258679427472774e-06, 2.0258679427472774e-06, 1.8315566439621205e-06, 1.8315566439621205e-06, 0.2172628023138551], [1782897420, 1.8315566439621205e-06, 1.8315566439621205e-06, 1.8213703185044625e-06, 1.8213703185044625e-06, 0.870989728510825], [1782903480, 1.8213703185044625e-06, 1.8213703185044625e-06, 1.8057058430685521e-06, 1.8057058430685521e-06, 6.243493051211822], [1782926460, 1.8057058430685521e-06, 1.8057058430685521e-06, 1.7236899731882233e-06, 1.7236899731882233e-06, 123.3846809617371]]}