{"pair": "BV3LZbAyzwTsdr6MziPbz7suV1wBLapmAYCvtok7bdPk", "n_bars": 100, "span": [1782912654.0, 1782944608.0], "bars": [[1782912660, 7.717502241465826e-05, 7.717502241465826e-05, 7.690816023417588e-05, 7.690816023417588e-05, 1.3665264607984389], [1782912900, 7.690816023417588e-05, 7.709120326965816e-05, 7.690816023417588e-05, 7.709120326965816e-05, 9.838387276767252], [1782913200, 7.709120326965816e-05, 7.72097580131352e-05, 7.709120326965816e-05, 7.72097580131352e-05, 2.085435294935985], [1782913440, 7.72097580131352e-05, 7.72097580131352e-05, 7.712795526150963e-05, 7.712795526150963e-05, 1.9570380190377699], [1782913500, 7.712795526150963e-05, 7.826506841537514e-05, 7.712795526150963e-05, 7.826506841537514e-05, 0.21888171868456813], [1782913620, 7.826506841537514e-05, 7.84906473506319e-05, 7.826506841537514e-05, 7.84906473506319e-05, 1.9328670648748723], [1782914520, 7.84906473506319e-05, 7.863957501440228e-05, 7.683537815519618e-05, 7.683537815519618e-05, 121.57351881498268], [1782914580, 7.683537815519618e-05, 7.683537815519618e-05, 7.597242730907923e-05, 7.597242730907923e-05, 15.890422911203377], [1782914760, 7.597242730907923e-05, 7.597242730907923e-05, 7.575804557267984e-05, 7.575804557267984e-05, 19.716354270474284], [1782914820, 7.575804557267984e-05, 7.575804557267984e-05, 7.467003685935945e-05, 7.467003685935945e-05, 70.60120861001862], [1782914880, 7.467003685935945e-05, 7.584515724195217e-05, 7.467003685935945e-05, 7.584515724195217e-05, 0.6950539750169782], [1782915000, 7.584515724195217e-05, 7.584515724195217e-05, 7.503340087101103e-05, 7.503340087101103e-05, 0.45688909950127], [1782915060, 7.503340087101103e-05, 7.503340087101103e-05, 7.178931595662715e-05, 7.178931595662715e-05, 454.8419525006733], [1782915120, 7.178931595662715e-05, 7.178931595662715e-05, 6.872667587338533e-05, 6.910779343610373e-05, 31.87041145384839], [1782915240, 6.910779343610373e-05, 7.045368606669388e-05, 6.910779343610373e-05, 7.045368606669388e-05, 54.02966948928881], [1782915300, 7.045368606669388e-05, 7.099142647833854e-05, 6.99595925798144e-05, 6.99595925798144e-05, 17.831583138978797], [1782915420, 6.99595925798144e-05, 7.06580199481013e-05, 6.99595925798144e-05, 7.06580199481013e-05, 5.821261020587801], [1782915600, 7.06580199481013e-05, 7.06580199481013e-05, 7.048509111313482e-05, 7.054460725413892e-05, 3.2747612155246215], [1782915660, 7.054460725413892e-05, 7.054460725413892e-05, 7.032398600512374e-05, 7.032398600512374e-05, 1.4785276979915982], [1782915720, 7.032398600512374e-05, 7.032689914196367e-05, 7.032398600512374e-05, 7.032689914196367e-05, 10.122715692923352], [1782916200, 7.032689914196367e-05, 7.032689914196367e-05, 6.964193271768758e-05, 6.964193271768758e-05, 53.40715039054194], [1782916260, 6.964193271768758e-05, 6.964193271768758e-05, 6.935356311763547e-05, 6.935356311763547e-05, 1.9482584076709242], [1782916500, 6.935356311763547e-05, 6.935356311763547e-05, 6.852815470714653e-05, 6.852815470714653e-05, 57.149570519661275], [1782916560, 6.852815470714653e-05, 6.852815470714653e-05, 6.835368975635163e-05, 6.835368975635163e-05, 4.3514497323641805], [1782916800, 6.835368975635163e-05, 6.965188736633672e-05, 6.835368975635163e-05, 6.965188736633672e-05, 7.53661352295673], [1782916980, 6.965188736633672e-05, 7.076239388394232e-05, 6.965188736633672e-05, 7.076239388394232e-05, 151.7267320254928], [1782917040, 7.076239388394232e-05, 7.076239388394232e-05, 7.069262307196676e-05, 7.069262307196676e-05, 0.2204024177446662], [1782917100, 7.069262307196676e-05, 7.44853746627667e-05, 7.069262307196676e-05, 7.362441703547438e-05, 267.7478204045138], [1782917220, 7.362441703547438e-05, 7.54407141409619e-05, 7.362441703547438e-05, 7.54407141409619e-05, 6.995603880607767], [1782917340, 7.54407141409619e-05, 7.54407141409619e-05, 7.446060319725803e-05, 7.446060319725803e-05, 5.947951306927259], [1782917460, 7.446060319725803e-05, 7.564926269938358e-05, 7.446060319725803e-05, 7.564926269938358e-05, 0.7516108446596644], [1782917640, 7.564926269938358e-05, 7.564926269938358e-05, 7.210615028889292e-05, 7.210615028889292e-05, 184.37162706137676], [1782917820, 7.210615028889292e-05, 7.210615028889292e-05, 7.18982225132722e-05, 7.18982225132722e-05, 0.0010796633251799002], [1782918120, 7.18982225132722e-05, 7.18982225132722e-05, 7.17270154418132e-05, 7.17270154418132e-05, 31.316877434797423], [1782918420, 7.17270154418132e-05, 7.185252546242241e-05, 7.17270154418132e-05, 7.185252546242241e-05, 15.77658136440056], [1782919140, 7.185252546242241e-05, 7.185252546242241e-05, 7.129321494789714e-05, 7.129321494789714e-05, 0.2557536383595988], [1782919200, 7.129321494789714e-05, 7.241560035790517e-05, 7.129321494789714e-05, 7.241560035790517e-05, 15.220843994853356], [1782919500, 7.241560035790517e-05, 7.329410073479715e-05, 7.241560035790517e-05, 7.329410073479715e-05, 37.556239329111946], [1782921060, 7.329410073479715e-05, 7.329410073479715e-05, 7.227670496748429e-05, 7.227670496748429e-05, 0.9681872755987228], [1782921180, 7.227670496748429e-05, 7.227746491505803e-05, 7.227670496748429e-05, 7.227746491505803e-05, 1.9209191127287597], [1782922260, 7.227746491505803e-05, 7.246194981099428e-05, 7.227746491505803e-05, 7.246194981099428e-05, 2.681239786403387], [1782922560, 7.246194981099428e-05, 7.246194981099428e-05, 7.122796459884631e-05, 7.122796459884631e-05, 156.04492258861504], [1782922620, 7.122796459884631e-05, 7.122796459884631e-05, 7.031307664512371e-05, 7.031307664512371e-05, 1.2534826726887545], [1782922980, 7.031307664512371e-05, 7.153019069645989e-05, 7.031307664512371e-05, 7.153019069645989e-05, 51.22710429122529], [1782923160, 7.153019069645989e-05, 7.153019069645989e-05, 7.113130880155104e-05, 7.113130880155104e-05, 2.2211783037481503], [1782923640, 7.113130880155104e-05, 7.214566242915541e-05, 7.113130880155104e-05, 7.214566242915541e-05, 3.825413571037509], [1782923940, 7.214566242915541e-05, 7.214566242915541e-05, 7.099711667543006e-05, 7.099711667543006e-05, 2.486256763348161], [1782924000, 7.099711667543006e-05, 7.099711667543006e-05, 7.052983960281112e-05, 7.052983960281112e-05, 38.84242512734086], [1782924240, 7.052983960281112e-05, 7.058322487686875e-05, 7.052983960281112e-05, 7.058322487686875e-05, 1.8306992996481188], [1782924480, 7.058322487686875e-05, 7.058322487686875e-05, 6.994623450916365e-05, 6.994623450916365e-05, 69.35169151583575], [1782924660, 6.994623450916365e-05, 6.994623450916365e-05, 6.926124288201103e-05, 6.926124288201103e-05, 17.133237174202165], [1782924780, 6.926124288201103e-05, 6.926124288201103e-05, 6.908039105298444e-05, 6.908039105298444e-05, 0.3441439306055269], [1782924960, 6.908039105298444e-05, 6.908039105298444e-05, 6.831556146514427e-05, 6.831556146514427e-05, 68.77971385221753], [1782925020, 6.831556146514427e-05, 6.831556146514427e-05, 6.791443757980437e-05, 6.791443757980437e-05, 3.1859783798184367], [1782925200, 6.791443757980437e-05, 6.799885284429511e-05, 6.791443757980437e-05, 6.799885284429511e-05, 0.5655902739628361], [1782925980, 6.799885284429511e-05, 6.900558741211874e-05, 6.744982810998465e-05, 6.744982810998465e-05, 94.92747871425235], [1782926040, 6.744982810998465e-05, 6.744982810998465e-05, 6.678004125542778e-05, 6.678004125542778e-05, 14.036320694644045], [1782926280, 6.678004125542778e-05, 6.805998148031859e-05, 6.678004125542778e-05, 6.805998148031859e-05, 59.433509207744564], [1782927000, 6.805998148031859e-05, 6.805998148031859e-05, 6.784221705906597e-05, 6.784221705906597e-05, 3.7576783965652543], [1782927780, 6.784221705906597e-05, 6.784221705906597e-05, 6.782184408285565e-05, 6.782184408285565e-05, 7.76996842967372], [1782927960, 6.782184408285565e-05, 6.782184408285565e-05, 6.697468884350998e-05, 6.697468884350998e-05, 61.67108321437468], [1782928260, 6.697468884350998e-05, 6.699107059654919e-05, 6.697468884350998e-05, 6.699107059654919e-05, 0.20214412205015855], [1782928740, 6.699107059654919e-05, 6.817956253246597e-05, 6.699107059654919e-05, 6.753379674927304e-05, 