{"pair": "2PFPAv4yaS75kc4xZhP2jHkUbXT9RuQTP25BSLJ2pbfz", "n_bars": 78, "span": [1782921582.0, 1782945730.0], "bars": [[1782921600, 5.847432545549239e-06, 5.859775898053904e-06, 5.847432545549239e-06, 5.859775898053904e-06, 0.4562927092817964], [1782922620, 5.859775898053904e-06, 5.859775898053904e-06, 5.8420860435932905e-06, 5.8420860435932905e-06, 10.455244651288897], [1782922980, 5.8420860435932905e-06, 5.8420860435932905e-06, 5.81051034075068e-06, 5.81051034075068e-06, 4.941174264198347], [1782923160, 5.81051034075068e-06, 5.81051034075068e-06, 5.803807995995744e-06, 5.803807995995744e-06, 5.3125251593995815], [1782923280, 5.803807995995744e-06, 5.803807995995744e-06, 5.771726426403015e-06, 5.771726426403015e-06, 15.074879553540118], [1782924420, 5.771726426403015e-06, 6.39213992095771e-06, 5.771726426403015e-06, 6.19975500735397e-06, 146.69753905769076], [1782924480, 6.19975500735397e-06, 6.4403130053571705e-06, 6.19975500735397e-06, 6.4403130053571705e-06, 20.579226511360954], [1782924540, 6.4403130053571705e-06, 6.4956440778717034e-06, 6.4403130053571705e-06, 6.4956440778717034e-06, 7.6511245129516094], [1782924600, 6.4956440778717034e-06, 6.524243358106067e-06, 6.4956440778717034e-06, 6.524243358106067e-06, 7.646915733253294], [1782924960, 6.524243358106067e-06, 6.524243358106067e-06, 6.419271414789994e-06, 6.419271414789994e-06, 0.5299779093054252], [1782925140, 6.419271414789994e-06, 6.419271414789994e-06, 6.2183333912787026e-06, 6.2183333912787026e-06, 54.091429509052425], [1782925200, 6.2183333912787026e-06, 6.64639425314847e-06, 6.182234014721645e-06, 6.613696297706988e-06, 110.21572212968722], [1782925320, 6.613696297706988e-06, 6.613696297706988e-06, 6.571827863269606e-06, 6.571827863269606e-06, 2.0022561323663015], [1782926400, 6.571827863269606e-06, 6.7893494656751485e-06, 6.571827863269606e-06, 6.7570053862037365e-06, 26.220745805174023], [1782926460, 6.7570053862037365e-06, 6.9467181662362485e-06, 6.7570053862037365e-06, 6.9467181662362485e-06, 39.002654873224124], [1782926760, 6.9467181662362485e-06, 6.9467181662362485e-06, 6.451726191941097e-06, 6.477635679732534e-06, 105.21716414848191], [1782926820, 6.477635679732534e-06, 6.512307521800182e-06, 6.477635679732534e-06, 6.512307521800182e-06, 3.8416695771084832], [1782926880, 6.512307521800182e-06, 6.512307521800182e-06, 6.4320164939977735e-06, 6.4320164939977735e-06, 1.8971525839139718], [1782927180, 6.4320164939977735e-06, 6.4320164939977735e-06, 6.398706520011666e-06, 6.398706520011666e-06, 7.047137486395676], [1782927300, 6.398706520011666e-06, 6.398706520011666e-06, 6.301372863912314e-06, 6.301372863912314e-06, 24.495755716632026], [1782927780, 6.301372863912314e-06, 6.301372863912314e-06, 6.293951778897213e-06, 6.293951778897213e-06, 1.1516160993085474], [1782928140, 6.293951778897213e-06, 6.293951778897213e-06, 6.29382676069994e-06, 6.29382676069994e-06, 1.0323967911632246], [1782928200, 6.29382676069994e-06, 6.29382676069994e-06, 6.278477499036693e-06, 6.278477499036693e-06, 6.732063971272249], [1782928380, 6.278477499036693e-06, 6.278477499036693e-06, 6.242096021280004e-06, 6.242096021280004e-06, 10.907984430692435], [1782928500, 6.242096021280004e-06, 6.242096021280004e-06, 6.211225760820387e-06, 6.211225760820387e-06, 2.4674003511707197], [1782928980, 6.211225760820387e-06, 6.211225760820387e-06, 6.084510622339557e-06, 6.084510622339557e-06, 58.95906157519395], [1782930120, 6.084510622339557e-06, 6.084510622339557e-06, 5.951713607098567e-06, 5.951713607098567e-06, 0.08054708206105023], [1782930180, 5.951713607098567e-06, 5.951713607098567e-06, 5.941885814763474e-06, 5.941885814763474e-06, 1.752586305915061], [1782930240, 5.941885814763474e-06, 5.943857948726445e-06, 5.941885814763474e-06, 5.943857948726445e-06, 0.1333037346533937], [1782930840, 5.943857948726445e-06, 5.943857948726445e-06, 5.9126803680404925e-06, 5.9126803680404925e-06, 15.474650225745878], [1782931680, 5.9126803680404925e-06, 5.9126803680404925e-06, 5.869487451408983e-06, 5.869487451408983e-06, 0.23099897375547943], [1782932220, 5.869487451408983e-06, 5.869487451408983e-06, 5.859197448033854e-06, 5.859197448033854e-06, 1.103575197270814], [1782932760, 5.859197448033854e-06, 5.859197448033854e-06, 5.857847776639065e-06, 5.857847776639065e-06, 7.854708237358089], [1782932880, 5.857847776639065e-06, 5.857847776639065e-06, 5.835650351769328e-06, 5.835650351769328e-06, 3.596146311555418], [1782933000, 5.835650351769328e-06, 6.320788640473618e-06, 5.835650351769328e-06, 6.2885441493542995e-06, 106.89144279801485], [1782933120, 6.2885441493542995e-06, 6.488685937943118e-06, 6.2885441493542995e-06, 6.488685937943118e-06, 42.9023827655657], [1782933360, 6.488685937943118e-06, 6.605066791254233e-06, 6.488685937943118e-06, 6.605066791254233e-06, 44.68617974174296], [1782933720, 6.605066791254233e-06, 6.704071837035516e-06, 6.605066791254233e-06, 6.704071837035516e-06, 1.667022504002549], [1782933900, 6.704071837035516e-06, 6.895446279420217e-06, 6.704071837035516e-06, 6.895446279420217e-06, 91.28439261970395], [1782934020, 6.895446279420217e-06, 7.149500891475828e-06, 6.895446279420217e-06, 7.149500891475828e-06, 39.47636583591188], [1782934140, 7.149500891475828e-06, 7.1495876330145e-06, 7.149500891475828e-06, 7.1495876330145e-06, 0.108477951024337], [1782934200, 7.1495876330145e-06, 7.328953547172192e-06, 7.1495876330145e-06, 7.181651602232165e-06, 111.24566288024657], [1782934380, 7.181651602232165e-06, 7.2695898359540135e-06, 7.181651602232165e-06, 7.2695898359540135e-06, 67.2961360583664], [1782934560, 7.2695898359540135e-06, 7.296985209753396e-06, 6.980242514450158e-06, 6.980242514450158e-06, 78.77389488552589], [1782934740, 6.980242514450158e-06, 6.980242514450158e-06, 6.905396903549069e-06, 6.905396903549069e-06, 29.61273301295136], [1782934800, 6.905396903549069e-06, 6.905396903549069e-06, 6.837527037911317e-06, 6.837527037911317e-06, 0.1356862405162581], [1782935460, 6.837527037911317e-06, 6.837527037911317e-06, 6.531600426793493e-06, 6.531600426793493e-06, 138.30143830598524], [1782935700, 6.531600426793493e-06, 7.149495488347444e-06, 6.531600426793493e-06, 7.1153497815742125e-06, 199.97779392523637], [1782935820, 7.1153497815742125e-06, 7.1726764205508894e-06, 7.1153497815742125e-06, 7.1726764205508894e-06, 7.593866334591945], [1782935880, 7.1726764205508894e-06, 7.1942825090344055e-06, 7.1726764205508894e-06, 7.1942825090344055e-06, 3.03670987492935], [1782935940, 7.1942825090344055e-06, 7.517731855396029e-06, 7.1942825090344055e-06, 7.517731855396029e-06, 138.15714197432726], [1782936000, 7.517731855396029e-06, 7.722955319331178e-06, 7.517731855396029e-06, 7.722955319331178e-06, 2.7254861348957804], [1782936120, 7.722955319331178e-06, 7.722955319331178e-06, 7.482462796051139e-06, 7.482462796051139e-06, 95.88334320368823], [1782936180, 7.482462796051139e-06, 7.58411700596502e-06, 7.482462796051139e-06, 7.58411700596502e-06, 93.13135455183681], [1782936360, 7.58411700596502e-06, 7.69661991871778e-06, 7.58411700596502e-06, 7.69661991871778e-06, 0.5647715614528562], [1782936900, 7.69661991871778e-06, 7.69661991871778e-06, 7.598754625075643e-06, 7.676921738024356e-06, 25.91085230407182], [1782936960, 7.676921738024356e-06, 7.676921738024356e-06, 7.557875494026394e-06, 7.557875494026394e-06, 0.012962788235628332], [1782937740, 7.557875494026394e-06, 7.5772508136478934e-06, 7.557875494026394e-06, 7.574839035945754e-06, 1.052423499944666], [1782937860, 7.574839035945754e-06, 7.574839035945754e-06, 7.545055468050273e-06, 7.545055468050273e-06, 7.285474735772085], [1782938160, 7.545055468050273e-06, 7.650245600391293e-06, 7.545055468050273e-06, 7.650245600391293e-06, 3.9212193982617727], [1782939480, 7.650245600391293e-06, 7.650245600391293e-06, 7.524666928229835e-06, 7.567186929718367e-06, 18.68324972701843], [1782939600, 7.567186929718367e-06, 7.567186929718367e-06, 7.416102192098706e-06, 7.416102192098706e-06, 48.17677104968196], [1782939660, 7.416102192098706e-06, 7.511837476770138e-06, 