{"pair": "4PXkZypf1ioB61wp5Dyu4E6KoYqV7ATyQZofyG1HqDp6", "n_bars": 55, "span": [1782928349.0, 1782945950.0], "bars": [[1782928440, 4.3452637928564035e-05, 4.3452637928564035e-05, 4.2645671497175256e-05, 4.2645671497175256e-05, 29.11956795738188], [1782928560, 4.2645671497175256e-05, 4.323358934852398e-05, 4.222093460386566e-05, 4.222093460386566e-05, 81.57995146676566], [1782928620, 4.222093460386566e-05, 4.222093460386566e-05, 4.1750258160884256e-05, 4.1750258160884256e-05, 4.104468816547074], [1782928680, 4.1750258160884256e-05, 4.1750258160884256e-05, 4.1724894743388574e-05, 4.173873803394672e-05, 1.673972601834251], [1782928860, 4.173873803394672e-05, 4.270811368254353e-05, 4.173873803394672e-05, 4.214557834387509e-05, 152.94379976182523], [1782928920, 4.214557834387509e-05, 4.232168014127991e-05, 4.173051397865129e-05, 4.173051397865129e-05, 1.7399416458566834], [1782929460, 4.173051397865129e-05, 4.173051397865129e-05, 4.156314302055513e-05, 4.156314302055513e-05, 2.221898015114126], [1782929880, 4.156314302055513e-05, 4.2216404566006025e-05, 3.962316493764888e-05, 4.0336710216535994e-05, 250.08903776759144], [1782930060, 4.0336710216535994e-05, 4.0336710216535994e-05, 3.9979005327609804e-05, 3.9979005327609804e-05, 76.85907010921808], [1782930180, 3.9979005327609804e-05, 3.9979005327609804e-05, 3.979748058840065e-05, 3.979748058840065e-05, 0.05836331705635249], [1782930240, 3.979748058840065e-05, 4.047244801890606e-05, 3.979748058840065e-05, 4.047244801890606e-05, 19.245824766346832], [1782930300, 4.047244801890606e-05, 4.047244801890606e-05, 3.981610766022886e-05, 3.981610766022886e-05, 19.832358537519617], [1782931200, 3.981610766022886e-05, 4.053316369964488e-05, 3.981610766022886e-05, 4.053316369964488e-05, 19.091723140512457], [1782931260, 4.053316369964488e-05, 4.069440348434784e-05, 4.053316369964488e-05, 4.069440348434784e-05, 10.693343103368562], [1782931740, 4.069440348434784e-05, 4.069440348434784e-05, 3.9901905782405464e-05, 3.9901905782405464e-05, 29.279488297360317], [1782931800, 3.9901905782405464e-05, 3.9901905782405464e-05, 3.930515247794779e-05, 3.930515247794779e-05, 89.25274467881206], [1782931920, 3.930515247794779e-05, 3.930515247794779e-05, 5.612610357203158e-06, 5.692942863275871e-06, 4778.155092796571], [1782932040, 5.692942863275871e-06, 5.763369158973861e-06, 5.692942863275871e-06, 5.763369158973861e-06, 31.00024011547268], [1782932100, 5.763369158973861e-06, 5.763369158973861e-06, 5.7322429668021675e-06, 5.7322429668021675e-06, 0.061761446056640974], [1782932340, 5.7322429668021675e-06, 5.7322429668021675e-06, 5.713209043445845e-06, 5.713209043445845e-06, 10.98356326828294], [1782932520, 5.713209043445845e-06, 5.713209043445845e-06, 5.694191464774533e-06, 5.694191464774533e-06, 4.5735717674423375], [1782932580, 5.694191464774533e-06, 5.694191464774533e-06, 5.683214261089652e-06, 5.683214261089652e-06, 0.10118889054389231], [1782932760, 5.683214261089652e-06, 5.766650019412146e-06, 5.683214261089652e-06, 5.766650019412146e-06, 3.3907079323271], [1782932820, 5.766650019412146e-06, 5.934222131351497e-06, 5.766650019412146e-06, 5.934222131351497e-06, 45.965894621439155], [1782932880, 5.934222131351497e-06, 5.9630621187536956e-06, 5.8205080260592285e-06, 5.8205080260592285e-06, 44.36261073052689], [1782933000, 5.8205080260592285e-06, 5.825562327452506e-06, 5.8205080260592285e-06, 5.825562327452506e-06, 0.7663400261340909], [1782933060, 5.825562327452506e-06, 5.8466185473546964e-06, 5.825562327452506e-06, 5.8466185473546964e-06, 6.265525360617581], [1782933120, 5.8466185473546964e-06, 5.8466185473546964e-06, 5.761862819783841e-06, 5.838318794060766e-06, 6.162838506694176], [1782933240, 5.838318794060766e-06, 5.874092285437917e-06, 5.799119896231506e-06, 5.863416974207957e-06, 32.597771203576315], [1782933600, 5.863416974207957e-06, 5.863416974207957e-06, 5.745800512914145e-06, 5.745800512914145e-06, 16.542546284652293], [1782933660, 5.745800512914145e-06, 5.745800512914145e-06, 5.723852861708461e-06, 5.723852861708461e-06, 5.977739409923667], [1782933960, 5.723852861708461e-06, 5.723852861708461e-06, 5.693370837963987e-06, 5.693370837963987e-06, 0.12594962446956195], [1782934620, 5.693370837963987e-06, 5.69613697394992e-06, 5.693370837963987e-06, 5.69613697394992e-06, 0.08220423222193406], [1782934740, 5.69613697394992e-06, 5.69613697394992e-06, 5.640306982556514e-06, 5.640306982556514e-06, 14.349867495028418], [1782934860, 5.640306982556514e-06, 5.716001832925376e-06, 5.607554988201915e-06, 5.607554988201915e-06, 17.53721263834796], [1782934920, 5.607554988201915e-06, 5.6499858877093954e-06, 5.607554988201915e-06, 5.6499858877093954e-06, 0.287314580557256], [1782934980, 5.6499858877093954e-06, 5.651453423070272e-06, 5.6499858877093954e-06, 5.651453423070272e-06, 0.12880840639655686], [1782935520, 5.651453423070272e-06, 5.651453423070272e-06, 5.5595207464716995e-06, 5.5595207464716995e-06, 0.012200640188732334], [1782935640, 5.5595207464716995e-06, 5.5595207464716995e-06, 5.486849474450962e-06, 5.486849474450962e-06, 19.55369169550919], [1782935700, 5.486849474450962e-06, 5.578806415457429e-06, 5.486849474450962e-06, 5.578806415457429e-06, 11.318302330373145], [1782936120, 5.578806415457429e-06, 5.584312322405699e-06, 5.578806415457429e-06, 5.584312322405699e-06, 1.8804420775421482], [1782936180, 5.584312322405699e-06, 5.584312322405699e-06, 5.521947177056112e-06, 5.521947177056112e-06, 2.0299046061360397], [1782936240, 5.521947177056112e-06, 5.521947177056112e-06, 5.5169425364671495e-06, 5.5169425364671495e-06, 0.17617620960229988], [1782936600, 5.5169425364671495e-06, 5.593337727844132e-06, 5.5169425364671495e-06, 5.593337727844132e-06, 10.158530602575885], [1782936720, 5.593337727844132e-06, 5.593337727844132e-06, 5.539566985439172e-06, 5.539566985439172e-06, 3.9950814853542718], [1782937920, 5.539566985439172e-06, 5.624954567081045e-06, 5.539566985439172e-06, 5.624954567081045e-06, 5.391994962597359], [1782938340, 5.624954567081045e-06, 5.646738091693095e-06, 5.574401805597126e-06, 5.574401805597126e-06, 10.23213342928368], [1782939300, 5.574401805597126e-06, 5.575975724243328e-06, 5.574401805597126e-06, 5.575975724243328e-06, 11.31255941395354], [1782939480, 5.575975724243328e-06, 5.652366379336941e-06, 5.575975724243328e-06, 5.652366379336941e-06, 12.349534585865316], [1782939780, 5.652366379336941e-06, 5.699687969133221e-06, 5.652366379336941e-06, 5.699687969133221e-06, 7.657844842398314], [1782939840, 5.699687969133221e-06, 5.719167378015558e-06, 5.699687969133221e-06, 5.719167378015558e-06, 0.1878656456033938], [1782940500, 5.719167378015558e-06, 5.734104296496047e-06, 5.719167378015558e-06, 5.734104296496047e-06, 2.1497374980306607], [1782943140, 5.734104296496047e-06, 5.734104296496047e-06, 5.7110745565744415e-06, 5.7110745565744415e-06, 0.653567514792383], [1782943980, 5.7110745565744415e-06, 5.7110745565744415e-06, 5.6990514739662425e-06, 5.6990514739662425e-06, 0.22865464885801487], [1782945900, 5.6990514739662425e-06, 5.6990514739662425e-06, 5.6735054144892135e-06, 5.6735054144892135e-06, 0.5896342930772981]]}