{"pair": "29NLp52REoJ3VoNQeq2fFPnE7rihB9QVRgPBw3BK6ofN", "n_bars": 52, "span": [1782874307.0, 1782943832.0], "bars": [[1782874560, 1.6968811012943632e-05, 1.7092699699406736e-05, 1.6968811012943632e-05, 1.7092699699406736e-05, 0.9827123091380064], [1782874920, 1.7092699699406736e-05, 1.7092699699406736e-05, 1.6834865073528482e-05, 1.6834865073528482e-05, 0.7188034112031623], [1782875520, 1.6834865073528482e-05, 1.6839470697068964e-05, 1.6834865073528482e-05, 1.6839470697068964e-05, 1.091197676921231], [1782876780, 1.6839470697068964e-05, 1.708684713340562e-05, 1.6839470697068964e-05, 1.708684713340562e-05, 14.644242224333224], [1782877860, 1.708684713340562e-05, 1.7553270591614402e-05, 1.708684713340562e-05, 1.7553270591614402e-05, 56.65150264170385], [1782878520, 1.7553270591614402e-05, 1.7553270591614402e-05, 1.7488239951255604e-05, 1.7488239951255604e-05, 0.2964318998775717], [1782879060, 1.7488239951255604e-05, 1.7488239951255604e-05, 1.7446929519822185e-05, 1.7446929519822185e-05, 11.788171024850552], [1782884400, 1.7446929519822185e-05, 1.7584543939181477e-05, 1.7446929519822185e-05, 1.7584543939181477e-05, 0.04416671834183492], [1782887760, 1.7584543939181477e-05, 1.7584543939181477e-05, 1.7379200540142575e-05, 1.7379200540142575e-05, 0.018211373040131155], [1782887880, 1.7379200540142575e-05, 1.7379200540142575e-05, 1.7080560675741426e-05, 1.7080560675741426e-05, 0.06907280211471688], [1782888480, 1.7080560675741426e-05, 1.7093199280390208e-05, 1.7080560675741426e-05, 1.7093199280390208e-05, 0.5324372637462953], [1782888600, 1.7093199280390208e-05, 1.8276537095557983e-05, 1.7093199280390208e-05, 1.8276537095557983e-05, 171.81846396739323], [1782889320, 1.8276537095557983e-05, 1.8276537095557983e-05, 1.7677716475287767e-05, 1.7677716475287767e-05, 99.63401513938443], [1782889380, 1.7677716475287767e-05, 1.7677716475287767e-05, 1.749876610723598e-05, 1.749876610723598e-05, 35.40313160472705], [1782889440, 1.749876610723598e-05, 1.905697441554723e-05, 1.749876610723598e-05, 1.905697441554723e-05, 209.09755153674004], [1782889920, 1.905697441554723e-05, 1.905697441554723e-05, 1.8721612422892183e-05, 1.8721612422892183e-05, 37.87716827568739], [1782891060, 1.8721612422892183e-05, 1.8721612422892183e-05, 1.7228079185681902e-05, 1.7307172726815183e-05, 204.6181071221485], [1782892620, 1.7307172726815183e-05, 1.7307172726815183e-05, 1.7273402799025656e-05, 1.7273402799025656e-05, 1.077716757772394], [1782895740, 1.7273402799025656e-05, 1.7273402799025656e-05, 1.7219272959844762e-05, 1.7219272959844762e-05, 2.587581093901622], [1782896280, 1.7219272959844762e-05, 1.7330833178267625e-05, 1.7219272959844762e-05, 1.7330833178267625e-05, 1.0995467682916749], [1782897480, 1.7330833178267625e-05, 1.7585519526962542e-05, 1.7330833178267625e-05, 1.7585519526962542e-05, 0.06070136353238329], [1782902280, 1.7585519526962542e-05, 1.818982060039646e-05, 1.7585519526962542e-05, 1.818982060039646e-05, 97.07642572072129], [1782902340, 1.818982060039646e-05, 1.904239924016331e-05, 1.818982060039646e-05, 1.904239924016331e-05, 132.17668976772865], [1782903120, 1.904239924016331e-05, 1.9410226029171846e-05, 1.904239924016331e-05, 1.9410226029171846e-05, 76.42716243852809], [1782903540, 1.9410226029171846e-05, 1.9410226029171846e-05, 1.9308769189502604e-05, 1.9308769189502604e-05, 29.721616564853985], [1782903660, 1.9308769189502604e-05, 1.9463222873819734e-05, 1.9308769189502604e-05, 1.9463222873819734e-05, 28.014591577324083], [1782909180, 1.9463222873819734e-05, 1.9463222873819734e-05, 1.8996652778570272e-05, 1.915641904724195e-05, 43.61093213009816], [1782909360, 1.915641904724195e-05, 1.9195307194730393e-05, 1.893012909494252e-05, 1.893012909494252e-05, 11.873184276240323], [1782909720, 1.893012909494252e-05, 1.8991933539178945e-05, 1.893012909494252e-05, 1.8991933539178945e-05, 2.5243281242309856], [1782910920, 1.8991933539178945e-05, 1.8991933539178945e-05, 1.8977147058695633e-05, 1.8977147058695633e-05, 27.314953314709655], [1782911820, 1.8977147058695633e-05, 1.8977147058695633e-05, 1.795766576433965e-05, 1.795766576433965e-05, 138.13574458468892], [1782911880, 1.795766576433965e-05, 1.795766576433965e-05, 1.7517501261707247e-05, 1.7517501261707247e-05, 124.35858223746135], [1782912540, 1.7517501261707247e-05, 1.7517501261707247e-05, 1.687360998669883e-05, 1.687360998669883e-05, 70.02176489218336], [1782914100, 1.687360998669883e-05, 1.687360998669883e-05, 1.6743633112088822e-05, 1.6743633112088822e-05, 18.959804614602167], [1782917280, 1.6743633112088822e-05, 1.6865346480252917e-05, 1.6743633112088822e-05, 1.6865346480252917e-05, 0.23857186184330464], [1782919380, 1.6865346480252917e-05, 1.7298852753607707e-05, 1.6865346480252917e-05, 1.7298852753607707e-05, 11.504978524598366], [1782920340, 1.7298852753607707e-05, 1.790324242496887e-05, 1.7298852753607707e-05, 1.779699587123657e-05, 99.56033945159929], [1782921540, 1.779699587123657e-05, 1.779699587123657e-05, 1.7679126527611276e-05, 1.7679126527611276e-05, 21.549209852644196], [1782921780, 1.7679126527611276e-05, 1.7679126527611276e-05, 1.726137040140292e-05, 1.7299561227141266e-05, 49.499461285643335], [1782922080, 1.7299561227141266e-05, 1.7299561227141266e-05, 1.669965979054143e-05, 1.669965979054143e-05, 84.95132455807422], [1782922380, 1.669965979054143e-05, 1.669965979054143e-05, 1.668658265255331e-05, 1.668658265255331e-05, 0.17043105235663242], [1782924000, 1.668658265255331e-05, 1.670503802262372e-05, 1.668658265255331e-05, 1.670503802262372e-05, 1.2990153585458977], [1782926160, 1.670503802262372e-05, 1.6874646284428712e-05, 1.6658131836446327e-05, 1.6874646284428712e-05, 0.8518508023131759], [1782928800, 1.6874646284428712e-05, 1.6874646284428712e-05, 1.6737880936979145e-05, 1.6737880936979145e-05, 2.140724985631148], [1782928920, 1.6737880936979145e-05, 1.6994696145067065e-05, 1.6737880936979145e-05, 1.679030079298478e-05, 4.989530049423662], [1782928980, 1.679030079298478e-05, 1.7005856273473097e-05, 1.678988120197662e-05, 1.7005856273473097e-05, 1.5170273411198685], [1782929880, 1.7005856273473097e-05, 1.7005856273473097e-05, 1.6753716192945417e-05, 1.6753716192945417e-05, 0.0020061752868661387], [1782932160, 1.6753716192945417e-05, 1.6753716192945417e-05, 1.6693832330182862e-05, 1.6693832330182862e-05, 0.9528646648820324], [1782934500, 1.6693832330182862e-05, 1.6869415981105008e-05, 1.6654241288567164e-05, 1.6869415981105008e-05, 1.2414495278150444], [1782934860, 1.6869415981105008e-05, 1.6869415981105008e-05, 1.6632114312298877e-05, 1.6632114312298877e-05, 5.308629889809522], [1782938400, 1.6632114312298877e-05, 1.6632114312298877e-05, 1.6552742724421235e-05, 1.6552742724421235e-05, 9.42799482749255], [1782942780, 1.6552742724421235e-05, 1.7060516736971516e-05, 1.6552742724421235e-05, 1.7060516736971516e-05, 0.8827290033605518]]}