{"pair": "GLWqZoMkXQFG2EY8ujcN1iMiAYG4xD5dLt1dqMmckBWe", "n_bars": 89, "span": [1782912752.0, 1782944108.0], "bars": [[1782913320, 4.631078605298413e-06, 4.67467776847963e-06, 4.587589704966051e-06, 4.657975808287509e-06, 27.974382861788914], [1782913500, 4.657975808287509e-06, 4.672586458020632e-06, 4.572510476450156e-06, 4.672586458020632e-06, 22.326604093241766], [1782913560, 4.672586458020632e-06, 4.7319262082435785e-06, 4.672586458020632e-06, 4.7319262082435785e-06, 9.488039308491386], [1782913740, 4.7319262082435785e-06, 4.750209581254739e-06, 4.7319262082435785e-06, 4.750209581254739e-06, 1.0366864611588957], [1782913800, 4.750209581254739e-06, 4.771159775712143e-06, 4.750209581254739e-06, 4.771159775712143e-06, 10.20673078330424], [1782913860, 4.771159775712143e-06, 5.087380227184054e-06, 4.771159775712143e-06, 5.012886801354534e-06, 85.09015453032075], [1782913920, 5.012886801354534e-06, 5.012886801354534e-06, 4.944837931009632e-06, 4.944837931009632e-06, 50.35237811926813], [1782914040, 4.944837931009632e-06, 4.944837931009632e-06, 4.785758942677416e-06, 4.8287340192791125e-06, 26.523518280417377], [1782914100, 4.8287340192791125e-06, 4.8287340192791125e-06, 4.76685240764574e-06, 4.76685240764574e-06, 7.238948625296728], [1782914400, 4.76685240764574e-06, 4.829780771159419e-06, 4.76685240764574e-06, 4.829780771159419e-06, 11.248371766968045], [1782914820, 4.829780771159419e-06, 4.829780771159419e-06, 4.667105808190432e-06, 4.667105808190432e-06, 65.92622247444845], [1782915600, 4.667105808190432e-06, 4.667105808190432e-06, 4.615075949830765e-06, 4.615075949830765e-06, 4.623013229009583], [1782915780, 4.615075949830765e-06, 4.615075949830765e-06, 4.492701717661411e-06, 4.492701717661411e-06, 62.9641662402103], [1782915960, 4.492701717661411e-06, 4.492701717661411e-06, 4.4310698875450246e-06, 4.4310698875450246e-06, 1.0009275290468131], [1782916320, 4.4310698875450246e-06, 4.4310698875450246e-06, 4.352875632473912e-06, 4.352875632473912e-06, 13.663277957270147], [1782917580, 4.352875632473912e-06, 4.352875632473912e-06, 4.320162945399106e-06, 4.320162945399106e-06, 19.68181617989307], [1782917640, 4.320162945399106e-06, 4.320162945399106e-06, 4.275235111617041e-06, 4.275235111617041e-06, 3.1049881637690113], [1782918000, 4.275235111617041e-06, 4.275235111617041e-06, 4.225610158273111e-06, 4.225610158273111e-06, 27.317418550538573], [1782918120, 4.225610158273111e-06, 4.240572459510063e-06, 4.225610158273111e-06, 4.240572459510063e-06, 0.0007551734073251049], [1782918180, 4.240572459510063e-06, 4.242276933864551e-06, 4.240572459510063e-06, 4.242276933864551e-06, 0.0075565192412304465], [1782918300, 4.242276933864551e-06, 4.245338504724449e-06, 4.242276933864551e-06, 4.245338504724449e-06, 0.4918230303514045], [1782918840, 4.245338504724449e-06, 4.245338504724449e-06, 4.154931604750823e-06, 4.154931604750823e-06, 15.889012149612588], [1782919020, 4.154931604750823e-06, 4.154931604750823e-06, 4.1277057558491684e-06, 4.1277057558491684e-06, 0.08403929841973119], [1782919980, 4.1277057558491684e-06, 4.1277057558491684e-06, 3.982394522526714e-06, 3.982394522526714e-06, 68.8772368828128], [1782920640, 3.982394522526714e-06, 3.982394522526714e-06, 3.922084655062934e-06, 3.922084655062934e-06, 6.338050489485757], [1782921840, 3.922084655062934e-06, 3.922084655062934e-06, 3.899551436074371e-06, 3.899551436074371e-06, 0.23854075264591584], [1782921900, 3.899551436074371e-06, 4.03469593272718e-06, 3.899551436074371e-06, 4.03469593272718e-06, 28.295564333152758], [1782922020, 4.03469593272718e-06, 4.20869914888468e-06, 4.03469593272718e-06, 4.20869914888468e-06, 96.31043501711986], [1782922320, 4.20869914888468e-06, 4.312229052942758e-06, 4.20869914888468e-06, 4.30903758338491e-06, 1.08078729835228], [1782922380, 4.30903758338491e-06, 4.30903758338491e-06, 4.307135609774835e-06, 4.307135609774835e-06, 0.11638970420113233], [1782923700, 4.307135609774835e-06, 4.315474552974578e-06, 4.307135609774835e-06, 4.315474552974578e-06, 2.4368989215692634], [1782924120, 4.315474552974578e-06, 4.315474552974578e-06, 4.2723397725615985e-06, 4.2723397725615985e-06, 16.850972197670476], [1782924360, 4.2723397725615985e-06, 4.2723397725615985e-06, 4.247280491559527e-06, 4.247280491559527e-06, 1.8423600272786664], [1782924900, 4.247280491559527e-06, 4.247280491559527e-06, 4.216133518011857e-06, 4.216133518011857e-06, 4.189267270303574], [1782925140, 4.216133518011857e-06, 4.216133518011857e-06, 4.204132686949353e-06, 4.204132686949353e-06, 0.5547076831747606], [1782925560, 4.204132686949353e-06, 4.204132686949353e-06, 4.188412766551499e-06, 4.188412766551499e-06, 2.6610394103384305], [1782925920, 4.188412766551499e-06, 4.199045880296462e-06, 4.188412766551499e-06, 4.199045880296462e-06, 0.031223800718261984], [1782926280, 4.199045880296462e-06, 4.199045880296462e-06, 4.192863889287595e-06, 4.192863889287595e-06, 8.425229492465485], [1782926460, 4.192863889287595e-06, 4.24061406472358e-06, 4.192863889287595e-06, 4.24061406472358e-06, 0.42080600855270334], [1782926520, 4.24061406472358e-06, 4.24061406472358e-06, 4.186614648575191e-06, 4.186614648575191e-06, 1.3557174698109642], [1782926580, 4.186614648575191e-06, 4.198841737839202e-06, 4.186614648575191e-06, 4.198841737839202e-06, 3.2017565709867006], [1782926640, 4.198841737839202e-06, 4.198841737839202e-06, 4.1860213691058395e-06, 4.1860213691058395e-06, 4.733649982718905], [1782927480, 4.1860213691058395e-06, 4.1860213691058395e-06, 4.17150591562779e-06, 4.17150591562779e-06, 1.1846485732201029], [1782928020, 4.17150591562779e-06, 4.17150591562779e-06, 4.004918542239396e-06, 4.004918542239396e-06, 103.20479340197784], [1782928200, 4.004918542239396e-06, 4.004918542239396e-06, 3.837814394517628e-06, 3.837814394517628e-06, 1.2861564816599385], [1782928380, 3.837814394517628e-06, 3.849343619169338e-06, 3.81878676838307e-06, 3.849343619169338e-06, 12.882991489603505], [1782928440, 3.849343619169338e-06, 3.849343619169338e-06, 3.849273775623752e-06, 3.849273775623752e-06, 0.00389112473914933], [1782928560, 3.849273775623752e-06, 3.849273775623752e-06, 3.7973256196614475e-06, 3.7973256196614475e-06, 0.12874480325940751], [1782928680, 3.7973256196614475e-06, 3.7973256196614475e-06, 3.7954844182057095e-06, 3.7954844182057095e-06, 0.6197191012908093], [1782928860, 3.7954844182057095e-06, 3.7954844182057095e-06, 3.7949759303749284e-06, 3.7949759303749284e-06, 0.5684102139598959], [1782929820, 3.7949759303749284e-06, 3.7949759303749284e-06, 3.790755067507573e-06, 3.790755067507573e-06, 0.14368171418434203], [1782929940, 3.790755067507573e-06, 3.790755067507573e-06, 3.7825505623382864e-06, 3.7825505623382864e-06, 3.226786036418423], [1782930180, 3.7825505623382864e-06, 3.7825505623382864e-06, 3.7631102156702584e-06, 3.7631102156702584e-06, 8.050255008178876], [1782931440, 3.7631102156702584e-06, 3.7631102156702584e-06, 3.7540929602326538e-06, 3.7540929602326538e-06, 0.16903902567164905], [1782931920, 3.7540929602326538e-06, 3.7540929602326538e-06, 3.74590539504735e-06, 3.74590539504735e-06, 0.3368271648436367], [1782932520, 3.74590539504735e-06, 3.74590539504735e-06, 3.742199785667116e-06, 3.742199785667116e-06, 1.8605188464780207], [1782932820, 3.742199785667116e-06, 3.742199785667116e-06, 3.7378008712896687e-06, 3.7378008712896687e-06, 0.4731162920483678], [1782933720, 3.7378008712896687e-06, 3.7378008712896687e-06, 3.7244242969056526e-06, 3.7244242969056526e-06, 4.635154247075308], [1782934380, 3.7244242969056526e-06, 3.7244242969056526e-06, 3.7136588671030624e-06, 3.7136588671030624e-06, 0.20444862350577978], [1782935820, 3.7136588671030624e-06, 3.7136588671030624e-06, 3.6605927132209954e-06, 3.6605927132209954e-06, 19.299493937214113], [1782936240, 3.6605927132209954e-06, 5.172860612858863e-06, 3.6605927132209954e-06, 5.146091818886434e-06, 595.8944186341472], [1782936300, 5.146091818886434e-06, 5.146091818886434e-06, 3.6307683741804166e-06, 4.22106003827583e-06, 633.1664225702298], [1782936420, 4.22106003827583e-06, 