{"pair": "2DmFrVtHmqSw86GwQg1pJhxH1gwjyFDCWmpRFub7EdvK", "n_bars": 116, "span": [1782913704.0, 1782945401.0], "bars": [[1782913800, 2.8748044055227834e-06, 2.8748044055227834e-06, 2.8705030894030504e-06, 2.8705030894030504e-06, 0.06121008524880366], [1782914160, 2.8705030894030504e-06, 2.883457099469426e-06, 2.8705030894030504e-06, 2.883457099469426e-06, 2.173782491449693], [1782914220, 2.883457099469426e-06, 2.883457099469426e-06, 2.836002891020666e-06, 2.836002891020666e-06, 29.04820229737663], [1782914340, 2.836002891020666e-06, 2.8514534969744568e-06, 2.7979117497895923e-06, 2.8514534969744568e-06, 11.236004434597357], [1782914460, 2.8514534969744568e-06, 2.8684652245935166e-06, 2.8514534969744568e-06, 2.8684652245935166e-06, 5.384314322485336], [1782914520, 2.8684652245935166e-06, 2.8684652245935166e-06, 2.7863086940868707e-06, 2.7863086940868707e-06, 18.172732932857237], [1782914580, 2.7863086940868707e-06, 2.8208545689931177e-06, 2.7863086940868707e-06, 2.8208545689931177e-06, 0.9809425068643512], [1782914640, 2.8208545689931177e-06, 2.8428719689480796e-06, 2.8208545689931177e-06, 2.8428719689480796e-06, 5.467165632242913], [1782914700, 2.8428719689480796e-06, 2.8428719689480796e-06, 2.807368167227195e-06, 2.807368167227195e-06, 0.240275456518781], [1782914760, 2.807368167227195e-06, 2.8806844076761585e-06, 2.807368167227195e-06, 2.8806844076761585e-06, 27.214498828342993], [1782915300, 2.8806844076761585e-06, 3.1483365998930208e-06, 2.8806844076761585e-06, 3.1483365998930208e-06, 87.0021234419505], [1782915360, 3.1483365998930208e-06, 3.1977539351652794e-06, 3.1416185724431204e-06, 3.1977539351652794e-06, 9.374660149869799], [1782915420, 3.1977539351652794e-06, 3.2064193819156865e-06, 3.1977539351652794e-06, 3.2064193819156865e-06, 0.3449574293049912], [1782915480, 3.2064193819156865e-06, 3.242333462265869e-06, 3.2064193819156865e-06, 3.242333462265869e-06, 3.01418871066583], [1782915780, 3.242333462265869e-06, 3.242333462265869e-06, 3.2052115484623586e-06, 3.2052115484623586e-06, 0.4481715479338325], [1782915900, 3.2052115484623586e-06, 3.2052115484623586e-06, 3.194427002975156e-06, 3.194427002975156e-06, 1.4346378234629427], [1782916080, 3.194427002975156e-06, 3.194427002975156e-06, 3.1857110394149413e-06, 3.1878968509863447e-06, 1.515220000765872], [1782916140, 3.1878968509863447e-06, 3.2244874622517846e-06, 3.1878968509863447e-06, 3.2244874622517846e-06, 0.7693771088575885], [1782916380, 3.2244874622517846e-06, 3.2244874622517846e-06, 3.1808542565794302e-06, 3.1808542565794302e-06, 0.13082637441484699], [1782916440, 3.1808542565794302e-06, 3.2284089536136386e-06, 3.1808542565794302e-06, 3.2284089536136386e-06, 4.913530223196397], [1782916500, 3.2284089536136386e-06, 3.2528660578444243e-06, 3.1969442461829634e-06, 3.2528660578444243e-06, 7.929316417361468], [1782916560, 3.2528660578444243e-06, 3.254017210755534e-06, 3.2112993305595686e-06, 3.254017210755534e-06, 1.0911368254038902], [1782916980, 3.254017210755534e-06, 3.254017210755534e-06, 3.2239370074216935e-06, 3.2239370074216935e-06, 6.115210309117686], [1782917100, 3.2239370074216935e-06, 3.2239370074216935e-06, 3.1471137114729673e-06, 3.1471137114729673e-06, 19.691640141996363], [1782917220, 3.1471137114729673e-06, 3.1471137114729673e-06, 3.1034261694391325e-06, 3.1034261694391325e-06, 28.87871032284233], [1782917280, 3.1034261694391325e-06, 3.1034261694391325e-06, 3.0698966949281365e-06, 3.0709770701825296e-06, 0.30944252245998055], [1782917340, 3.0709770701825296e-06, 3.0709770701825296e-06, 2.891807124341972e-06, 2.891807124341972e-06, 65.2277655873574], [1782917460, 2.891807124341972e-06, 2.891807124341972e-06, 2.8871786113381166e-06, 2.8871786113381166e-06, 2.368984694511743], [1782917520, 2.8871786113381166e-06, 2.8871786113381166e-06, 2.8771219728638593e-06, 2.8771219728638593e-06, 2.7791789921301597], [1782917820, 2.8771219728638593e-06, 2.8771219728638593e-06, 2.8648065702420236e-06, 2.8648065702420236e-06, 2.9137462640420906], [1782918000, 2.8648065702420236e-06, 2.960717352557129e-06, 2.8648065702420236e-06, 2.960717352557129e-06, 32.509578704298335], [1782918120, 2.960717352557129e-06, 2.991636883699857e-06, 2.960717352557129e-06, 2.991636883699857e-06, 0.5366579253244096], [1782918180, 2.991636883699857e-06, 3.009561962273009e-06, 2.991636883699857e-06, 3.009561962273009e-06, 3.582537691581795], [1782918240, 3.009561962273009e-06, 3.009561962273009e-06, 2.966580654720008e-06, 2.966580654720008e-06, 2.0337664173007397], [1782918300, 2.966580654720008e-06, 2.966580654720008e-06, 2.9643221389441264e-06, 2.9643221389441264e-06, 0.8951916456863007], [1782918540, 2.9643221389441264e-06, 3.0188024010044536e-06, 2.9643221389441264e-06, 3.0188024010044536e-06, 14.739545782332003], [1782918660, 3.0188024010044536e-06, 3.043834353668086e-06, 3.0188024010044536e-06, 3.043834353668086e-06, 0.07581023715689154], [1782918720, 3.043834353668086e-06, 3.043834353668086e-06, 2.9929320849228455e-06, 2.9929320849228455e-06, 5.203630029109432], [1782918900, 2.9929320849228455e-06, 3.0468200586293496e-06, 2.9818491245723904e-06, 3.009433984683219e-06, 67.95841584020113], [1782918960, 3.009433984683219e-06, 3.009433984683219e-06, 3.0015247790925335e-06, 3.0015247790925335e-06, 1.4001641619726792], [1782919020, 3.0015247790925335e-06, 3.0434158553942883e-06, 3.0015247790925335e-06, 3.0434158553942883e-06, 3.767849423915422], [1782919200, 3.0434158553942883e-06, 3.0434158553942883e-06, 2.949966985483201e-06, 2.949966985483201e-06, 40.389786067866496], [1782919380, 2.949966985483201e-06, 2.949966985483201e-06, 2.9002653735069027e-06, 2.940184441820796e-06, 14.68561926605868], [1782919440, 2.940184441820796e-06, 2.940184441820796e-06, 2.909517055316067e-06, 2.909517055316067e-06, 0.012273387607240916], [1782920040, 2.909517055316067e-06, 2.909517055316067e-06, 2.899270132664075e-06, 2.899270132664075e-06, 0.4905897031129747], [1782920340, 2.899270132664075e-06, 2.899270132664075e-06, 2.8890355872723273e-06, 2.8890355872723273e-06, 6.089266271165377], [1782920400, 2.8890355872723273e-06, 2.8890355872723273e-06, 2.8522122774823166e-06, 2.8522122774823166e-06, 19.67246323318892], [1782920520, 2.8522122774823166e-06, 2.8522122774823166e-06, 2.8188607704735435e-06, 2.8188607704735435e-06, 9.44497991620805], [1782920820, 2.8188607704735435e-06, 2.8188607704735435e-06, 2.803051640880658e-06, 2.803051640880658e-06, 0.18383287750632613], [1782920880, 2.803051640880658e-06, 2.842995976922386e-06, 2.803051640880658e-06, 2.842995976922386e-06, 3.258907461551992], [1782920940, 2.842995976922386e-06, 2.842995976922386e-06, 2.806077633641749e-06, 2.806077633641749e-06, 0.2355687007406401], [1782921180, 2.806077633641749e-06, 2.8063304588245246e-06, 2.806077633641749e-06, 2.8063304588245246e-06, 1.99984024787178], [1782921300, 2.8063304588245246e-06, 2.8063304588245246e-06, 2.7962537338136967e-06, 2.7962537338136967e-06, 3.658885376717527], [1782921360, 2.7962537338136967e-06, 2.9418464971986546e-06, 2.7962537338136967e-06, 2.9418464971986546e-06, 78.66602967365661], [1782921420, 2.9418464971986546e-06, 3.1106886288122364e-06, 2.9418464971986546e-06, 3.1106886288122364e-06, 41.215789983632675], [1782921720, 3.1106886288122364e-06, 3.168918418003683e-06, 3.1106886288122364e-06, 3.168918418003683e-06, 0.4207073263033164], [1782921780, 3.168918418003683e-06, 3.168918418003683e-06, 3.1305478040814224e-06, 3.1305478040814224e-06, 0.16491854510999399], [1782921840, 3.1305478040814224e-06, 3.1305478040814224e-06, 3.127615197087689e-06, 3.127615197087689e-06, 0.2840587716582169], [1782921960, 3.127615197087689e-06, 3.132985573770365e-06, 3.127615197087689e-06, 3.132985573770365e-06, 0.4349010375698527], [1782922080, 3.132985573770365e-06, 3.1904268415438395e-06, 3.132985573770365e-06, 3.1904268415438395e-06, 9.95167153748768], [1782922200, 3.1904268415438395e-06, 3.1978205153996095e-06, 3.1904268415438395e-06, 3.1978205153996095e-06, 0.3191586618211787], [1782922260, 3.1978205153996095e-06, 3.2044958953248312e-06, 