{"pair": "Fs2Juq2822tZTDz1j66DQuMg6psWowQjgAMe8qw7QrUn", "n_bars": 106, "span": [1782769425.0, 1782928218.0], "bars": [[1782769440, 0.00016236390088570436, 0.00016738071047137494, 0.0001583904145639866, 0.00016551576292446224, 2684.7130615588494], [1782769500, 0.00016551576292446224, 0.00016813224690508783, 0.00015936560134006096, 0.00016522452938369481, 2506.7657822701776], [1782769560, 0.00016522452938369481, 0.000166973843524486, 0.00016018244843709004, 0.00016404414890572834, 2427.535118225934], [1782769620, 0.00016404414890572834, 0.00016629616486239307, 0.00015595489425878562, 0.00016172264258724326, 2197.285069966703], [1782769680, 0.00016172264258724326, 0.00017102764701771176, 0.00015931869817711747, 0.00016776143245639, 2500.8458358413723], [1782769740, 0.00016776143245639, 0.0001710039551919423, 0.00016380981446376664, 0.00016631910676770249, 2440.338840939758], [1782769800, 0.00016631910676770249, 0.00017065402248853356, 0.00016201751335251667, 0.00016871595696670686, 2139.1516906893644], [1782769860, 0.00016871595696670686, 0.00017422088334339913, 0.00016465280176283415, 0.00016755094140717726, 2303.358964656803], [1782769920, 0.00016755094140717726, 0.0001742573091661512, 0.0001655750966684073, 0.0001681921308304467, 2632.1011820908834], [1782769980, 0.0001681921308304467, 0.00017412272669492014, 0.00016434660093003168, 0.00017279963920961374, 2492.930372564958], [1782770040, 0.00017279963920961374, 0.00017444669095776003, 0.00016530011698010522, 0.00016807580375379475, 2410.0126094427774], [1782770100, 0.00016807580375379475, 0.00017459903589101016, 0.00016565448545777662, 0.00016631277281441782, 2729.224708381048], [1782770160, 0.00016631277281441782, 0.00017486704271091105, 0.0001645995434922042, 0.0001697163579827701, 2429.011027878207], [1782770220, 0.0001697163579827701, 0.00017333076804679635, 0.00016611305491509993, 0.00017064439723564977, 2275.451789448503], [1782770280, 0.00017064439723564977, 0.00017572401321947091, 0.00016273218218973293, 0.0001699830231237287, 2611.408758629725], [1782770340, 0.0001699830231237287, 0.00017124496553319179, 0.00016388579355245992, 0.00016979658530516715, 2551.0761303779195], [1782770400, 0.00016979658530516715, 0.00017040252017833565, 0.00016233757545269727, 0.00016481911455850206, 2234.936847291241], [1782770460, 0.00016481911455850206, 0.00017001640238311697, 0.00016236760739827974, 0.00016352328037514096, 2111.2519499584505], [1782770520, 0.00016352328037514096, 0.00017054343094765885, 0.00016161661660190436, 0.0001630019143461004, 2135.366794919079], [1782770580, 0.0001630019143461004, 0.00016978162913173768, 0.0001623045269071538, 0.0001647856237575707, 2373.8715021673047], [1782770640, 0.0001647856237575707, 0.0001702167388126537, 0.00016180934747293327, 0.00016446523067670946, 2313.152287882438], [1782770700, 0.00016446523067670946, 0.00017041344011676108, 0.00016184256373078198, 0.00016579749865524933, 2124.1276379013852], [1782770760, 0.00016579749865524933, 0.00016942785792774723, 0.00016157175839287641, 0.0001690571012585335, 2393.716376969423], [1782770820, 0.0001690571012585335, 0.00017139345658743457, 0.0001601038467391533, 0.00016832646829747326, 2337.7771087597453], [1782770880, 0.00016832646829747326, 0.00017027465059108084, 0.0001627855651210295, 0.00016695933071216807, 2501.382960115949], [1782770940, 0.00016695933071216807, 0.00016989398091114968, 0.00016245420691830175, 0.0001672442267293579, 2365.8461742952204], [1782771000, 0.0001672442267293579, 0.00016964959852802243, 0.00016263901087885344, 0.00016712825915095967, 1948.4863288006877], [1782771060, 0.00016712825915095967, 0.00016964013883781276, 0.00016276343247797917, 0.0001673171774103743, 2352.1484663688407], [1782771120, 0.0001673171774103743, 0.00016955077469671696, 0.0001618292647932058, 0.0001644489097546928, 2455.2896539428807], [1782771180, 0.0001644489097546928, 0.00017037093796181253, 0.00016104593732073458, 0.00016700040260675888, 2446.9261748764497], [1782771240, 0.00016700040260675888, 0.0001703326041029489, 0.00016234381228534339, 0.00016668017784867347, 2352.1473765963033], [1782771300, 0.00016668017784867347, 0.00017209748337423407, 0.00016263965587683338, 0.0001661208114927402, 2531.4617037581697], [1782771360, 0.0001661208114927402, 0.00016913221762343696, 0.00016137133541024203, 0.00016653338263397752, 2443.5714814146113], [1782771420, 0.00016653338263397752, 0.00016894597206488498, 0.00014952823622080183, 0.00015073329518567623, 2810.9090096267378], [1782771480, 0.00015073329518567623, 0.00015838524603041312, 0.00014986839108063388, 0.00015493326186415574, 2507.9714667709777], [1782771540, 0.00015493326186415574, 0.00015994166393406423, 0.00013292962902241985, 0.00013548050082313445, 3336.410054151369], [1782771600, 0.00013548050082313445, 0.00013548050082313445, 9.759343048887091e-05, 9.759343048887091e-05, 3494.713368122265], [1782771660, 9.759343048887091e-05, 0.00012229517963295577, 9.675554260621845e-05, 0.00012101097780689759, 2795.2183442110377], [1782771720, 0.00012101097780689759, 0.00012945201484885387, 0.00012084107067248311, 0.00012638081950632185, 2131.295369587772], [1782771780, 0.00012638081950632185, 0.00012983153812697807, 0.0001219229150277488, 0.0001235806725608433, 2326.5332488757294], [1782771840, 0.0001235806725608433, 0.00013298809616220895, 0.00012238745126062038, 0.00013298809616220895, 2193.598694426425], [1782771900, 0.00013298809616220895, 0.0001333839497312444, 0.0001260661410859972, 0.00012866150816654313, 2618.7333314852813], [1782771960, 0.00012866150816654313, 0.00013200819361932934, 0.00012555761181087184, 0.0001297645289715863, 1904.339137170337], [1782772020, 0.0001297645289715863, 0.00013545918559298425, 0.00011656015447067289, 0.00013207947558797604, 3230.933081779813], [1782772080, 0.00013207947558797604, 0.00013959202961508335, 0.00011698962214484192, 0.00012694342286276693, 3218.399080767363], [1782772140, 0.00012694342286276693, 0.0001408199138209437, 0.00012676299796401234, 0.0001368569466960169, 2188.569243891394], [1782772200, 0.0001368569466960169, 0.00014109985420487223, 0.00012148975479255165, 0.00013351299317886252, 2923.2163434333197], [1782772260, 0.00013351299317886252, 0.00014174547115677086, 0.00013191076399695145, 0.00014024193660969045, 2309.4107921540935], [1782772320, 0.00014024193660969045, 0.0001444506907940244, 8.620589552081656e-05, 8.708574504945899e-05, 4948.10382882541], [1782772380, 8.708574504945899e-05, 8.708574504945899e-05, 5.801032240727002e-05, 7.39309756465608e-05, 4430.711531586177], [1782772440, 7.39309756465608e-05, 9.557280994999768e-05, 7.39309756465608e-05, 9.492931087136946e-05, 1791.964449241596], [1782772500, 9.492931087136946e-05, 9.93992179304731e-05, 8.366069874670078e-05, 8.691431592891592e-05, 4596.256045888531], [1782772560, 8.691431592891592e-05, 9.394810104952605e-05, 3.609686454544726e-05, 4.471834834845459e-05, 11379.654960885546], [1782772620, 4.471834834845459e-05, 6.7046915252145e-05, 4.323470736376347e-05, 6.008595546314269e-05, 8676.422980082247], [1782772680, 6.008595546314269e-05, 6.008595546314269e-05, 2.1414470094808798e-06, 2.144011242019731e-06, 9155.12298855218], [1782772740, 2.144011242019731e-06, 2.169948907967056e-06, 1.5643613916047468e-06, 1.5663444365235555e-06, 266.16021828800814], [1782772800, 1.5663444365235555e-06, 1.5663444365235555e-06, 1.5495262364246486e-06, 1.5511342383845809e-06, 7.185688596846743], [1782772860, 1.5511342383845809e-06, 1.5516674323100468e-06, 1.5455602255032313e-06, 1.54672269930086e-06, 2.1610293670294523], [1782772920, 1.54672269930086e-06, 1.5474601161207468e-06, 1.5432797934897326e-06, 1.544091118661283e-06, 1.9584630456354406], [1782772980, 1.544091118661283e-06, 1.544091118661283e-06, 1.541370478400088e-06, 1.542340180283846e-06, 0.8755152079202967], [1782773100, 1.542340180283846e-06, 1.5428870903696573e-06, 1.542340180283846e-06, 1.5428870903696573e-06, 0.029413304020214907], [1782773160, 1.5428870903696573e-06, 1.5660107461586818e-06, 