{"pair": "3o73Ts3pSYQwkBUNwCV6ESRMor5WnAGKYA8CXNHpB2Va", "n_bars": 57, "span": [1782918693.0, 1782941669.0], "bars": [[1782918900, 8.37357716609001e-05, 8.37357716609001e-05, 7.927275000126566e-05, 7.927275000126566e-05, 4.872297682966311], [1782919020, 7.927275000126566e-05, 7.927275000126566e-05, 7.912817927176566e-05, 7.912817927176566e-05, 10.148292031018919], [1782919080, 7.912817927176566e-05, 7.912817927176566e-05, 7.868680669990059e-05, 7.868680669990059e-05, 37.17797881412293], [1782919260, 7.868680669990059e-05, 7.868680669990059e-05, 7.773518736450035e-05, 7.773518736450035e-05, 129.11427666537068], [1782919320, 7.773518736450035e-05, 7.773518736450035e-05, 7.630252089493877e-05, 7.680409205946025e-05, 88.74297099292579], [1782919380, 7.680409205946025e-05, 7.754458312854334e-05, 7.680409205946025e-05, 7.754458312854334e-05, 9.827093150077388], [1782919440, 7.754458312854334e-05, 7.758116692092706e-05, 7.754458312854334e-05, 7.758116692092706e-05, 4.559137326860127], [1782919560, 7.758116692092706e-05, 7.758116692092706e-05, 7.749319643504042e-05, 7.749319643504042e-05, 10.132110864502058], [1782919620, 7.749319643504042e-05, 7.749319643504042e-05, 7.711780102327963e-05, 7.711780102327963e-05, 55.977119666991], [1782919740, 7.711780102327963e-05, 7.715255394803142e-05, 7.711780102327963e-05, 7.715255394803142e-05, 66.58627945710373], [1782919860, 7.715255394803142e-05, 7.751885103693142e-05, 7.715255394803142e-05, 7.751885103693142e-05, 0.6940294075913359], [1782919920, 7.751885103693142e-05, 7.751885103693142e-05, 7.69948272175077e-05, 7.69948272175077e-05, 49.01888456169057], [1782920220, 7.69948272175077e-05, 7.720558560149654e-05, 7.69948272175077e-05, 7.720558560149654e-05, 69.00363525143852], [1782921480, 7.720558560149654e-05, 7.762228019226724e-05, 7.720558560149654e-05, 7.762228019226724e-05, 24.416408207303025], [1782921660, 7.762228019226724e-05, 7.762228019226724e-05, 7.171902034770113e-05, 7.172057093322002e-05, 454.0485327346562], [1782921780, 7.172057093322002e-05, 7.226370394137426e-05, 7.172057093322002e-05, 7.226370394137426e-05, 75.01845801197882], [1782921840, 7.226370394137426e-05, 7.39462404414094e-05, 7.226370394137426e-05, 7.39462404414094e-05, 188.9244664862035], [1782922260, 7.39462404414094e-05, 7.524185314283376e-05, 7.39462404414094e-05, 7.491797063792878e-05, 55.575349383958425], [1782922860, 7.491797063792878e-05, 7.545379745018976e-05, 7.491797063792878e-05, 7.545369835024427e-05, 195.94682668562214], [1782922920, 7.545369835024427e-05, 7.545369835024427e-05, 7.471572937937483e-05, 7.471572937937483e-05, 9.788198525571465], [1782923280, 7.471572937937483e-05, 7.502920666115632e-05, 7.471572937937483e-05, 7.502920666115632e-05, 61.71893082110519], [1782923460, 7.502920666115632e-05, 7.502920666115632e-05, 7.42814170297046e-05, 7.42814170297046e-05, 0.7297672709720411], [1782925320, 7.42814170297046e-05, 7.42814170297046e-05, 7.354864086621714e-05, 7.354864086621714e-05, 7.127245287902528], [1782925380, 7.354864086621714e-05, 7.354864086621714e-05, 7.350898920873134e-05, 7.350898920873134e-05, 7.404005408159461], [1782925440, 7.350898920873134e-05, 7.350898920873134e-05, 7.315668832016698e-05, 7.315668832016698e-05, 32.66367828012657], [1782925980, 7.315668832016698e-05, 7.315668832016698e-05, 7.247231667766968e-05, 7.247231667766968e-05, 63.536935374188246], [1782926640, 7.247231667766968e-05, 7.310301929164061e-05, 7.247231667766968e-05, 7.310301929164061e-05, 4.882450503777363], [1782926700, 7.310301929164061e-05, 7.310301929164061e-05, 7.281814247894644e-05, 7.281814247894644e-05, 50.55808662932425], [1782927600, 7.281814247894644e-05, 7.281814247894644e-05, 7.223638678279509e-05, 7.223638678279509e-05, 24.773799378194465], [1782927780, 7.223638678279509e-05, 7.223638678279509e-05, 7.018998398546925e-05, 7.018998398546925e-05, 257.9532673411157], [1782928200, 7.018998398546925e-05, 7.018998398546925e-05, 6.918968701864955e-05, 6.918968701864955e-05, 88.21879053875773], [1782928920, 6.918968701864955e-05, 6.944825082958138e-05, 5.424910406973519e-05, 5.424910406973519e-05, 1558.5079288014012], [1782928980, 5.424910406973519e-05, 6.0170379124680165e-05, 5.024879317371602e-05, 5.8159428705551605e-05, 3316.496391164768], [1782929040, 5.8159428705551605e-05, 6.606280677837244e-05, 5.08157181437633e-05, 6.606280677837244e-05, 2999.874760944135], [1782929220, 6.606280677837244e-05, 7.837724081547962e-05, 6.606280677837244e-05, 7.837724081547962e-05, 976.0162931188627], [1782929400, 7.837724081547962e-05, 8.175880675816434e-05, 7.837724081547962e-05, 8.175880675816434e-05, 18.01166198203659], [1782929640, 8.175880675816434e-05, 8.24873483632942e-05, 8.175880675816434e-05, 8.24873483632942e-05, 109.50556528529181], [1782929700, 8.24873483632942e-05, 8.24873483632942e-05, 7.100172921562643e-05, 7.100172921562643e-05, 913.8904637657661], [1782930000, 7.100172921562643e-05, 7.100172921562643e-05, 7.020289233820249e-05, 7.020289233820249e-05, 44.748632060476645], [1782930060, 7.020289233820249e-05, 7.020289233820249e-05, 6.945571390137589e-05, 6.945571390137589e-05, 48.381574153834116], [1782931080, 6.945571390137589e-05, 6.988273154753435e-05, 6.945571390137589e-05, 6.988273154753435e-05, 99.01442551653773], [1782931200, 6.988273154753435e-05, 7.155040381397128e-05, 6.988273154753435e-05, 7.155040381397128e-05, 143.5560557780911], [1782931920, 7.155040381397128e-05, 7.168707389446038e-05, 7.062330758496671e-05, 7.062330758496671e-05, 157.18389121747003], [1782932640, 7.062330758496671e-05, 7.062330758496671e-05, 7.019889306852618e-05, 7.019889306852618e-05, 0.9772056453510231], [1782932700, 7.019889306852618e-05, 7.019889306852618e-05, 6.913366151570383e-05, 6.913366151570383e-05, 83.7035639469384], [1782932820, 6.913366151570383e-05, 6.98490059646569e-05, 6.913366151570383e-05, 6.98490059646569e-05, 115.15624637118056], [1782933420, 6.98490059646569e-05, 7.031115645679286e-05, 6.98490059646569e-05, 7.005873799449413e-05, 37.58327069012154], [1782933480, 7.005873799449413e-05, 7.373257704148464e-05, 7.005873799449413e-05, 7.373257704148464e-05, 301.1342713594627], [1782933720, 7.373257704148464e-05, 7.373257704148464e-05, 7.195496607584169e-05, 7.195496607584169e-05, 310.94443877114014], [1782933840, 7.195496607584169e-05, 7.195496607584169e-05, 7.08665612476368e-05, 7.08665612476368e-05, 150.24178508029874], [1782934140, 7.08665612476368e-05, 7.189806016256426e-05, 7.08665612476368e-05, 7.189806016256426e-05, 22.695226305154602], [1782934620, 7.189806016256426e-05, 7.673473227384333e-05, 7.189806016256426e-05, 7.673473227384333e-05, 337.402625396476], [1782935220, 7.673473227384333e-05, 7.673473227384333e-05, 7.661605411150862e-05, 7.661605411150862e-05, 7.716956594011458], [1782936240, 7.661605411150862e-05, 7.916339084059234e-05, 7.661605411150862e-05, 7.916339084059234e-05, 264.4729669096774], [1782940860, 7.916339084059234e-05, 7.948407662987673e-05, 7.916339084059234e-05, 7.948407662987673e-05, 51.32295791937196], [1782941160, 7.948407662987673e-05, 7.948407662987673e-05, 7.895246600863759e-05, 7.895246600863759e-05, 14.541095912551485], [1782941580, 7.895246600863759e-05, 8.533564316016992e-05, 7.895246600863759e-05, 8.533564316016992e-05, 473.88058980888826]]}