{"pair": "3pHEkB3RMMZCmso25KBEboniasrLCEuZqvkQWnYgqKPa", "n_bars": 125, "span": [1782842356.0, 1782944292.0], "bars": [[1782842400, 9.807445017385252e-05, 9.807445017385252e-05, 7.277205536390694e-05, 8.959983450600829e-05, 3013.050597664419], [1782842460, 8.959983450600829e-05, 9.426251246090243e-05, 8.76039680531669e-05, 8.808833952276108e-05, 1024.8939893434283], [1782842520, 8.808833952276108e-05, 9.570403953589568e-05, 7.741687535243953e-05, 7.741687535243953e-05, 2607.0574443758615], [1782842580, 7.741687535243953e-05, 8.230217348995863e-05, 6.049721921175767e-05, 7.296864238838887e-05, 3562.573450761679], [1782842640, 7.296864238838887e-05, 0.00011411575082852369, 7.296864238838887e-05, 0.0001079941588148274, 5048.897983926843], [1782842700, 0.0001079941588148274, 0.00012449042490439346, 9.988147045646723e-05, 0.00011844415601158221, 7515.600853519239], [1782842760, 0.00011844415601158221, 0.00014212327256804013, 9.914670066995996e-05, 0.00010484655305890354, 6073.783973128981], [1782842820, 0.00010484655305890354, 0.00011312401175257898, 0.0001039464408980899, 0.00010766303002835306, 2312.0631958668], [1782842880, 0.00010766303002835306, 0.00010777907279063958, 8.60232143505671e-05, 9.00838168898984e-05, 1889.94529689601], [1782842940, 9.00838168898984e-05, 9.749331340497334e-05, 7.4546477070715e-05, 8.439104152193927e-05, 3145.137716364731], [1782843000, 8.439104152193927e-05, 8.573192421520976e-05, 5.4577952855206206e-05, 5.8412501427966276e-05, 3910.8522950702986], [1782843060, 5.8412501427966276e-05, 6.0662045247005425e-05, 5.705265747514178e-05, 6.0441039548351986e-05, 1041.8057574194029], [1782843120, 6.0441039548351986e-05, 6.371739940384152e-05, 3.412998705058182e-05, 3.460221229230203e-05, 3182.4487997455217], [1782843180, 3.460221229230203e-05, 3.460221229230203e-05, 2.4286691031381908e-05, 2.7942776270874456e-05, 2255.762668903319], [1782843240, 2.7942776270874456e-05, 2.836536754494295e-05, 2.2696355215934298e-05, 2.29756831653033e-05, 1140.5185375156582], [1782843300, 2.29756831653033e-05, 2.29756831653033e-05, 1.9765393869207165e-05, 2.0037549934332926e-05, 380.52666936303416], [1782843360, 2.0037549934332926e-05, 2.0617368483449827e-05, 1.8089768721439327e-05, 1.8472735835960342e-05, 570.396380316292], [1782843420, 1.8472735835960342e-05, 1.8964394292407426e-05, 1.5611947689110465e-05, 1.5611947689110465e-05, 532.583038457832], [1782843480, 1.5611947689110465e-05, 1.5615675657108206e-05, 1.0501927501155924e-05, 1.0648026006168583e-05, 1287.719174563483], [1782843540, 1.0648026006168583e-05, 1.0648026006168583e-05, 2.8938545380161385e-06, 2.9835704105820553e-06, 1895.6217552376756], [1782843600, 2.9835704105820553e-06, 4.147614246238387e-06, 2.9835704105820553e-06, 4.147614246238387e-06, 738.339356626685], [1782843660, 4.147614246238387e-06, 5.319995916341835e-06, 4.147614246238387e-06, 4.627631574517615e-06, 662.2696736021076], [1782843720, 4.627631574517615e-06, 4.627631574517615e-06, 4.1082464299943765e-06, 4.162560888527656e-06, 46.03808964612285], [1782843780, 4.162560888527656e-06, 4.185992969797848e-06, 3.95558827997195e-06, 3.95558827997195e-06, 89.64438510718556], [1782843840, 3.95558827997195e-06, 4.711031214118166e-06, 3.95558827997195e-06, 4.711031214118166e-06, 244.98304526030518], [1782843900, 4.711031214118166e-06, 4.82285649572004e-06, 4.63892498511044e-06, 4.665800224516505e-06, 51.57919206345842], [1782843960, 4.665800224516505e-06, 4.665800224516505e-06, 4.410573728511742e-06, 4.410573728511742e-06, 61.793665973390254], [1782844020, 4.410573728511742e-06, 4.410573728511742e-06, 4.39477326161998e-06, 4.39477326161998e-06, 0.20727907287355676], [1782844080, 4.39477326161998e-06, 4.39477326161998e-06, 3.7460395186943402e-06, 3.750933406171348e-06, 184.79647755217263], [1782844140, 3.750933406171348e-06, 3.750933406171348e-06, 3.5120441341917753e-06, 3.5120441341917753e-06, 56.9231439358696], [1782844200, 3.5120441341917753e-06, 3.5120441341917753e-06, 3.016733358580809e-06, 3.016733358580809e-06, 156.4545954320212], [1782844260, 3.016733358580809e-06, 3.0856116960041727e-06, 3.0089045348144864e-06, 3.0231934784352097e-06, 57.34221780255655], [1782844320, 3.0231934784352097e-06, 3.0231934784352097e-06, 2.9451468346775377e-06, 2.9451468346775377e-06, 31.72324143536632], [1782844380, 2.9451468346775377e-06, 2.9451468346775377e-06, 2.459099007490024e-06, 2.459099007490024e-06, 158.37687116250243], [1782844440, 2.459099007490024e-06, 2.635707711944791e-06, 2.459099007490024e-06, 2.635707711944791e-06, 107.35474585112738], [1782844620, 2.635707711944791e-06, 2.7409020434489243e-06, 2.635707711944791e-06, 2.7409020434489243e-06, 17.405444247427887], [1782844680, 2.7409020434489243e-06, 2.7409020434489243e-06, 2.637759715567207e-06, 2.637759715567207e-06, 24.0012888643129], [1782844740, 2.637759715567207e-06, 2.637759715567207e-06, 2.6155354905423696e-06, 2.6155354905423696e-06, 7.8688239033525065], [1782844800, 2.6155354905423696e-06, 2.6155354905423696e-06, 2.573796801734505e-06, 2.573796801734505e-06, 14.887230080738858], [1782844860, 2.573796801734505e-06, 2.573796801734505e-06, 2.5352133773201395e-06, 2.5352133773201395e-06, 13.769958151417473], [1782844920, 2.5352133773201395e-06, 2.5352133773201395e-06, 2.5189390241364187e-06, 2.5189390241364187e-06, 10.63774600417562], [1782844980, 2.5189390241364187e-06, 2.5189390241364187e-06, 2.42600393849651e-06, 2.42600393849651e-06, 34.96015496264393], [1782845040, 2.42600393849651e-06, 2.42600393849651e-06, 2.4120797380034056e-06, 2.4120797380034056e-06, 1.0659942919685783], [1782845100, 2.4120797380034056e-06, 2.4120797380034056e-06, 2.268482262016855e-06, 2.268482262016855e-06, 71.29068429594115], [1782845160, 2.268482262016855e-06, 2.268482262016855e-06, 2.192169956745085e-06, 2.192169956745085e-06, 14.088575714550293], [1782845220, 2.192169956745085e-06, 2.2190909463776205e-06, 2.180017907635015e-06, 2.180017907635015e-06, 10.327918599620858], [1782845280, 2.180017907635015e-06, 2.180017907635015e-06, 2.0965169345742434e-06, 2.0965169345742434e-06, 35.02997230898252], [1782845400, 2.0965169345742434e-06, 2.1554208654277757e-06, 1.9163937398772685e-06, 1.9163937398772685e-06, 140.20415874147335], [1782845520, 1.9163937398772685e-06, 1.9163937398772685e-06, 1.894454872425526e-06, 1.894454872425526e-06, 7.594087300961536], [1782845580, 1.894454872425526e-06, 1.9233394257938385e-06, 1.894454872425526e-06, 1.9233394257938385e-06, 7.2338782483196065], [1782845700, 1.9233394257938385e-06, 1.9233394257938385e-06, 1.90681998605448e-06, 1.90681998605448e-06, 0.04038748876013295], [1782845820, 1.90681998605448e-06, 1.90681998605448e-06, 1.8468685313660116e-06, 1.8468685313660116e-06, 42.635135321605745], [1782845940, 1.8468685313660116e-06, 1.8540612903113057e-06, 1.8382473048371782e-06, 1.8540612903113057e-06, 14.46601361811524], [1782846000, 1.8540612903113057e-06, 1.8540612903113057e-06, 1.8044451952762587e-06, 1.8044451952762587e-06, 20.522021450035467], [1782846060, 1.8044451952762587e-06, 1.8044451952762587e-06, 1.7887429734943691e-06, 1.7887429734943691e-06, 0.00928266029978044], [1782846120, 1.7887429734943691e-06, 1.7887429734943691e-06, 1.7865851984609831e-06, 1.7865851984609831e-06, 3.781204660600838], [1782846360, 1.7865851984609831e-06, 1.7865851984609831e-06, 1.776574861556485e-06, 1.776574861556485e-06, 1.9978093271262418], [1782846420, 1.776574861556485e-06, 1.8193923720440349e-06, 1.776574861556485e-06, 1.808375391132513e-06, 19.520856742217184], [1782846660, 1.808375391132513e-06, 1.8261625665150409e-06, 1.808375391132513e-06, 1.8261625665150409e-06, 2.9205233830661728], [1782846720, 1.8261625665150409e-06, 1.835215018134897e-06, 1.8261625665150409e-06, 1.835215018134897e-06, 3.9037347835966294], [1782846780, 1.835215018134897e-06, 2.1287974947252676e-06, 1.835215018134897e-06, 2.1287974947252676e-06, 146.6025687533295], [1782846840, 2.1287974947252676e-06, 2.200277465155044e-06, 1.8742780427999502e-06, 1.9850171304665624e-06, 143.14410918827195], [1782846900,