{"pair": "EBNUexqpB5WjKXJsfm3ruFt7zb7ZbXHZGR7YdhYuvuyy", "n_bars": 126, "span": [1782934052.0, 1782944705.0], "bars": [[1782934200, 0.0013261582662567023, 0.0013369426231686276, 0.0013221359062914446, 0.0013369426231686276, 118.31550355156244], [1782934260, 0.0013369426231686276, 0.0013369426231686276, 0.001320557548543067, 0.001335980586372621, 248.74908643847832], [1782934320, 0.001335980586372621, 0.001335980586372621, 0.0013185747170128825, 0.0013185747170128825, 183.92513536157244], [1782934380, 0.0013185747170128825, 0.0013216546515284913, 0.001305238361423409, 0.001305238361423409, 304.87705674662413], [1782934440, 0.001305238361423409, 0.001305238361423409, 0.001303916628961294, 0.001303916628961294, 1.0598066076717265], [1782934560, 0.001303916628961294, 0.0013761745073921888, 0.001303916628961294, 0.0013761745073921888, 1556.650700267951], [1782934620, 0.0013761745073921888, 0.0013761745073921888, 0.0013574745250913183, 0.0013574745250913183, 197.0107172686953], [1782934680, 0.0013574745250913183, 0.0013897320994301758, 0.0013574745250913183, 0.0013897320994301758, 834.9808491459085], [1782934800, 0.0013897320994301758, 0.0014086759957462986, 0.0013897320994301758, 0.0013923849851123471, 94.37598751323478], [1782934860, 0.0013923849851123471, 0.0014045122028737078, 0.001376590277653959, 0.001376590277653959, 438.6390121158446], [1782934920, 0.001376590277653959, 0.001395059112859958, 0.001376590277653959, 0.0013950386028865954, 390.93850910962044], [1782934980, 0.0013950386028865954, 0.0014162931204647394, 0.0013950386028865954, 0.0014162931204647394, 545.3823053633823], [1782935040, 0.0014162931204647394, 0.0014162931204647394, 0.0013971865948932995, 0.0014017580642710086, 80.05878874296486], [1782935100, 0.0014017580642710086, 0.0014017580642710086, 0.0013180447566826013, 0.0013300593089788178, 2560.719697039111], [1782935160, 0.0013300593089788178, 0.0013346168203943176, 0.00131672661643541, 0.0013346168203943176, 124.98488669035706], [1782935220, 0.0013346168203943176, 0.001341291365033132, 0.0013319420239006304, 0.0013319420239006304, 255.5649111152402], [1782935280, 0.0013319420239006304, 0.0013319420239006304, 0.00129646191660472, 0.00129646191660472, 1207.3559565313776], [1782935400, 0.00129646191660472, 0.001309048831850377, 0.00129646191660472, 0.001309048831850377, 158.26876870845848], [1782935460, 0.001309048831850377, 0.0013109059051522422, 0.0012965833211707497, 0.0012965833211707497, 77.77938409241375], [1782935520, 0.0012965833211707497, 0.0013087373994953152, 0.001235401218141692, 0.0012493559991224523, 2332.05563850696], [1782935580, 0.0012493559991224523, 0.0012521836483207886, 0.001185361007212595, 0.0012230077057634081, 2981.641997040259], [1782935640, 0.0012230077057634081, 0.0012230077057634081, 0.0011935341731493005, 0.0012059920814454581, 506.80099063105195], [1782935700, 0.0012059920814454581, 0.0012071547242989663, 0.0011944190810363343, 0.0012071547242989663, 147.40378112275647], [1782935820, 0.0012071547242989663, 0.0012092581255451302, 0.0012069781280923063, 0.0012092581255451302, 147.83270190773987], [1782935880, 0.0012092581255451302, 0.001216523004002661, 0.001196849424415189, 0.001196849424415189, 624.2782301023287], [1782936000, 0.001196849424415189, 0.0012109085321721379, 0.0011906760239401386, 0.0011906760239401386, 275.27306948479736], [1782936060, 0.0011906760239401386, 0.0012180943666765226, 0.0011906760239401386, 0.001203663036347339, 603.2599656626966], [1782936120, 0.001203663036347339, 0.0012153194823701348, 0.0012002556848732437, 0.0012002556848732437, 51.09619645290378], [1782936180, 0.0012002556848732437, 0.0012123497623255975, 0.0011970729786005563, 0.0011970729786005563, 385.7474320762895], [1782936300, 0.0011970729786005563, 0.0012151094548556443, 0.0011970729786005563, 0.0012151094548556443, 275.7546275952259], [1782936360, 0.0012151094548556443, 0.001220368273990741, 0.0011981631024449353, 0.001220368273990741, 740.8951301496243], [1782936420, 0.001220368273990741, 0.001220368273990741, 0.0012046871882197873, 0.0012051402719438593, 183.0417358580049], [1782936720, 0.0012051402719438593, 0.0012133179282649354, 0.0012010435704318792, 0.0012133179282649354, 67.61541324081615], [1782936780, 0.0012133179282649354, 0.0012133179282649354, 0.0011849049833305744, 0.0011849049833305744, 419.0648661915629], [1782936840, 0.0011849049833305744, 0.00119738510668395, 0.0011847183783740534, 0.00119738510668395, 34.198682772029166], [1782937020, 0.00119738510668395, 0.00119738510668395, 0.0011967312682687485, 0.0011967312682687485, 76.07074165304714], [1782937080, 0.0011967312682687485, 0.0011978271835474921, 0.0011836942380162778, 0.0011978271835474921, 47.57780803370773], [1782937140, 0.0011978271835474921, 0.0011978271835474921, 0.0011768739733419833, 0.0011910185008055217, 355.0893038635531], [1782937200, 0.0011910185008055217, 0.0011910185008055217, 0.0011762745744148344, 0.0011847400699810206, 261.87074940066367], [1782937260, 0.0011847400699810206, 0.0011868625969356, 0.0011847400699810206, 0.0011868625969356, 7.600677662353777], [1782937380, 0.0011868625969356, 0.0011873235297307854, 0.0011624441497600686, 0.001165997194053065, 652.0690026617658], [1782937620, 0.001165997194053065, 0.0011694800144224158, 0.001165997194053065, 0.0011694800144224158, 38.2166475666097], [1782937800, 0.0011694800144224158, 0.0011694800144224158, 0.0011563459322476725, 0.0011563459322476725, 43.95634637091176], [1782937980, 0.0011563459322476725, 0.0011563459322476725, 0.0011483694320150273, 0.0011483694320150273, 411.52444887089115], [1782938040, 0.0011483694320150273, 0.001161145035589362, 0.0011483694320150273, 0.001161145035589362, 340.2173595217952], [1782938100, 0.001161145035589362, 0.001161145035589362, 0.0011323043861492315, 0.0011362344022540626, 986.264347219372], [1782938160, 0.0011362344022540626, 0.0011384308804800627, 0.0011245240683299884, 0.0011384308804800627, 7.340804916039393], [1782938220, 0.0011384308804800627, 0.0011418004969558327, 0.001123088227745394, 0.0011418004969558327, 360.92315409849425], [1782938280, 0.0011418004969558327, 0.0011418004969558327, 0.0011284981189437031, 0.0011293621065039767, 1.4450429407261887], [1782938340, 0.0011293621065039767, 0.0011293621065039767, 0.0011183792921637837, 0.0011239662791000535, 663.6615824762434], [1782938400, 0.0011239662791000535, 0.001126583918039855, 0.0011112031275563787, 0.0011234559611677814, 137.5519059941252], [1782938460, 0.0011234559611677814, 0.0011234559611677814, 0.0011214678383682046, 0.0011214678383682046, 1.8272087243516104], [1782938520, 0.0011214678383682046, 0.0011214678383682046, 0.001120276068374974, 0.001121420470822036, 2.663170402230449], [1782938580, 0.001121420470822036, 0.0011355271146037073, 0.0011192382230446973, 0.0011355271146037073, 968.1417528315019], [1782938640, 0.0011355271146037073, 0.0011445316782639286, 0.00112694414545227, 0.00112694414545227, 245.5820311433082], [1782938700, 0.00112694414545227, 0.0011455095745472371, 0.0011226446329679453, 0.0011455095745472371, 283.86161867625947], [1782938760, 0.0011455095745472371, 0.0011455095745472371, 0.0011264161125969251, 0.0011342210598033107, 286.7131102926873], [1782938820, 0.0011342210598033107, 0.001135248621160852, 0.0011027142323026247, 0.0011027142323026247, 892.2512304760234], [1782938880, 0.0011027142323026247, 0.001106904460623129, 0.0010931949188195448, 0.0011064963300489933, 54.75683089264923], [1782938940, 0.0011064963300489933, 0.0011445851070772531, 0.0011064963300489933, 0.0011445851070772531, 1015.1490863127812], [1782939000, 0.0011445851070772531, 0.0011773280885598479, 0.0011443566987777516, 0.0011637086027029367, 884.4358848667778], [1782939060, 0.0011637086027029367, 0.0011773691292770322, 0.001162484818339759, 0.001162484818339759, 85.13473047926412], [1782939120, 0.001162484818339759, 0.001162484818339759, 0.0011608812730369397, 0.0011608812730369397, 24.78134808784597], [1782939180, 0.0011608812730369397, 0.0011608812730369397, 