{"pair": "7a2DnDLCfMVVa9PFbCREfvcwgN85vLVpFwd5YiPXd3wr", "n_bars": 126, "span": [1782929799.0, 1782949430.0], "bars": [[1782929820, 0.00013252445344316474, 0.00013627521049087372, 0.00012330912238929533, 0.0001344754759286084, 3215.7449829016027], [1782929880, 0.0001344754759286084, 0.00013617208159748758, 0.0001069339620172414, 0.00010721911469485075, 4369.505305936585], [1782929940, 0.00010721911469485075, 0.00011533857359784617, 0.00010721911469485075, 0.00011027328054955531, 1569.1202121394504], [1782930000, 0.00011027328054955531, 0.00011332452147563133, 0.00010882016618797941, 0.0001109955592812283, 450.49058096864576], [1782930060, 0.0001109955592812283, 0.0001132441958700035, 9.238538516201191e-05, 9.238538516201191e-05, 1686.210129328105], [1782930120, 9.238538516201191e-05, 0.00010300477145116019, 9.238538516201191e-05, 0.00010300477145116019, 1145.6925913626324], [1782930180, 0.00010300477145116019, 0.00010315471835543367, 9.690426825865736e-05, 9.973348844662383e-05, 701.6449484143329], [1782930240, 9.973348844662383e-05, 9.996423754655246e-05, 8.392846651424748e-05, 8.411329228258e-05, 1082.1397050391085], [1782930300, 8.411329228258e-05, 8.745886626195612e-05, 7.572115397690268e-05, 7.652138031499774e-05, 984.7252343800016], [1782930360, 7.652138031499774e-05, 7.749309621838693e-05, 7.486629133486002e-05, 7.543969868062903e-05, 487.5015123712312], [1782930420, 7.543969868062903e-05, 7.895536737224018e-05, 7.543969868062903e-05, 7.588548664531467e-05, 540.0926317496196], [1782930480, 7.588548664531467e-05, 8.562894554108267e-05, 7.362280342733298e-05, 8.439558279032874e-05, 789.7325890161142], [1782930540, 8.439558279032874e-05, 0.00011223194487671896, 8.371983176820033e-05, 0.00010877573004120117, 2199.132772525707], [1782930600, 0.00010877573004120117, 0.00011590465628331729, 0.00010843637776613004, 0.00011331635361345069, 762.0949657005964], [1782930660, 0.00011331635361345069, 0.00011469190327096711, 0.00011066091282056382, 0.00011066091282056382, 490.26559077969597], [1782930720, 0.00011066091282056382, 0.00011147844255451714, 0.00010800427500119395, 0.00010948571680916377, 233.4713555786296], [1782930780, 0.00010948571680916377, 0.00010962486258067317, 9.036965182218797e-05, 9.036965182218797e-05, 1351.8685135517478], [1782930840, 9.036965182218797e-05, 9.036965182218797e-05, 8.681762664919694e-05, 8.827895155886288e-05, 329.8580764819923], [1782930900, 8.827895155886288e-05, 9.081688600345599e-05, 8.694382689025243e-05, 8.760295621060017e-05, 377.69023659560713], [1782930960, 8.760295621060017e-05, 9.125905246299565e-05, 8.737649606370427e-05, 9.125905246299565e-05, 354.71485118555665], [1782931020, 9.125905246299565e-05, 9.159375725305046e-05, 8.939323725133543e-05, 9.139614163355229e-05, 120.20028468984233], [1782931080, 9.139614163355229e-05, 9.167634404987008e-05, 8.663201876367519e-05, 8.663201876367519e-05, 293.75620463703876], [1782931140, 8.663201876367519e-05, 8.663201876367519e-05, 7.670029661062616e-05, 7.81701056398606e-05, 812.2394316782173], [1782931200, 7.81701056398606e-05, 8.566325231461752e-05, 7.81701056398606e-05, 8.566325231461752e-05, 437.1348990999649], [1782931260, 8.566325231461752e-05, 8.636371507641086e-05, 8.443316126098411e-05, 8.528541348055739e-05, 140.97566479361294], [1782931320, 8.528541348055739e-05, 8.698684429777001e-05, 8.521953143609661e-05, 8.655720128106605e-05, 182.29328538430042], [1782931380, 8.655720128106605e-05, 9.030332978200931e-05, 8.655720128106605e-05, 9.030332978200931e-05, 315.7864197784846], [1782931440, 9.030332978200931e-05, 9.784430633426952e-05, 8.950365719395265e-05, 9.784430633426952e-05, 789.3731414667594], [1782931500, 9.784430633426952e-05, 0.00010206308535567338, 9.541479543161969e-05, 9.90150550125805e-05, 1134.7198612872535], [1782931560, 9.90150550125805e-05, 0.0001082598439576053, 9.90150550125805e-05, 0.00010293250886708563, 1964.2776830698062], [1782931620, 0.00010293250886708563, 0.00010371665283334952, 9.613133377292917e-05, 9.631977449370391e-05, 567.164061657362], [1782931680, 9.631977449370391e-05, 0.00011172965168603268, 9.587193845363582e-05, 0.00011063600342696554, 1274.964905683388], [1782931740, 0.00011063600342696554, 0.00011141672225254376, 0.00010728662549082912, 0.00010728662549082912, 297.3603491817679], [1782931800, 0.00010728662549082912, 0.00010728662549082912, 9.781564245975969e-05, 9.920639784492077e-05, 573.5821738150903], [1782931860, 9.920639784492077e-05, 0.00010007989707730732, 9.82892394704737e-05, 0.00010007989707730732, 80.89542965454585], [1782931920, 0.00010007989707730732, 0.00011258743480555118, 9.882288350756023e-05, 0.00011258743480555118, 1303.4052478468384], [1782931980, 0.00011258743480555118, 0.0001269509830945787, 0.00010878851118631091, 0.00010878851118631091, 2057.2476736223284], [1782932040, 0.00010878851118631091, 0.00011100768536101206, 0.00010832198291293969, 0.00010832198291293969, 210.24272193590016], [1782932100, 0.00010832198291293969, 0.00011237948943054216, 0.00010832198291293969, 0.00010959200300348614, 357.04381539641025], [1782932160, 0.00010959200300348614, 0.00010959200300348614, 9.328169142642206e-05, 9.438982963195067e-05, 2031.0237521176746], [1782932220, 9.438982963195067e-05, 0.00011975026733329371, 9.108414383447533e-05, 0.00010779707453695834, 4244.671256873851], [1782932280, 0.00010779707453695834, 0.00012298687994666401, 0.00010653960373606707, 0.000108504680879093, 3254.1932272398744], [1782932340, 0.000108504680879093, 0.00011606812865584002, 0.000108504680879093, 0.00010982724117587597, 774.47929754098], [1782932400, 0.00010982724117587597, 0.0001115233520964974, 0.00010301542095685972, 0.00010301542095685972, 551.2329627705774], [1782932460, 0.00010301542095685972, 0.00010301542095685972, 9.989594796176321e-05, 0.00010016104605632357, 192.4445687897502], [1782932520, 0.00010016104605632357, 0.00010207877444201207, 9.550329917462443e-05, 9.6828531486143e-05, 404.672818246659], [1782932580, 9.6828531486143e-05, 9.764552532668477e-05, 9.380548550525553e-05, 9.465779849113739e-05, 285.1896800319495], [1782932640, 9.465779849113739e-05, 9.555035604207101e-05, 9.407099268992451e-05, 9.555035604207101e-05, 40.27498099140062], [1782932700, 9.555035604207101e-05, 9.555035604207101e-05, 6.758654397986094e-05, 6.893522638089742e-05, 2376.953218996885], [1782932760, 6.893522638089742e-05, 7.036410758701255e-05, 3.606717196031807e-05, 3.606717196031807e-05, 3334.1697426971186], [1782932820, 3.606717196031807e-05, 4.4282956813749515e-05, 3.079592938404458e-05, 4.4282956813749515e-05, 1916.7850931587855], [1782932880, 4.4282956813749515e-05, 4.474256466156581e-05, 3.754159698864408e-05, 3.9296771222002145e-05, 824.72232370227], [1782932940, 3.9296771222002145e-05, 3.9296771222002145e-05, 3.673236834698733e-05, 3.7156095542250484e-05, 299.78524053273776], [1782933000, 3.7156095542250484e-05, 3.8598645820136124e-05, 3.6948043031576396e-05, 3.751537499817783e-05, 279.85981181267744], [1782933060, 3.751537499817783e-05, 3.751537499817783e-05, 2.8760653423074003e-05, 2.8760653423074003e-05, 911.0129531477908], [1782933120, 2.8760653423074003e-05, 2.8760653423074003e-05, 2.770522115488924e-05, 2.770522115488924e-05, 120.57160612611084], [1782933180, 2.770522115488924e-05, 2.7835631360493343e-05, 2.3887267558355195e-05, 2.3887267558355195e-05, 465.3341542500957], [1782933240, 2.3887267558355195e-05, 2.3887267558355195e-05, 2.179000216195417e-05, 2.179000216195417e-05, 494.8763271726896], [1782933300, 2.179000216195417e-05, 2.4583992811193606e-05, 2.179000216195417e-05, 2.3085610145110576e-05, 559.6798994502205], [1782933360, 2.3085610145110576e-05, 2.3085610145110576e-05, 2.021560777231248e-05, 2.021560777231248e-05, 600.255101093722], [1782933420, 2.021560777231248e-05, 2.021560777231248e-05, 1.9459144632548787e-05, 1.9459144632548787e-05, 104.48289899094249], [1782933480, 1.9459144632548787e-05, 1.9459144632548787e-05, 1.9145193620558423e-05, 1.9145193620558423e-05, 49.93627689359733], [1782933540, 