{"pair": "CKB2oH5RWERUvNZHGxBGGs5mPMSofRxHgCz7MtAfyXQX", "n_bars": 138, "span": [1782929792.0, 1782946345.0], "bars": [[1782929820, 3.389119644334512e-05, 3.389119644334512e-05, 3.3381759525127516e-05, 3.3381759525127516e-05, 46.19390911086697], [1782929880, 3.3381759525127516e-05, 3.3756791760450944e-05, 3.3381759525127516e-05, 3.3756791760450944e-05, 31.275960294457583], [1782930120, 3.3756791760450944e-05, 3.425631911613326e-05, 3.343404839830017e-05, 3.425631911613326e-05, 113.51209905882928], [1782930240, 3.425631911613326e-05, 3.470392308875166e-05, 3.425631911613326e-05, 3.470392308875166e-05, 14.02587724082562], [1782930300, 3.470392308875166e-05, 3.493234152636956e-05, 3.470392308875166e-05, 3.493234152636956e-05, 50.95854693346426], [1782930720, 3.493234152636956e-05, 3.493234152636956e-05, 3.445133319425686e-05, 3.445133319425686e-05, 61.46994583970467], [1782930780, 3.445133319425686e-05, 3.445133319425686e-05, 3.4126232790061104e-05, 3.4126232790061104e-05, 30.56086328017611], [1782930840, 3.4126232790061104e-05, 3.4126232790061104e-05, 3.370908971537535e-05, 3.370908971537535e-05, 87.88968807047507], [1782930900, 3.370908971537535e-05, 3.4039488094663954e-05, 3.370908971537535e-05, 3.4039488094663954e-05, 59.37425059002218], [1782930960, 3.4039488094663954e-05, 3.479152778407347e-05, 3.4039488094663954e-05, 3.479152778407347e-05, 153.5284252223403], [1782931020, 3.479152778407347e-05, 3.549649867560617e-05, 3.479152778407347e-05, 3.549649867560617e-05, 47.09621535356427], [1782931140, 3.549649867560617e-05, 3.584833857845764e-05, 3.549649867560617e-05, 3.584833857845764e-05, 49.984849347856986], [1782931200, 3.584833857845764e-05, 3.584833857845764e-05, 3.5393155570587396e-05, 3.5393155570587396e-05, 49.359304312592634], [1782931260, 3.5393155570587396e-05, 3.590048821654181e-05, 3.5393155570587396e-05, 3.590048821654181e-05, 36.02425369805516], [1782931380, 3.590048821654181e-05, 3.590048821654181e-05, 3.5292076288482496e-05, 3.5292076288482496e-05, 49.84262637732622], [1782931500, 3.5292076288482496e-05, 3.5698421494922524e-05, 3.5292076288482496e-05, 3.5698421494922524e-05, 36.964198319309084], [1782931560, 3.5698421494922524e-05, 3.5919106671722514e-05, 3.5698421494922524e-05, 3.5919106671722514e-05, 24.56696028181975], [1782931620, 3.5919106671722514e-05, 3.618412192232623e-05, 3.5919106671722514e-05, 3.618412192232623e-05, 49.06745781258438], [1782931680, 3.618412192232623e-05, 3.776473877796487e-05, 3.618412192232623e-05, 3.776473877796487e-05, 380.2102443082003], [1782931860, 3.776473877796487e-05, 3.915577101187542e-05, 3.776473877796487e-05, 3.915577101187542e-05, 105.92475590817], [1782932100, 3.915577101187542e-05, 3.915577101187542e-05, 3.855790160626377e-05, 3.855790160626377e-05, 51.99580417561484], [1782932460, 3.855790160626377e-05, 3.876196216116435e-05, 3.855790160626377e-05, 3.876196216116435e-05, 0.9803968006717737], [1782933000, 3.876196216116435e-05, 3.876196216116435e-05, 3.5851886153863396e-05, 3.5851886153863396e-05, 618.9622110038035], [1782933120, 3.5851886153863396e-05, 3.5851886153863396e-05, 3.432070858745509e-05, 3.432070858745509e-05, 29.617668356534033], [1782933240, 3.432070858745509e-05, 3.432070858745509e-05, 3.372634374035135e-05, 3.372634374035135e-05, 75.76773668663425], [1782933360, 3.372634374035135e-05, 3.3848534445929e-05, 2.8834686734796618e-05, 2.913291599931885e-05, 1151.8854919670705], [1782933420, 2.913291599931885e-05, 2.913291599931885e-05, 2.8631686277420282e-05, 2.8631686277420282e-05, 79.26220973244767], [1782933480, 2.8631686277420282e-05, 2.8766001527499815e-05, 2.8631686277420282e-05, 2.8766001527499815e-05, 7.418078878692822], [1782933540, 2.8766001527499815e-05, 2.8766001527499815e-05, 2.8391645028225358e-05, 2.8391645028225358e-05, 10.84127944552131], [1782933720, 2.8391645028225358e-05, 2.8877229689228942e-05, 2.8391645028225358e-05, 2.8877229689228942e-05, 47.87551626202701], [1782933780, 2.8877229689228942e-05, 2.9028667828375016e-05, 2.8877229689228942e-05, 2.9028667828375016e-05, 0.1792183223696697], [1782933840, 2.9028667828375016e-05, 2.9028667828375016e-05, 2.6881546705196805e-05, 2.7231605374468044e-05, 287.33554411985307], [1782933960, 2.7231605374468044e-05, 2.7231605374468044e-05, 2.580739659954858e-05, 2.580739659954858e-05, 305.80554138194174], [1782934020, 2.580739659954858e-05, 2.580739659954858e-05, 2.50545066032674e-05, 2.50545066032674e-05, 13.293272694062582], [1782934140, 2.50545066032674e-05, 2.50545066032674e-05, 2.4604079192765816e-05, 2.4604079192765816e-05, 143.650757676459], [1782934200, 2.4604079192765816e-05, 2.4604079192765816e-05, 2.4504817180981538e-05, 2.4504817180981538e-05, 3.801146271019915], [1782934260, 2.4504817180981538e-05, 2.4504817180981538e-05, 2.4194292528995567e-05, 2.4194292528995567e-05, 2.4300495873144525], [1782934440, 2.4194292528995567e-05, 2.4194292528995567e-05, 2.418482591996924e-05, 2.418482591996924e-05, 0.5440963830678085], [1782934500, 2.418482591996924e-05, 2.4545581390999613e-05, 2.418482591996924e-05, 2.4545581390999613e-05, 13.017141208647278], [1782934560, 2.4545581390999613e-05, 2.5072188894525188e-05, 2.4545581390999613e-05, 2.4939266359613974e-05, 135.64182375033997], [1782934620, 2.4939266359613974e-05, 2.5420805539617056e-05, 2.4939266359613974e-05, 2.5420805539617056e-05, 68.59170530748844], [1782934680, 2.5420805539617056e-05, 2.5862845258047804e-05, 2.5420805539617056e-05, 2.5862845258047804e-05, 75.87577436525862], [1782934740, 2.5862845258047804e-05, 2.6610090376917627e-05, 2.5862845258047804e-05, 2.6610090376917627e-05, 103.35621290655628], [1782934800, 2.6610090376917627e-05, 2.6740492558304268e-05, 2.6610090376917627e-05, 2.6740492558304268e-05, 1.713605136500666], [1782934860, 2.6740492558304268e-05, 2.704076875879368e-05, 2.6740492558304268e-05, 2.704076875879368e-05, 57.01435549306438], [1782934920, 2.704076875879368e-05, 2.7159475464406564e-05, 2.704076875879368e-05, 2.7159475464406564e-05, 19.600218892526716], [1782934980, 2.7159475464406564e-05, 2.722822650727226e-05, 2.686655958431386e-05, 2.722822650727226e-05, 6.617652908448826], [1782935160, 2.722822650727226e-05, 2.722822650727226e-05, 2.66612041547971e-05, 2.66612041547971e-05, 75.8209580731118], [1782935220, 2.66612041547971e-05, 2.693751306460234e-05, 2.66612041547971e-05, 2.693751306460234e-05, 53.32370748059532], [1782935280, 2.693751306460234e-05, 2.693751306460234e-05, 2.670293205190819e-05, 2.670293205190819e-05, 16.403779944902183], [1782935340, 2.670293205190819e-05, 2.670293205190819e-05, 2.640834518655818e-05, 2.640834518655818e-05, 44.120440421732404], [1782935400, 2.640834518655818e-05, 2.67490375663886e-05, 2.640834518655818e-05, 2.67490375663886e-05, 9.804070665534764], [1782935580, 2.67490375663886e-05, 2.67490375663886e-05, 2.481186873396427e-05, 2.481186873396427e-05, 353.8339650582948], [1782935640, 2.481186873396427e-05, 2.481186873396427e-05, 2.4759550274341265e-05, 2.4759550274341265e-05, 53.22325282552503], [1782935700, 2.4759550274341265e-05, 2.536485531573236e-05, 2.4759550274341265e-05, 2.536485531573236e-05, 75.09121585507764], [1782935760, 2.536485531573236e-05, 2.536485531573236e-05, 2.2631632225066774e-05, 2.283133881455979e-05, 540.4616026494092], [1782935940, 2.283133881455979e-05, 2.283133881455979e-05, 2.2672164506490328e-05, 2.2672164506490328e-05, 3.4069920680092416], [1782936000, 2.2672164506490328e-05, 2.3064179804180508e-05, 2.2672164506490328e-05, 2.3064179804180508e-05, 37.9531935665311], [1782936060, 2.3064179804180508e-05, 2.3210794523907745e-05, 2.3064179804180508e-05, 2.3210794523907745e-05, 12.90103049299497], [1782936180, 2.3210794523907745e-05, 2.3210794523907745e-05, 2.283913069271465e-05, 2.283913069271465e-05, 39.244795096955706], [1782936540, 2.283913069271465e-05, 2.283913069271465e-05, 2.2486911021105666e-05, 2.2486911021105666e-05, 83.47526637893505], [1782936600, 2.2486911021105666e-05, 2.2486911021105666e-05, 2.1758756242744564e-05, 2.1758756242744564e-05, 173.38347944901568], 