{"pair": "9fdFYnW6pBCE6b9CjnJwdp6RJG3cEfRuf8rcJcP5nyUR", "n_bars": 143, "span": [1782932580.0, 1782946304.0], "bars": [[1782932580, 5.5530712401312114e-05, 5.5530712401312114e-05, 5.28332109542523e-05, 5.438378378913869e-05, 254.5312168294068], [1782932640, 5.438378378913869e-05, 6.18867039612012e-05, 5.438378378913869e-05, 6.099487726191043e-05, 857.5403177802948], [1782932700, 6.099487726191043e-05, 6.099487726191043e-05, 6.000544500871449e-05, 6.000544500871449e-05, 59.8575707721417], [1782932760, 6.000544500871449e-05, 6.152195856651521e-05, 5.9947459672770246e-05, 6.152195856651521e-05, 92.6383652567924], [1782932820, 6.152195856651521e-05, 6.308100419527235e-05, 6.084639318880127e-05, 6.084639318880127e-05, 457.1201873733955], [1782932940, 6.084639318880127e-05, 6.084639318880127e-05, 5.9075070753458715e-05, 6.023435272886487e-05, 204.72049932566682], [1782933120, 6.023435272886487e-05, 6.023435272886487e-05, 5.929654023753914e-05, 5.929654023753914e-05, 2.511869651493497], [1782933180, 5.929654023753914e-05, 5.929654023753914e-05, 5.8966560130198426e-05, 5.8966560130198426e-05, 47.229656501795006], [1782933240, 5.8966560130198426e-05, 5.8966560130198426e-05, 5.8453865901345144e-05, 5.8453865901345144e-05, 25.04119745101622], [1782933300, 5.8453865901345144e-05, 5.948369037586295e-05, 5.8453865901345144e-05, 5.948369037586295e-05, 32.47866862306246], [1782933420, 5.948369037586295e-05, 5.948369037586295e-05, 5.841095158581043e-05, 5.841095158581043e-05, 61.229024449430476], [1782933600, 5.841095158581043e-05, 5.841095158581043e-05, 5.660936949347195e-05, 5.7442715053886846e-05, 146.77345258930194], [1782933780, 5.7442715053886846e-05, 5.7442715053886846e-05, 5.634938393657949e-05, 5.634938393657949e-05, 3.263940487640715], [1782933900, 5.634938393657949e-05, 5.634938393657949e-05, 5.606046643427289e-05, 5.606046643427289e-05, 33.003111120242764], [1782933960, 5.606046643427289e-05, 5.606046643427289e-05, 5.560368230549199e-05, 5.560368230549199e-05, 19.26182052730716], [1782934080, 5.560368230549199e-05, 5.560368230549199e-05, 5.556276089668386e-05, 5.556276089668386e-05, 2.4277795723074505], [1782934140, 5.556276089668386e-05, 6.12386261723788e-05, 5.539200289682474e-05, 6.12386261723788e-05, 566.4754033559881], [1782934200, 6.12386261723788e-05, 6.163503136743109e-05, 6.12386261723788e-05, 6.163503136743109e-05, 15.149502472531218], [1782934260, 6.163503136743109e-05, 6.163503136743109e-05, 6.090318442908447e-05, 6.090318442908447e-05, 2.5432098914261627], [1782934320, 6.090318442908447e-05, 6.090318442908447e-05, 6.0841090165072615e-05, 6.0841090165072615e-05, 3.918902805389587], [1782934440, 6.0841090165072615e-05, 6.085498353968564e-05, 6.053626045935865e-05, 6.085498353968564e-05, 53.29003670367448], [1782934500, 6.085498353968564e-05, 6.46995704856778e-05, 6.0138919723308545e-05, 6.403970910286933e-05, 409.58336976097235], [1782934560, 6.403970910286933e-05, 6.403970910286933e-05, 5.682136379488175e-05, 5.8528416211222726e-05, 1252.0902426041575], [1782934620, 5.8528416211222726e-05, 5.8528416211222726e-05, 5.735161573430676e-05, 5.735161573430676e-05, 7.757156499980559], [1782934680, 5.735161573430676e-05, 5.735161573430676e-05, 5.721659008625604e-05, 5.721659008625604e-05, 24.661677036515677], [1782934800, 5.721659008625604e-05, 5.721659008625604e-05, 5.703052521660045e-05, 5.703052521660045e-05, 2.460609853514034], [1782934980, 5.703052521660045e-05, 5.703052521660045e-05, 5.66098592631883e-05, 5.69469288306026e-05, 58.164643151339554], [1782935160, 5.69469288306026e-05, 5.69469288306026e-05, 5.619968307637467e-05, 5.619968307637467e-05, 2.4398011444919874], [1782935220, 5.619968307637467e-05, 5.624133545269153e-05, 5.619968307637467e-05, 5.624133545269153e-05, 2.050017049099617], [1782935340, 5.624133545269153e-05, 5.624133545269153e-05, 5.591816559792289e-05, 5.591816559792289e-05, 43.038521467789664], [1782935460, 5.591816559792289e-05, 5.591816559792289e-05, 5.564328696885223e-05, 5.564328696885223e-05, 2.427461200196349], [1782935580, 5.564328696885223e-05, 5.564328696885223e-05, 5.394618091787909e-05, 5.4411603450822235e-05, 251.71919063403536], [1782935640, 5.4411603450822235e-05, 5.4411603450822235e-05, 5.3859860703910976e-05, 5.3859860703910976e-05, 2.3870209232401223], [1782935820, 5.3859860703910976e-05, 5.3859860703910976e-05, 5.375448387967737e-05, 5.375448387967737e-05, 2.3829463041443044], [1782936000, 5.375448387967737e-05, 5.375448387967737e-05, 5.3700284968533055e-05, 5.3700284968533055e-05, 2.3811387922286396], [1782936120, 5.3700284968533055e-05, 5.3700284968533055e-05, 4.858959846653894e-05, 4.858959846653894e-05, 847.1227447327959], [1782936180, 4.858959846653894e-05, 5.323198823719248e-05, 4.858959846653894e-05, 5.187494650746573e-05, 543.3838971910236], [1782936300, 5.187494650746573e-05, 5.269170236150989e-05, 5.158663244280218e-05, 5.236959453679491e-05, 79.73701704914677], [1782936360, 5.236959453679491e-05, 5.236959453679491e-05, 5.2228276260270386e-05, 5.2228276260270386e-05, 2.348570584977132], [1782936420, 5.2228276260270386e-05, 5.2228276260270386e-05, 5.1335679244765776e-05, 5.1335679244765776e-05, 103.99348669466522], [1782936480, 5.1335679244765776e-05, 5.1551463792984366e-05, 5.080878900958206e-05, 5.1551463792984366e-05, 90.78910688476844], [1782936540, 5.1551463792984366e-05, 5.399888910190509e-05, 5.1551463792984366e-05, 5.342669953328711e-05, 227.5003073397358], [1782936720, 5.342669953328711e-05, 5.342669953328711e-05, 5.282536083264711e-05, 5.282536083264711e-05, 80.1591683453081], [1782936900, 5.282536083264711e-05, 5.282536083264711e-05, 5.250551357928788e-05, 5.250551357928788e-05, 2.3524622308675123], [1782937020, 5.250551357928788e-05, 5.34841524965315e-05, 5.239636475502973e-05, 5.239636475502973e-05, 83.4215810178507], [1782937080, 5.239636475502973e-05, 5.298026403083863e-05, 4.879638636158222e-05, 5.2554708235352565e-05, 903.1228559724342], [1782937260, 5.2554708235352565e-05, 5.2554708235352565e-05, 5.188064759524143e-05, 5.188064759524143e-05, 2.339389064250783], [1782937320, 5.188064759524143e-05, 5.188064759524143e-05, 5.162920342562709e-05, 5.162920342562709e-05, 26.612368944138726], [1782937380, 5.162920342562709e-05, 5.20595438203439e-05, 5.133313552682217e-05, 5.133313552682217e-05, 92.60690481608927], [1782937440, 5.133313552682217e-05, 5.155692285761572e-05, 5.133313552682217e-05, 5.154139687734058e-05, 2.8230240869614978], [1782937560, 5.154139687734058e-05, 5.239404672701136e-05, 5.154139687734058e-05, 5.239404672701136e-05, 7.147226400131339], [1782937620, 5.239404672701136e-05, 5.239404672701136e-05, 5.1688346779524784e-05, 5.1688346779524784e-05, 2.3359170619608562], [1782937680, 5.1688346779524784e-05, 5.199238944982793e-05, 5.1016612082048614e-05, 5.155593036436799e-05, 115.95995319180756], [1782937800, 5.155593036436799e-05, 5.155593036436799e-05, 5.155049609468234e-05, 5.155049609468234e-05, 2.3342802281123913], [1782937920, 5.155049609468234e-05, 5.155049609468234e-05, 5.152590572858979e-05, 5.152590572858979e-05, 2.333750032847848], [1782938100, 5.152590572858979e-05, 5.152590572858979e-05, 5.090385560041363e-05, 5.090385560041363e-05, 57.35513105796607], [1782938160, 5.090385560041363e-05, 5.1179446195627774e-05, 5.066900648354724e-05, 5.1179446195627774e-05, 39.06449944271038], [1782938280, 5.1179446195627774e-05, 5.233000465666491e-05, 5.0521194190694855e-05, 5.176548285505627e-05, 129.20017087694922], [1782938340, 5.176548285505627e-05, 5.263489619788986e-05, 5.176548285505627e-05, 5.263489619788986e-05, 0.6093399398057154], [1782938460, 5.263489619788986e-05, 5.263489619788986e-05, 5.171590924165804e-05, 5.171590924165804e-05, 48.49047533490475], [1782938580, 5.171590924165804e-05, 5.501422686640474e-05, 5.1204254723294405e-05, 5.44459408881151e-05, 380.79490876847166], [1782938640, 5.44459408881151e-05, 5.44459408881151e-05, 5.436385627585533e-05, 5.436385627585533e-05, 2.4803099993173667], [1782938760, 5.436385627585533e-05, 5.620458808622623e-05, 