{"pair": "2CFxbGwfp277LtPxxnyWUi11zXEjn3sJC3mFdVdU2Yth", "n_bars": 85, "span": [1782844307.0, 1782940440.0], "bars": [[1782845940, 3.768558171067207e-05, 8.021549094162559e-05, 3.768558171067207e-05, 7.170746164419776e-05, 31445.205605899042], [1782846000, 7.170746164419776e-05, 9.387406163632074e-05, 5.912246901866127e-05, 8.060212181317309e-05, 53360.54609252109], [1782846060, 8.060212181317309e-05, 9.810145241535942e-05, 6.947839243451253e-05, 8.608194572022971e-05, 50480.53634503815], [1782846120, 8.608194572022971e-05, 9.36033178314162e-05, 5.518514883266803e-05, 8.073412807709312e-05, 43286.49394516264], [1782846180, 8.073412807709312e-05, 0.00011377531104183342, 7.053246684313772e-05, 9.151376448556235e-05, 42789.16033350101], [1782846240, 9.151376448556235e-05, 0.00012280504253601608, 8.128613921034209e-05, 9.484278902038222e-05, 44937.836947793774], [1782846300, 9.484278902038222e-05, 0.000159484291899003, 9.202986904327061e-05, 0.00011299757140035469, 40562.17518866261], [1782846360, 0.00011299757140035469, 0.00014020937611620952, 8.054231188666259e-05, 0.00010021304208793695, 24702.238602857236], [1782846420, 0.00010021304208793695, 0.0001627601708599756, 7.814555536721988e-05, 0.00013281868623124402, 40784.73580171494], [1782846480, 0.00013281868623124402, 0.0001790101135764783, 0.00011677033271224311, 0.00016237352475073408, 35434.115393517255], [1782846540, 0.00016237352475073408, 0.00018244968432205486, 0.00014377459962614168, 0.00016494928143236695, 41818.189140131835], [1782846600, 0.00016494928143236695, 0.00018244842755741022, 0.0001334558130261209, 0.00015649051976722792, 37486.69861146962], [1782846660, 0.00015649051976722792, 0.0001755298752759557, 0.00012628160626321683, 0.00013362085873190802, 29416.562855744454], [1782846720, 0.00013362085873190802, 0.00014238496319551153, 9.39252194913736e-05, 0.0001318568587989183, 31549.9096227541], [1782846780, 0.0001318568587989183, 0.00017205362187881095, 0.00011546194898851666, 0.000159135857146398, 25640.56667423314], [1782846840, 0.000159135857146398, 0.0002112016487116246, 0.00015190769476213498, 0.00020783978375071732, 27230.22423337318], [1782846900, 0.00020783978375071732, 0.00020783978375071732, 0.000152475696879899, 0.00017340038384335626, 30719.932686313605], [1782846960, 0.00017340038384335626, 0.00017741636146775792, 8.568700778232513e-05, 9.337202796280906e-05, 37765.378903270255], [1782847020, 9.337202796280906e-05, 0.00012081516905014029, 7.598171057078426e-05, 0.00010471182576378593, 24728.41453975513], [1782847080, 0.00010471182576378593, 0.00012866630207103183, 9.70765206911519e-05, 0.00011221392945302372, 26671.645844142025], [1782847140, 0.00011221392945302372, 0.00011221392945302372, 5.5867799860205995e-05, 7.643542529162755e-05, 23974.708458511275], [1782847200, 7.643542529162755e-05, 0.00011283615329439034, 4.6055212405411834e-05, 9.620963768467222e-05, 28609.21764518646], [1782847260, 9.620963768467222e-05, 0.00011175117113408974, 8.32324898652203e-05, 9.355804166766602e-05, 32676.350997060657], [1782847320, 9.355804166766602e-05, 0.00015239724066179596, 9.355804166766602e-05, 0.00011637123719000021, 36068.46411299431], [1782847380, 0.00011637123719000021, 0.00017535879669243348, 0.00011637123719000021, 0.0001563444301037218, 37546.86185748351], [1782847440, 0.0001563444301037218, 0.0001937293598487264, 0.00013176445672219425, 0.00016615566112072018, 36778.61826057848], [1782847500, 0.00016615566112072018, 0.0002204857651739258, 0.0001219904141578705, 0.00013246339835919118, 38931.06304741502], [1782847560, 0.00013246339835919118, 0.00014627169584259758, 8.817190889802067e-05, 9.252657803989691e-05, 24003.686583802642], [1782847620, 9.252657803989691e-05, 9.252657803989691e-05, 4.608835743667423e-05, 4.93786103012216e-05, 12103.413934498372], [1782847680, 4.93786103012216e-05, 5.312255729669104e-05, 1.759179041525704e-05, 2.9452559776109867e-05, 10083.418589923254], [1782847740, 2.9452559776109867e-05, 3.530608564513195e-05, 2.430445717180798e-06, 2.4450920910296312e-06, 7049.144627390962], [1782847800, 2.4450920910296312e-06, 2.7368538938426812e-06, 2.3377175801882746e-06, 2.4007736432892797e-06, 519.3673335624313], [1782847860, 2.4007736432892797e-06, 2.515502767618055e-06, 1.863005390444719e-06, 1.863005390444719e-06, 381.09215854774806], [1782847920, 1.863005390444719e-06, 1.9035758720547524e-06, 1.7715039909341704e-06, 1.7727869112723214e-06, 78.67005389903241], [1782847980, 1.7727869112723214e-06, 1.7954348904465752e-06, 1.7726745352069338e-06, 1.7727553679416425e-06, 0.15104783567655092], [1782848040, 1.7727553679416425e-06, 1.8187122536379722e-06, 1.7706462339910166e-06, 1.8187122536379722e-06, 27.072945831919842], [1782848100, 1.8187122536379722e-06, 1.8248344287693914e-06, 1.8187122536379722e-06, 1.8248344287693914e-06, 0.12603035135762602], [1782848160, 1.8248344287693914e-06, 1.8248344287693914e-06, 1.7382453814424734e-06, 1.7386721482198378e-06, 39.32119509339159], [1782848280, 1.7386721482198378e-06, 1.7977852971724105e-06, 1.7349433336871928e-06, 1.7977852971724105e-06, 38.38852952549752], [1782848400, 1.7977852971724105e-06, 1.8163024872266488e-06, 1.7977852971724105e-06, 1.8163024872266488e-06, 0.8232982566520533], [1782848460, 1.8163024872266488e-06, 1.8163024872266488e-06, 1.8108828801008393e-06, 1.8108828801008393e-06, 0.2418755399889563], [1782848520, 1.8108828801008393e-06, 1.8497876286978114e-06, 1.8108828801008393e-06, 1.8497876286978114e-06, 11.766392699568106], [1782848700, 1.8497876286978114e-06, 1.8497876286978114e-06, 1.8305507353857975e-06, 1.834726698464246e-06, 3.784150817976393], [1782848820, 1.834726698464246e-06, 1.834726698464246e-06, 1.8276083140385207e-06, 1.8276083140385207e-06, 0.5443425740231956], [1782848940, 1.8276083140385207e-06, 1.8281100793376093e-06, 1.8276083140385207e-06, 1.8281100793376093e-06, 0.02862901823902162], [1782849120, 1.8281100793376093e-06, 1.8281100793376093e-06, 1.8254740442983165e-06, 1.8254740442983165e-06, 0.01937190053087118], [1782849240, 1.8254740442983165e-06, 1.8254740442983165e-06, 1.819643384453947e-06, 1.819643384453947e-06, 4.173211327883848], [1782849360, 1.819643384453947e-06, 1.819643384453947e-06, 1.8028974303273523e-06, 1.8028974303273523e-06, 12.882291860423319], [1782849420, 1.8028974303273523e-06, 1.8028974303273523e-06, 1.789238776552496e-06, 1.789238776552496e-06, 0.3570738972064174], [1782849600, 1.789238776552496e-06, 1.8116389370817156e-06, 1.789238776552496e-06, 1.8116389370817156e-06, 0.2181598596717396], [1782849780, 1.8116389370817156e-06, 1.8116389370817156e-06, 1.7955889202279993e-06, 1.7955889202279993e-06, 0.21586929116765055], [1782850380, 1.7955889202279993e-06, 1.7955889202279993e-06, 1.792585215955376e-06, 1.792585215955376e-06, 0.0856010553766135], [1782850560, 1.792585215955376e-06, 1.792585215955376e-06, 1.766011162219106e-06, 1.766011162219106e-06, 11.732179108283198], [1782850620, 1.766011162219106e-06, 1.766011162219106e-06, 1.7621255009994794e-06, 1.7621255009994794e-06, 3.93315148511979], [1782851460, 1.7621255009994794e-06, 1.7751851896742136e-06, 1.7621255009994794e-06, 1.7751851896742136e-06, 0.05235868931671141], [1782852960, 1.7751851896742136e-06, 1.7751851896742136e-06, 1.755621726346805e-06, 1.755621726346805e-06, 0.35497905962752635], [1782854820, 1.755621726346805e-06, 1.755621726346805e-06, 1.7461429799752325e-06, 1.7461429799752325e-06, 0.09386392061712381], [1782855180, 1.7461429799752325e-06, 1.7478148725913516e-06, 1.7461429799752325e-06, 1.7478148725913516e-06, 0.5260726337416648], [1782858120, 1.7478148725913516e-06, 1.7486768425691972e-06, 1.7478148725913516e-06, 1.7486768425691972e-06, 2.3756487370390493], [1782861300, 1.7486768425691972e-06, 1.7486768425691972e-06, 1.741298920760316e-06, 1.741298920760316e-06, 0.5175163114308777], [1782861960, 1.741298920760316e-06, 1.7449023508365035e-06, 1.7253201970804496e-06, 1.7253201970804496e-06, 18.206689261544273], [1782864360, 1.7253201970804496e-06, 1.7300595006129855e-06, 