{"pair": "284V4cX2JKuYSCuwC6eor6iKkxP5qeevC2L886oc5rPs", "n_bars": 78, "span": [1782905873.0, 1782943664.0], "bars": [[1782905880, 5.292508234195112e-05, 5.3614578908564666e-05, 5.292508234195112e-05, 5.3614578908564666e-05, 13.42753351364077], [1782906480, 5.3614578908564666e-05, 5.3614578908564666e-05, 5.258108651560486e-05, 5.258108651560486e-05, 52.58108651560486], [1782907020, 5.258108651560486e-05, 5.258108651560486e-05, 5.1916739483310214e-05, 5.1916739483310214e-05, 51.91673948331021], [1782907200, 5.1916739483310214e-05, 5.1916739483310214e-05, 5.1676651209006456e-05, 5.1676651209006456e-05, 0.27051805890463376], [1782908640, 5.1676651209006456e-05, 5.1676651209006456e-05, 5.15155267891942e-05, 5.15155267891942e-05, 0.1633185908476453], [1782908940, 5.15155267891942e-05, 5.227572024727798e-05, 5.15155267891942e-05, 5.227572024727798e-05, 7.3118230487456435], [1782909420, 5.227572024727798e-05, 5.227572024727798e-05, 5.120513481811841e-05, 5.120513481811841e-05, 39.5926024242557], [1782909480, 5.120513481811841e-05, 5.120513481811841e-05, 5.074813706899686e-05, 5.074813706899686e-05, 50.71646140078248], [1782909540, 5.074813706899686e-05, 5.1174383525089056e-05, 5.074813706899686e-05, 5.1174383525089056e-05, 2.254089601741694], [1782909600, 5.1174383525089056e-05, 5.1174383525089056e-05, 5.1165814891913864e-05, 5.1165814891913864e-05, 1.6887126659387357], [1782909720, 5.1165814891913864e-05, 5.1165814891913864e-05, 4.418822900210216e-05, 4.508485264592761e-05, 954.9764234650728], [1782909780, 4.508485264592761e-05, 4.508485264592761e-05, 4.351409176562765e-05, 4.351409176562765e-05, 147.54155780171087], [1782909840, 4.351409176562765e-05, 4.391677507786443e-05, 4.351409176562765e-05, 4.391677507786443e-05, 22.11729691656898], [1782909900, 4.391677507786443e-05, 4.410420854943328e-05, 4.270658288599539e-05, 4.270658288599539e-05, 175.3368496551239], [1782910080, 4.270658288599539e-05, 4.270658288599539e-05, 4.247939406530911e-05, 4.247939406530911e-05, 7.2904817781879565], [1782910200, 4.247939406530911e-05, 4.278279500897573e-05, 4.247939406530911e-05, 4.278279500897573e-05, 36.88583567418916], [1782910380, 4.278279500897573e-05, 4.4017043082569754e-05, 4.278279500897573e-05, 4.4017043082569754e-05, 112.43002246380894], [1782910440, 4.4017043082569754e-05, 4.438468327840657e-05, 4.4017043082569754e-05, 4.438468327840657e-05, 58.33330147925982], [1782910500, 4.438468327840657e-05, 4.475667592906851e-05, 4.438468327840657e-05, 4.475667592906851e-05, 7.368664421012209], [1782910680, 4.475667592906851e-05, 4.475667592906851e-05, 4.336496820763968e-05, 4.336496820763968e-05, 104.72543495118563], [1782911100, 4.336496820763968e-05, 4.3940058516451e-05, 4.336496820763968e-05, 4.3940058516451e-05, 7.4059458088465115], [1782911160, 4.3940058516451e-05, 4.3940058516451e-05, 4.287578426808636e-05, 4.287578426808636e-05, 102.72352451564413], [1782911460, 4.287578426808636e-05, 4.287578426808636e-05, 4.2297336892143616e-05, 4.2297336892143616e-05, 19.393131258562185], [1782911520, 4.2297336892143616e-05, 4.2297336892143616e-05, 4.0616076543450694e-05, 4.0616076543450694e-05, 175.2205304406433], [1782911640, 4.0616076543450694e-05, 4.1120492569733915e-05, 4.0616076543450694e-05, 4.1120492569733915e-05, 2.965880593740488], [1782911820, 4.1120492569733915e-05, 4.1120492569733915e-05, 4.057197974790335e-05, 4.057197974790335e-05, 1.7068491279959856], [1782911880, 4.057197974790335e-05, 4.123474268924511e-05, 4.057197974790335e-05, 4.123474268924511e-05, 1.487149645602978], [1782912840, 4.123474268924511e-05, 4.123474268924511e-05, 4.066002314971324e-05, 4.066002314971324e-05, 7.732096863214559], [1782913920, 4.066002314971324e-05, 4.150945641877628e-05, 4.066002314971324e-05, 4.150945641877628e-05, 1.4993881482595788], [1782913980, 4.150945641877628e-05, 4.1562832199281315e-05, 4.150945641877628e-05, 4.1562832199281315e-05, 1.500767591714425], [1782914100, 4.1562832199281315e-05, 4.171429978834587e-05, 4.1562832199281315e-05, 4.171429978834587e-05, 1.3659521161118173], [1782914280, 4.171429978834587e-05, 4.171429978834587e-05, 4.1681669707516354e-05, 4.1681669707516354e-05, 0.22439532477709095], [1782915600, 4.1681669707516354e-05, 4.2260038331996863e-05, 4.1681669707516354e-05, 4.2260038331996863e-05, 9.693269369321076], [1782916560, 4.2260038331996863e-05, 4.2260038331996863e-05, 4.212534114823636e-05, 4.212534114823636e-05, 7.576526127128009], [1782917640, 4.212534114823636e-05, 4.579744491735987e-05, 4.212534114823636e-05, 4.55529325715326e-05, 326.03279262084845], [1782917700, 4.55529325715326e-05, 4.6856497036987475e-05, 4.55529325715326e-05, 4.6856497036987475e-05, 226.91005394609178], [1782917760, 4.6856497036987475e-05, 4.736928044277611e-05, 4.6856497036987475e-05, 4.736928044277611e-05, 3.5828468641415028], [1782918120, 4.736928044277611e-05, 4.736928044277611e-05, 4.5862333608730236e-05, 4.5862333608730236e-05, 307.7458529861785], [1782918540, 4.5862333608730236e-05, 4.5862333608730236e-05, 4.507359133135667e-05, 4.507359133135667e-05, 34.02950787994452], [1782920160, 4.507359133135667e-05, 4.507359133135667e-05, 4.4690816569620895e-05, 4.4690816569620895e-05, 11.192616811631728], [1782921000, 4.4690816569620895e-05, 4.4690816569620895e-05, 4.456980660893176e-05, 4.456980660893176e-05, 2.071648856521565], [1782921300, 4.456980660893176e-05, 4.4600788913530924e-05, 4.456980660893176e-05, 4.4600788913530924e-05, 0.017770543473860496], [1782922920, 4.4600788913530924e-05, 4.577914943695077e-05, 4.4600788913530924e-05, 4.577914943695077e-05, 58.00514713585369], [1782923280, 4.577914943695077e-05, 4.635997905711832e-05, 4.577914943695077e-05, 4.635997905711832e-05, 8.491865471747445], [1782923580, 4.635997905711832e-05, 4.635997905711832e-05, 4.541635479577945e-05, 4.541635479577945e-05, 16.521441762881203], [1782925740, 4.541635479577945e-05, 4.541635479577945e-05, 4.494591101372539e-05, 4.494591101372539e-05, 5.685748851069912], [1782926580, 4.494591101372539e-05, 4.521092488432859e-05, 4.494591101372539e-05, 4.521092488432859e-05, 12.78672072114972], [1782926640, 4.521092488432859e-05, 4.6118089638099855e-05, 4.521092488432859e-05, 4.6118089638099855e-05, 38.53776288496093], [1782926760, 4.6118089638099855e-05, 4.6118089638099855e-05, 4.563480347091977e-05, 4.563480347091977e-05, 6.770022046087454], [1782927420, 4.563480347091977e-05, 4.563480347091977e-05, 4.534874221568448e-05, 4.534874221568448e-05, 30.430710850358157], [1782927780, 4.534874221568448e-05, 4.534874221568448e-05, 4.520071446299854e-05, 4.520071446299854e-05, 4.520071446299854], [1782927840, 4.520071446299854e-05, 4.520071446299854e-05, 4.509335364736445e-05, 4.509335364736445e-05, 12.666959717287213], [1782927900, 4.509335364736445e-05, 4.509335364736445e-05, 4.503212078202574e-05, 4.503212078202574e-05, 4.94427334561683], [1782928320, 4.503212078202574e-05, 4.503212078202574e-05, 4.455321132446113e-05, 4.455321132446113e-05, 49.254128567549984], [1782929100, 4.455321132446113e-05, 4.455321132446113e-05, 4.4514944818445995e-05, 4.4514944818445995e-05, 7.902916199954477], [1782929160, 4.4514944818445995e-05, 4.4514944818445995e-05, 4.43770712661504e-05, 4.43770712661504e-05, 0.9867929541228527], [1782929520, 4.43770712661504e-05, 4.43770712661504e-05, 4.428067046379706e-05, 4.428067046379706e-05, 6.495609066880527], [1782930960, 4.428067046379706e-05, 4.428067046379706e-05, 4.3985310261227103e-05, 4.3985310261227103e-05, 57.94397354585076], [1782931020, 4.3985310261227103e-05, 4.3985310261227103e-05, 4.3507223066239534e-05, 4.3507223066239534e-05, 42.98562464547039], [1782931800, 4.3507223066239534e-05, 4.3507223066239534e-05, 4.311687084717557e-05, 4.311687084717557e-05, 18.267637227528738], [1782932460, 4.311687084717557e-05, 4.311687084717557e-05, 4.285675132830514e-05, 4.285675132830514e-05, 11.424556186295517], [1782932520, 4.285675132830514e-05, 4.352793919947406e-05, 4.285675132830514e-05, 4.352793919947406e-05, 1.180069591164661], [1782933480, 4.352793919947406e-05, 