{"pair": "jtJr25qL3RSkDxgJT5unwpKvYgEbvWLxMfs5Zbtudiz", "n_bars": 60, "span": [1782929404.0, 1782944475.0], "bars": [[1782929580, 9.154174545162759e-05, 9.154174545162759e-05, 8.952262905870263e-05, 8.952262905870263e-05, 85.2115081848351], [1782929880, 8.952262905870263e-05, 8.952262905870263e-05, 8.829164851187056e-05, 8.829164851187056e-05, 123.37492488068507], [1782930180, 8.829164851187056e-05, 8.829164851187056e-05, 8.436044987898901e-05, 8.526948683454882e-05, 317.6933955995587], [1782930480, 8.526948683454882e-05, 8.526948683454882e-05, 8.437756299520424e-05, 8.437756299520424e-05, 7.604309241158265], [1782930720, 8.437756299520424e-05, 8.437756299520424e-05, 8.322795931166904e-05, 8.322795931166904e-05, 0.9684965183367796], [1782930900, 8.322795931166904e-05, 8.444300016331595e-05, 8.281380803906216e-05, 8.281380803906216e-05, 87.51780795726717], [1782931080, 8.281380803906216e-05, 8.281380803906216e-05, 8.19142446682965e-05, 8.19142446682965e-05, 60.17822682081702], [1782931260, 8.19142446682965e-05, 8.214492475587667e-05, 8.131218678213361e-05, 8.214445172793782e-05, 48.90283385290746], [1782931500, 8.214445172793782e-05, 8.214445172793782e-05, 8.202147321662606e-05, 8.202147321662606e-05, 4.703472363770555], [1782931620, 8.202147321662606e-05, 8.202147321662606e-05, 8.046609977921764e-05, 8.124100715171637e-05, 55.88078363039779], [1782932220, 8.124100715171637e-05, 8.124100715171637e-05, 7.938289765568327e-05, 7.938289765568327e-05, 83.21694151215128], [1782932760, 7.938289765568327e-05, 7.938289765568327e-05, 7.867780953268327e-05, 7.937397340163591e-05, 64.54001118244337], [1782933000, 7.937397340163591e-05, 7.937397340163591e-05, 7.727269113438871e-05, 7.727269113438871e-05, 98.09718311447072], [1782933360, 7.727269113438871e-05, 7.727269113438871e-05, 6.653158875438481e-05, 6.982783404609131e-05, 2563.3916596100626], [1782933420, 6.982783404609131e-05, 7.053809884362433e-05, 6.982783404609131e-05, 7.053809884362433e-05, 53.32126710734329], [1782933480, 7.053809884362433e-05, 7.316893680747036e-05, 7.053809884362433e-05, 7.316893680747036e-05, 222.9701320419009], [1782933540, 7.316893680747036e-05, 7.338758383164619e-05, 7.316893680747036e-05, 7.338758383164619e-05, 0.922374923502009], [1782933600, 7.338758383164619e-05, 7.358058181874775e-05, 7.338758383164619e-05, 7.358058181874775e-05, 56.426139065232015], [1782933720, 7.358058181874775e-05, 7.358058181874775e-05, 7.289428789025601e-05, 7.289428789025601e-05, 0.04092320858124318], [1782933840, 7.289428789025601e-05, 7.289428789025601e-05, 7.255103287805952e-05, 7.255103287805952e-05, 55.636617288347466], [1782934440, 7.255103287805952e-05, 7.31924513719345e-05, 7.216523608561267e-05, 7.31924513719345e-05, 0.8017856347414692], [1782934500, 7.31924513719345e-05, 7.31924513719345e-05, 7.199324339805589e-05, 7.199324339805589e-05, 11.997289418620321], [1782934560, 7.199324339805589e-05, 7.199324339805589e-05, 7.129301450625904e-05, 7.129301450625904e-05, 49.45770531243447], [1782934680, 7.129301450625904e-05, 7.237090769523824e-05, 7.129301450625904e-05, 7.237090769523824e-05, 14.011076743333618], [1782934920, 7.237090769523824e-05, 7.237090769523824e-05, 7.129310375777681e-05, 7.129310375777681e-05, 0.0996303350218302], [1782935040, 7.129310375777681e-05, 7.240389956429499e-05, 7.129310375777681e-05, 7.240389956429499e-05, 0.034485236308561665], [1782935460, 7.240389956429499e-05, 7.240389956429499e-05, 7.113570729650065e-05, 7.113570729650065e-05, 9.86572291752232], [1782936060, 7.113570729650065e-05, 7.113570729650065e-05, 7.064219284024486e-05, 7.064219284024486e-05, 28.54245579348945], [1782936240, 7.064219284024486e-05, 7.149823262901914e-05, 7.064219284024486e-05, 7.149823262901914e-05, 0.036184645796618724], [1782936660, 7.149823262901914e-05, 7.149823262901914e-05, 7.035749373226841e-05, 7.035749373226841e-05, 4.163461053025202], [1782937140, 7.035749373226841e-05, 7.035749373226841e-05, 6.976582390204596e-05, 6.997348204192888e-05, 35.028537356750135], [1782937260, 6.997348204192888e-05, 6.997348204192888e-05, 6.894228049262945e-05, 6.894228049262945e-05, 74.4708813246846], [1782937500, 6.894228049262945e-05, 6.894228049262945e-05, 6.867947459872878e-05, 6.867947459872878e-05, 56.99877039533618], [1782937620, 6.867947459872878e-05, 6.874225828697133e-05, 6.782698492782273e-05, 6.874225828697133e-05, 47.7823110870359], [1782937740, 6.874225828697133e-05, 6.874225828697133e-05, 6.76717866046038e-05, 6.776302476734948e-05, 12.483299965451168], [1782938220, 6.776302476734948e-05, 6.89769847367323e-05, 6.776302476734948e-05, 6.89769847367323e-05, 37.77977132270379], [1782938340, 6.89769847367323e-05, 6.89769847367323e-05, 6.798214196185598e-05, 6.798214196185598e-05, 40.65919567189274], [1782938820, 6.798214196185598e-05, 6.798214196185598e-05, 6.795128108784968e-05, 6.795128108784968e-05, 14.026059289273451], [1782939000, 6.795128108784968e-05, 6.903823448401922e-05, 6.795128108784968e-05, 6.903823448401922e-05, 24.101535453985946], [1782939060, 6.903823448401922e-05, 6.903823448401922e-05, 6.781528865032376e-05, 6.862349469256782e-05, 50.67254171442598], [1782939480, 6.862349469256782e-05, 6.887586881704203e-05, 6.862349469256782e-05, 6.887586881704203e-05, 47.179885443706674], [1782939660, 6.887586881704203e-05, 6.887586881704203e-05, 6.825465530251394e-05, 6.825465530251394e-05, 3.7118921664677673], [1782939960, 6.825465530251394e-05, 6.825465530251394e-05, 6.789873911662816e-05, 6.789873911662816e-05, 93.82947739257604], [1782940440, 6.789873911662816e-05, 6.789873911662816e-05, 6.679576931910244e-05, 6.679576931910244e-05, 58.69432793763601], [1782940740, 6.679576931910244e-05, 6.80492523894718e-05, 6.679576931910244e-05, 6.80492523894718e-05, 60.38633210019891], [1782941280, 6.80492523894718e-05, 6.80492523894718e-05, 6.739655227673956e-05, 6.739655227673956e-05, 0.7494467319261993], [1782941400, 6.739655227673956e-05, 6.739655227673956e-05, 6.734477349300926e-05, 6.734477349300926e-05, 11.144740436964616], [1782941520, 6.734477349300926e-05, 6.737444691890116e-05, 6.734477349300926e-05, 6.737444691890116e-05, 4.144053786759815], [1782941820, 6.737444691890116e-05, 6.759451062025676e-05, 6.737444691890116e-05, 6.759451062025676e-05, 2.2574535405799634], [1782941880, 6.759451062025676e-05, 6.759451062025676e-05, 6.749898947324506e-05, 6.749898947324506e-05, 12.482781286495365], [1782942420, 6.749898947324506e-05, 6.896584054061972e-05, 6.749898947324506e-05, 6.896584054061972e-05, 101.09774878767749], [1782942540, 6.896584054061972e-05, 6.968870998100074e-05, 6.896584054061972e-05, 6.968870998100074e-05, 19.172266374595473], [1782943020, 6.968870998100074e-05, 7.013067363786746e-05, 6.968870998100074e-05, 7.013067363786746e-05, 15.46717311705447], [1782943260, 7.013067363786746e-05, 7.05613838179657e-05, 7.013067363786746e-05, 7.05613838179657e-05, 85.79329068971045], [1782943620, 7.05613838179657e-05, 7.146908877762e-05, 7.05613838179657e-05, 7.091077183295998e-05, 81.12798246653799], [1782943740, 7.091077183295998e-05, 7.091077183295998e-05, 6.749407504533982e-05, 6.786093525736287e-05, 459.2363421446004], [1782943800, 6.786093525736287e-05, 6.835519833284009e-05, 6.786093525736287e-05, 6.835519833284009e-05, 79.83612265494635], [1782943920, 6.835519833284009e-05, 6.912429364917297e-05, 6.835519833284009e-05, 6.912429364917297e-05, 29.01240586863682], [1782944280, 6.912429364917297e-05, 6.912429364917297e-05, 6.820994015657745e-05, 6.820994015657745e-05, 4.67228189215575], [1782944340, 6.820994015657745e-05, 6.820994015657745e-05, 6.768110313539254e-05, 6.808545322818383e-05, 112.89715545644667]]}