{"pair": "F4guztNajJHei3hao1Ro2aexCrNB5DVtAdTjXeSTXc2Z", "n_bars": 72, "span": [1782934955.0, 1782961116.0], "bars": [[1782936120, 3.9335220219076036e-05, 6.441303057764334e-05, 3.675110340757227e-05, 5.645530211481036e-05, 11218.16094817516], [1782936180, 5.645530211481036e-05, 7.558320082638257e-05, 5.5793939572422976e-05, 6.89937361209774e-05, 24450.139781892867], [1782936240, 6.89937361209774e-05, 8.07194878847761e-05, 5.858109393434752e-05, 7.092187397429183e-05, 19042.326783339813], [1782936300, 7.092187397429183e-05, 7.499375319740673e-05, 6.073245758650731e-05, 6.361271096778486e-05, 16973.077404493266], [1782936360, 6.361271096778486e-05, 8.617783024189993e-05, 6.361271096778486e-05, 8.016472385816594e-05, 13193.608011589426], [1782936420, 8.016472385816594e-05, 0.00010191049416336057, 7.726316602337756e-05, 9.981860430291657e-05, 26774.955990309754], [1782936480, 9.981860430291657e-05, 0.00010256013152472683, 7.547490242530328e-05, 7.89221763169329e-05, 25695.42714964011], [1782936540, 7.89221763169329e-05, 8.42112917044106e-05, 5.2623952784149064e-05, 5.910377808597077e-05, 17312.560353458015], [1782936600, 5.910377808597077e-05, 7.335134095213791e-05, 5.4052177169039093e-05, 6.318428264755073e-05, 16069.517661974158], [1782936660, 6.318428264755073e-05, 8.446600142731711e-05, 4.474633555826286e-05, 7.848384551611944e-05, 18768.523658231774], [1782936720, 7.848384551611944e-05, 0.00010715053304505357, 7.848384551611944e-05, 9.88639842600912e-05, 17006.744335214447], [1782936780, 9.88639842600912e-05, 0.00012265166635276964, 7.978504292828767e-05, 8.000546842624727e-05, 21204.590051807572], [1782936840, 8.000546842624727e-05, 9.245281211087187e-05, 5.868244522756788e-05, 6.036049590896211e-05, 13919.519950607277], [1782936900, 6.036049590896211e-05, 7.979567679702774e-05, 5.84552952842823e-05, 6.295593783344386e-05, 14710.246715893347], [1782936960, 6.295593783344386e-05, 7.437325662460831e-05, 5.395694309467538e-05, 6.96743895166357e-05, 10022.916576684032], [1782937020, 6.96743895166357e-05, 9.439170249893157e-05, 6.413167550614145e-05, 9.320152372794636e-05, 13379.271686340999], [1782937080, 9.320152372794636e-05, 0.0001020515919848086, 8.375887932411708e-05, 9.489130626255177e-05, 19024.890806086118], [1782937140, 9.489130626255177e-05, 9.823970680289287e-05, 8.055571344309086e-05, 8.484568864290776e-05, 17988.603258298564], [1782937200, 8.484568864290776e-05, 0.00011203728146487235, 8.414956787292811e-05, 9.988806497429847e-05, 18572.43875056124], [1782937260, 9.988806497429847e-05, 0.0001431227488537181, 9.988806497429847e-05, 0.0001334474599993903, 17010.09305559076], [1782937320, 0.0001334474599993903, 0.00014559310380941057, 0.00012849648398456927, 0.0001358104317566936, 13219.299470278786], [1782937380, 0.0001358104317566936, 0.00015180815650817919, 0.00011502697827461719, 0.00013330555097822302, 19185.884950786836], [1782937440, 0.00013330555097822302, 0.00014526738933053388, 0.00012283503389719653, 0.00014100010215410547, 15452.564820524143], [1782937500, 0.00014100010215410547, 0.00016591748962660986, 0.00013631084093112194, 0.00015276011190968426, 15978.445844666612], [1782937560, 0.00015276011190968426, 0.00016764044175234143, 0.0001375282994370009, 0.00015088735125587925, 19127.9087501777], [1782937620, 0.00015088735125587925, 0.00017183273476163285, 0.00013118843860324863, 0.00013590680739195734, 18433.92569916482], [1782937680, 0.00013590680739195734, 0.00015114073521556366, 0.00011448212953541514, 0.00013063409187977044, 20917.79173641192], [1782937740, 0.00013063409187977044, 0.00016050488606966917, 0.00012524023453923112, 0.00015186066596092123, 23678.127321346125], [1782937800, 0.00015186066596092123, 0.0001824198644165918, 0.0001510893861664347, 0.0001603132050810113, 16900.025006435433], [1782937860, 0.0001603132050810113, 0.00018274624219750423, 0.00012631566494488314, 0.0001318982529211139, 22395.909105060735], [1782937920, 0.0001318982529211139, 0.00014010860456162454, 9.516282193993078e-05, 9.653827346773666e-05, 13841.441456046803], [1782937980, 9.653827346773666e-05, 0.00012284313529593318, 9.428353630424379e-05, 9.631503484982667e-05, 9518.673320194666], [1782938040, 9.631503484982667e-05, 0.00011070570973305009, 9.43448799084011e-05, 0.00010220231114411863, 7467.920875140231], [1782938100, 0.00010220231114411863, 0.00011319192267692191, 9.903445851201076e-05, 0.00010510615493489709, 12437.73802138651], [1782938160, 0.00010510615493489709, 0.00011073026565687903, 7.927406125691982e-05, 8.580817657941789e-05, 15046.61772695233], [1782938220, 8.580817657941789e-05, 9.7504712727456e-05, 8.242382284489513e-05, 9.196977175806979e-05, 11838.602933664783], [1782938280, 9.196977175806979e-05, 0.00012123704967027267, 8.686662525384256e-05, 0.00010956272345094026, 17181.924456775], [1782938340, 0.00010956272345094026, 0.00012721288105190046, 9.881156795979793e-05, 0.00010280868056426889, 11165.771874457729], [1782938400, 0.00010280868056426889, 0.000146338034036134, 0.00010280868056426889, 0.000130598618083891, 15476.406065031326], [1782938460, 0.000130598618083891, 0.000130598618083891, 8.112893449168382e-05, 8.431990157704335e-05, 7962.093004896218], [1782938520, 8.431990157704335e-05, 8.866990546833214e-05, 1.621227137338058e-06, 1.7417272883793326e-06, 12190.732159696561], [1782938580, 1.7417272883793326e-06, 1.7417272883793326e-06, 1.7070823660147199e-06, 1.7070823660147199e-06, 9.006662712526643], [1782938640, 1.7070823660147199e-06, 1.7211585333579578e-06, 1.699441546358728e-06, 1.6997021761478963e-06, 5.030457834948182], [1782938700, 1.6997021761478963e-06, 1.6997021761478963e-06, 1.5930660334448178e-06, 1.6540964150335878e-06, 91.74886332960557], [1782938760, 1.6540964150335878e-06, 1.6746984496607113e-06, 1.6540964150335878e-06, 1.6730038871518185e-06, 1.5520631253903094], [1782938820, 1.6730038871518185e-06, 1.6730038871518185e-06, 1.6728627146936026e-06, 1.6728627146936026e-06, 0.17460902063152367], [1782938940, 1.6728627146936026e-06, 1.7048352308991556e-06, 1.6728627146936026e-06, 1.7048352308991556e-06, 7.608704661318014], [1782939120, 1.7048352308991556e-06, 1.7048352308991556e-06, 1.6913051836152098e-06, 1.6913051836152098e-06, 0.4490319884860467], [1782939180, 1.6913051836152098e-06, 1.6913051836152098e-06, 1.6883621919616314e-06, 1.6883621919616314e-06, 0.0559453023566064], [1782939240, 1.6883621919616314e-06, 1.6883621919616314e-06, 1.6748811033163014e-06, 1.6748811033163014e-06, 10.721687420577034], [1782939420, 1.6748811033163014e-06, 1.6748811033163014e-06, 1.6529544606957479e-06, 1.66796626450662e-06, 0.09030551428154572], [1782939660, 1.66796626450662e-06, 1.66796626450662e-06, 1.6642804475300508e-06, 1.6642804475300508e-06, 2.6663763929548447], [1782939720, 1.6642804475300508e-06, 1.6646189766864443e-06, 1.6640094716578916e-06, 1.6640094716578916e-06, 0.9884631375274396], [1782939840, 1.6640094716578916e-06, 1.6640094716578916e-06, 1.66078602387885e-06, 1.66078602387885e-06, 4.389406148800831], [1782939900, 1.66078602387885e-06, 1.66078602387885e-06, 1.6574293636412453e-06, 1.6574293636412453e-06, 0.10932008793961571], [1782940080, 1.6574293636412453e-06, 1.6578539077851833e-06, 1.656893875388397e-06, 1.656893875388397e-06, 0.2122308042862406], [1782940200, 1.656893875388397e-06, 1.6585898038493662e-06, 1.656893875388397e-06, 1.6585898038493662e-06, 0.08694640678580105], [1782940560, 1.6585898038493662e-06, 1.6585898038493662e-06, 1.6571351340474804e-06, 1.6571351340474804e-06, 0.004008622710515388], [1782941340, 1.6571351340474804e-06, 1.6579331108219352e-06, 1.6571351340474804e-06, 1.6579331108219352e-06, 0.03719184655478883], [1782941760, 1.6579331108219352e-06, 1.668276656649328e-06, 1.6579331108219352e-06, 1.668276656649328e-06, 0.4135240762669522], [1782942540, 1.668276656649328e-06, 1.668276656649328e-06, 1.6679680093799564e-06, 1.6679680093799564e-06, 0.007452985784689444], [1782942780, 1.6679680093799564e-06, 1.6994512385600945e-06, 1.6679680093799564e-06, 1.6994512385600945e-06, 