{"pair": "EkPVEbbQHg8RLPAr5UDXGTtBnCpvYZN5wwrFLkrLv8cu", "n_bars": 121, "span": [1782928234.0, 1782946323.0], "bars": [[1782928260, 2.4034739669024595e-05, 2.4034739669024595e-05, 2.395529862027541e-05, 2.395529862027541e-05, 15.159358103574535], [1782928380, 2.395529862027541e-05, 2.4068765393919154e-05, 2.3835880077013318e-05, 2.4068765393919154e-05, 22.316077689443226], [1782928560, 2.4068765393919154e-05, 2.4068765393919154e-05, 2.2152322843345316e-05, 2.2797157800073347e-05, 294.73422404656765], [1782928620, 2.2797157800073347e-05, 2.2797157800073347e-05, 2.175330509896111e-05, 2.175330509896111e-05, 85.36362639186626], [1782928740, 2.175330509896111e-05, 2.1830718834251024e-05, 2.152308149570569e-05, 2.152308149570569e-05, 17.93796627489694], [1782928860, 2.152308149570569e-05, 2.1778865025344103e-05, 2.1031242819983886e-05, 2.1148227878705067e-05, 159.436053792886], [1782928920, 2.1148227878705067e-05, 2.1301318936544436e-05, 2.1148227878705067e-05, 2.1301318936544436e-05, 15.363344694848184], [1782928980, 2.1301318936544436e-05, 2.1301318936544436e-05, 2.1051117696990858e-05, 2.1051117696990858e-05, 1.607598536756976], [1782929220, 2.1051117696990858e-05, 2.1239900904272984e-05, 2.1051117696990858e-05, 2.1239900904272984e-05, 9.157208976380323], [1782929400, 2.1239900904272984e-05, 2.1239900904272984e-05, 2.0967444172144443e-05, 2.0967444172144443e-05, 0.6363975819682912], [1782929520, 2.0967444172144443e-05, 2.1236490855696697e-05, 2.0967444172144443e-05, 2.1236490855696697e-05, 0.05168753622876298], [1782929580, 2.1236490855696697e-05, 2.140517315523998e-05, 2.1236490855696697e-05, 2.140517315523998e-05, 43.21712645471522], [1782929640, 2.140517315523998e-05, 2.1751657072346815e-05, 2.140517315523998e-05, 2.1751657072346815e-05, 56.49194931912652], [1782929700, 2.1751657072346815e-05, 2.1751657072346815e-05, 2.1484013794853805e-05, 2.1484013794853805e-05, 31.90738499615627], [1782929940, 2.1484013794853805e-05, 2.170123542687789e-05, 2.1484013794853805e-05, 2.170123542687789e-05, 5.369199020540229], [1782930180, 2.170123542687789e-05, 2.170123542687789e-05, 2.1404442617364073e-05, 2.1404442617364073e-05, 2.1121652116444185], [1782930240, 2.1404442617364073e-05, 2.1404442617364073e-05, 2.13480338902108e-05, 2.13480338902108e-05, 19.71876815670908], [1782930480, 2.13480338902108e-05, 2.1825879666784942e-05, 2.13480338902108e-05, 2.1825879666784942e-05, 87.61816489442894], [1782930600, 2.1825879666784942e-05, 2.2538030325659257e-05, 2.1825879666784942e-05, 2.224784044255799e-05, 78.35876522942871], [1782930660, 2.224784044255799e-05, 2.2537126523690418e-05, 2.224784044255799e-05, 2.2537126523690418e-05, 4.360019618612493], [1782930900, 2.2537126523690418e-05, 2.2608270022270037e-05, 2.2537126523690418e-05, 2.2608270022270037e-05, 0.7667449668002159], [1782930960, 2.2608270022270037e-05, 2.265308768101493e-05, 2.2608270022270037e-05, 2.265308768101493e-05, 7.596891366760603], [1782931140, 2.265308768101493e-05, 2.265308768101493e-05, 2.2007055215269237e-05, 2.2007055215269237e-05, 66.4526925138431], [1782931320, 2.2007055215269237e-05, 2.2256434410931843e-05, 2.2007055215269237e-05, 2.2256434410931843e-05, 3.614465199576284], [1782931500, 2.2256434410931843e-05, 2.2256434410931843e-05, 2.200857384957532e-05, 2.200857384957532e-05, 0.5449622835386045], [1782931560, 2.200857384957532e-05, 2.3136196685616226e-05, 2.200857384957532e-05, 2.308616690876594e-05, 144.5467852505395], [1782931800, 2.308616690876594e-05, 2.3198438893206613e-05, 2.2903708871905823e-05, 2.2903708871905823e-05, 5.480107522228265], [1782931860, 2.2903708871905823e-05, 2.2903708871905823e-05, 2.282393498174808e-05, 2.282393498174808e-05, 22.489653662011605], [1782931920, 2.282393498174808e-05, 2.3007295336735074e-05, 2.282393498174808e-05, 2.3007295336735074e-05, 5.420755471485385], [1782932040, 2.3007295336735074e-05, 2.3007295336735074e-05, 2.1608145673171768e-05, 2.179319530118799e-05, 175.4176961601616], [1782932100, 2.179319530118799e-05, 2.1866195596724876e-05, 2.1592445545535175e-05, 2.1866195596724876e-05, 7.240888651826895], [1782932280, 2.1866195596724876e-05, 2.1881125339972955e-05, 2.1866195596724876e-05, 2.1881125339972955e-05, 0.023810340836570198], [1782932400, 2.1881125339972955e-05, 2.1881125339972955e-05, 2.155993750904359e-05, 2.155993750904359e-05, 13.271846718763461], [1782932640, 2.155993750904359e-05, 2.1853020510784395e-05, 2.1520648679514194e-05, 2.15683205503055e-05, 22.28979695451027], [1782932700, 2.15683205503055e-05, 2.1859879223453712e-05, 2.15683205503055e-05, 2.1859879223453712e-05, 3.329566043073411], [1782932940, 2.1859879223453712e-05, 2.1859879223453712e-05, 2.184707998484581e-05, 2.184707998484581e-05, 0.022805729199168446], [1782933000, 2.184707998484581e-05, 2.184707998484581e-05, 2.1548755670950992e-05, 2.1548755670950992e-05, 13.907638675598228], [1782933120, 2.1548755670950992e-05, 2.1548755670950992e-05, 2.1336434554760943e-05, 2.1336434554760943e-05, 22.778681478790826], [1782933240, 2.1336434554760943e-05, 2.1575882508866433e-05, 2.131274979820269e-05, 2.131274979820269e-05, 1.2345924876136087], [1782933480, 2.131274979820269e-05, 2.131360547002088e-05, 2.131274979820269e-05, 2.131360547002088e-05, 0.21198632558760747], [1782933900, 2.131360547002088e-05, 2.1688335194787525e-05, 2.124781910254339e-05, 2.124781910254339e-05, 130.28471826774305], [1782934020, 2.124781910254339e-05, 2.124781910254339e-05, 2.1194625791776337e-05, 2.121781447354107e-05, 7.630865864100646], [1782934080, 2.121781447354107e-05, 2.1278879094935903e-05, 2.0911366586135125e-05, 2.106215408296565e-05, 55.83224883140265], [1782934140, 2.106215408296565e-05, 2.106215408296565e-05, 2.081043393123978e-05, 2.081043393123978e-05, 0.3282849579287397], [1782934200, 2.081043393123978e-05, 2.1100563093996982e-05, 2.081043393123978e-05, 2.1100563093996982e-05, 7.625699317021676], [1782934260, 2.1100563093996982e-05, 2.1210576856820014e-05, 2.1100563093996982e-05, 2.1210576856820014e-05, 19.09624736994175], [1782934320, 2.1210576856820014e-05, 2.125025196520308e-05, 2.1210576856820014e-05, 2.125025196520308e-05, 0.7991190839875377], [1782934440, 2.125025196520308e-05, 2.134919246826658e-05, 2.125025196520308e-05, 2.134919246826658e-05, 11.738561615731491], [1782934560, 2.134919246826658e-05, 2.134919246826658e-05, 2.1018830046732283e-05, 2.1018830046732283e-05, 2.662590021482697], [1782934620, 2.1018830046732283e-05, 2.1018830046732283e-05, 2.096428609164721e-05, 2.096428609164721e-05, 22.614899697987166], [1782934740, 2.096428609164721e-05, 2.096428609164721e-05, 2.0308943893711265e-05, 2.0308943893711265e-05, 116.25674563775684], [1782934800, 2.0308943893711265e-05, 2.045461897483188e-05, 2.0173250427927647e-05, 2.045461897483188e-05, 7.998348079575243], [1782934920, 2.045461897483188e-05, 2.045461897483188e-05, 1.900110605006454e-05, 1.9101377351967682e-05, 272.4865074640399], [1782935040, 1.9101377351967682e-05, 1.919390115234947e-05, 1.893632166362479e-05, 1.893632166362479e-05, 6.894539374555657], [1782935100, 1.893632166362479e-05, 2.0447176396964607e-05, 1.8164906712173992e-05, 1.8952433266616158e-05, 627.3847707496587], [1782935160, 1.8952433266616158e-05, 2.055333712953871e-05, 1.8952433266616158e-05, 2.014829215138228e-05, 72.39622667968253], [1782935220, 2.014829215138228e-05, 2.014829215138228e-05, 2.011146330168309e-05, 2.011146330168309e-05, 4.876673182906653], [1782935280, 2.011146330168309e-05, 2.0403462828311766e-05, 2.011146330168309e-05, 2.018822250897735e-05, 15.6843956344018], [1782935340, 2.018822250897735e-05, 2.0441378533380588e-05, 2.018822250897735e-05, 2.0441378533380588e-05, 5.097126985738852], [1782935460, 2.0441378533380588e-05, 2.0470287629020965e-05, 2.0441378533380588e-05, 2.0470287629020965e-05, 7.616154513610721], [1782935820, 2.0470287629020965e-05, 2.0510687523402774e-05, 2.0470287629020965e-05, 2.0510687523402774e-05, 25.59899298419863], [1782936120, 2.0510687523402774e-05, 2.0510687523402774e-05, 2.0293972559303894e-05, 