{"pair": "9PgDHSmcmH674Lst6GtrLyVVei4HR8WDGtJSgcRpMC2", "n_bars": 60, "span": [1782925845.0, 1782944634.0], "bars": [[1782926040, 0.00021854142288707878, 0.00021854142288707878, 0.00021834776704520245, 0.00021834776704520245, 4.36603106760067], [1782926100, 0.00021834776704520245, 0.00021836143813030705, 0.0002179195714701925, 0.0002179195714701925, 27.301520657455107], [1782926400, 0.0002179195714701925, 0.00021826583392845183, 0.0002179195714701925, 0.00021826583392845183, 43.52394884042683], [1782926820, 0.00021826583392845183, 0.00021826583392845183, 0.00021669405810174715, 0.00021669405810174715, 65.2860767649135], [1782926880, 0.00021669405810174715, 0.00021669405810174715, 0.000216318303254651, 0.000216318303254651, 5.839921718523803], [1782926940, 0.000216318303254651, 0.000216318303254651, 0.00021621367647802644, 0.00021621367647802644, 9.168423123894218], [1782927300, 0.00021621367647802644, 0.00021621367647802644, 0.00018766452649912258, 0.00019341489321886082, 1692.122247177689], [1782927360, 0.00019341489321886082, 0.00019341489321886082, 0.00019311960776240324, 0.00019311960776240324, 0.38413131346112295], [1782927540, 0.00019311960776240324, 0.000194766287155237, 0.00019069225187230018, 0.00019069225187230018, 194.92514592949058], [1782928200, 0.00019069225187230018, 0.00019069225187230018, 0.000181103185448317, 0.00018200775703685238, 482.31523049271937], [1782928260, 0.00018200775703685238, 0.00018200775703685238, 0.00018111982405416446, 0.00018111982405416446, 0.09138757673602113], [1782928320, 0.00018111982405416446, 0.00018111982405416446, 0.00017812839283916425, 0.00017812839283916425, 30.875810868515057], [1782928800, 0.00017812839283916425, 0.0001795447766063368, 0.00017055001497977079, 0.00017117971060214783, 599.8805304906697], [1782928860, 0.00017117971060214783, 0.0001720224246408569, 0.00017117971060214783, 0.0001720224246408569, 0.08964950700263154], [1782928920, 0.0001720224246408569, 0.00017214073646326522, 0.00017198837333346628, 0.00017198837333346628, 0.08968943189991792], [1782928980, 0.00017198837333346628, 0.00017198837333346628, 0.0001696748057638016, 0.0001696748057638016, 15.600879198205456], [1782929100, 0.0001696748057638016, 0.0001696748057638016, 0.00016880185606834983, 0.00016880185606834983, 34.53882528007196], [1782929220, 0.00016880185606834983, 0.00016880185606834983, 0.000168413347346914, 0.000168413347346914, 3.063186048814282], [1782929400, 0.000168413347346914, 0.000168413347346914, 0.00016802426075630296, 0.00016802426075630296, 0.9293283018943725], [1782929520, 0.00016802426075630296, 0.00016805995374032258, 0.00016802426075630296, 0.00016805995374032258, 5.544730407947524], [1782930000, 0.00016805995374032258, 0.00017045482794215592, 0.00016805995374032258, 0.0001681793486543087, 2.165408395891088], [1782930300, 0.0001681793486543087, 0.0001681793486543087, 0.000167621149472105, 0.000167621149472105, 43.702283403160784], [1782930600, 0.000167621149472105, 0.000167621149472105, 0.00016622825873317386, 0.00016622825873317386, 29.691234301430367], [1782930720, 0.00016622825873317386, 0.0001670482874585415, 0.00016542934608947718, 0.00016542934608947718, 67.20106016100762], [1782930960, 0.00016542934608947718, 0.00016542934608947718, 0.00016418338390805388, 0.00016418338390805388, 105.10381028404295], [1782931320, 0.00016418338390805388, 0.00016592490704973683, 0.0001634483290801344, 0.0001634483290801344, 55.49055970604578], [1782931380, 0.0001634483290801344, 0.00017014469413778656, 0.0001634483290801344, 0.00017014469413778656, 235.53925933222726], [1782931440, 0.00017014469413778656, 0.00017039227818702588, 0.00017014469413778656, 0.00017039227818702588, 16.160181572662072], [1782931620, 0.00017039227818702588, 0.00017039227818702588, 0.00017006005232189222, 0.00017006005232189222, 2.258643596389146], [1782931740, 0.00017006005232189222, 0.00017522439947241733, 0.00017006005232189222, 0.00017522439947241733, 241.6950872004541], [1782931980, 0.00017522439947241733, 0.00018518894980467106, 0.00017522439947241733, 0.00018280875890876828, 476.9164507704109], [1782932400, 0.00018280875890876828, 0.00018628130995561087, 0.00018280875890876828, 0.00018628130995561087, 76.38189423358442], [1782932760, 0.00018628130995561087, 0.00018628130995561087, 0.00018416115553711331, 0.00018416115553711331, 76.51124617084766], [1782933180, 0.00018416115553711331, 0.00018416115553711331, 0.00018192690618371542, 0.00018192690618371542, 54.183840141549695], [1782933360, 0.00018192690618371542, 0.00018196893914186867, 0.00018192690618371542, 0.00018196893914186867, 0.20755099168179425], [1782933720, 0.00018196893914186867, 0.00018196893914186867, 0.0001815068308354596, 0.0001817425796305366, 15.151383197757262], [1782933840, 0.0001817425796305366, 0.0001817425796305366, 0.00018146838933684762, 0.00018146838933684762, 0.744248431818205], [1782933900, 0.00018146838933684762, 0.00018146838933684762, 0.00018014742701596954, 0.00018014742701596954, 37.16684926913854], [1782934080, 0.00018014742701596954, 0.00018014742701596954, 0.00017987064484566214, 0.00017987064484566214, 27.861216453994963], [1782934140, 0.00017987064484566214, 0.00017987064484566214, 0.00017957255955637947, 0.00017957255955637947, 0.38944824748152884], [1782934740, 0.00017957255955637947, 0.00017957255955637947, 0.00016664706709913012, 0.00016664706709913012, 617.2501902435748], [1782935340, 0.00016664706709913012, 0.00016823860623300748, 0.00016565469853238682, 0.00016565469853238682, 36.59450299788685], [1782936300, 0.00016565469853238682, 0.0001670721329399113, 0.00016565469853238682, 0.0001670721329399113, 1.6975000548471393], [1782936360, 0.0001670721329399113, 0.0001670721329399113, 0.00016465339861462293, 0.00016465339861462293, 14.17262907318294], [1782936420, 0.00016465339861462293, 0.00016668065569802582, 0.00016465339861462293, 0.00016668065569802582, 7.598082512530286], [1782936780, 0.00016668065569802582, 0.00016668065569802582, 0.00016440194589613242, 0.00016440194589613242, 10.150550786179611], [1782936840, 0.00016440194589613242, 0.00016443955684247247, 0.00016440194589613242, 0.00016443955684247247, 7.432207419630797], [1782937500, 0.00016443955684247247, 0.00016779146874234532, 0.00016443955684247247, 0.00016779146874234532, 139.49555572888607], [1782937560, 0.00016779146874234532, 0.0001734499782520985, 0.00016779146874234532, 0.00017164315702758042, 268.90521888597016], [1782938040, 0.00017164315702758042, 0.0001717174274427094, 0.00016820364793309985, 0.00016820364793309985, 170.49474411576583], [1782938160, 0.00016820364793309985, 0.00017183492696725553, 0.00016820364793309985, 0.00017183492696725553, 133.66962425275446], [1782938220, 0.00017183492696725553, 0.00017183492696725553, 0.00017081627643498649, 0.00017081627643498649, 1.6162908188314944], [1782938280, 0.00017081627643498649, 0.0001919601254922879, 0.00017081627643498649, 0.0001919601254922879, 1160.8540434393822], [1782938340, 0.0001919601254922879, 0.0001919601254922879, 0.00018942687570194406, 0.00018942687570194406, 0.8572943253216515], [1782938700, 0.00018942687570194406, 0.0001902188577987902, 0.00018942687570194406, 0.0001902188577987902, 2.0944340284487746], [1782938940, 0.0001902188577987902, 0.0001902188577987902, 0.00018754178077290835, 0.00018772837189705782, 131.86199317186987], [1782939180, 0.00018772837189705782, 0.00018772837189705782, 0.00018572739838910798, 0.00018572739838910798, 105.07051685788628], [1782939480, 0.00018572739838910798, 0.0001876795193619928, 0.00018526550800689853, 0.00018526550800689853, 19.22667725050226], [1782939780, 0.00018526550800689853, 0.00018526550800689853, 0.0001819389964818214, 0.0001819389964818214, 164.9720039619734], [1782941580, 0.0001819389964818214, 0.00018278910966215895, 0.0001819389964818214, 0.00018278910966215895, 2.009730685953337]]}