{"pair": "GB6tPWYBr8T2gvpW2Nx68uYSWHqPtUgfVA5cVnTkdzrH", "n_bars": 122, "span": [1782929625.0, 1782946081.0], "bars": [[1782929640, 9.83233575855162e-06, 9.83233575855162e-06, 9.715341319353534e-06, 9.715341319353534e-06, 17.3703091000467], [1782929700, 9.715341319353534e-06, 9.991533980607068e-06, 9.715341319353534e-06, 9.991533980607068e-06, 76.73763648291589], [1782929820, 9.991533980607068e-06, 9.991533980607068e-06, 9.276917680872565e-06, 9.324064297748663e-06, 210.4002351533083], [1782929880, 9.324064297748663e-06, 9.324064297748663e-06, 9.114451847659367e-06, 9.114451847659367e-06, 32.856244589490174], [1782929940, 9.114451847659367e-06, 9.360043071660027e-06, 9.021639661131247e-06, 9.26868036358251e-06, 63.15131537974822], [1782930000, 9.26868036358251e-06, 9.424608133050681e-06, 9.26868036358251e-06, 9.424608133050681e-06, 19.744182329670615], [1782930060, 9.424608133050681e-06, 9.424608133050681e-06, 9.337200250711579e-06, 9.337200250711579e-06, 1.9409629179036885], [1782930120, 9.337200250711579e-06, 9.337200250711579e-06, 9.19019416736262e-06, 9.19019416736262e-06, 61.05563202404546], [1782930180, 9.19019416736262e-06, 9.249108849422007e-06, 9.19019416736262e-06, 9.249108849422007e-06, 42.166850075927144], [1782930240, 9.249108849422007e-06, 9.249108849422007e-06, 8.949955354582787e-06, 8.949955354582787e-06, 118.20001719449881], [1782930300, 8.949955354582787e-06, 8.949955354582787e-06, 8.665086213184045e-06, 8.665086213184045e-06, 1.6308509819693742], [1782930420, 8.665086213184045e-06, 8.734753042842682e-06, 8.48955335504645e-06, 8.734753042842682e-06, 87.41126661483686], [1782930480, 8.734753042842682e-06, 8.876464243349507e-06, 7.811431852259897e-06, 8.210482877656928e-06, 339.3263382106886], [1782930600, 8.210482877656928e-06, 8.306983509402696e-06, 8.210482877656928e-06, 8.306983509402696e-06, 7.655032832186955], [1782930660, 8.306983509402696e-06, 8.306983509402696e-06, 8.198069470823706e-06, 8.198069470823706e-06, 2.2135546639084285], [1782930720, 8.198069470823706e-06, 8.412752250039554e-06, 8.198069470823706e-06, 8.348813733177756e-06, 55.25853111258898], [1782931020, 8.348813733177756e-06, 8.481505689315294e-06, 8.348813733177756e-06, 8.481505689315294e-06, 19.194802286003625], [1782931200, 8.481505689315294e-06, 8.621098006299051e-06, 8.481505689315294e-06, 8.621098006299051e-06, 38.41415805202831], [1782931260, 8.621098006299051e-06, 8.714222213361002e-06, 8.621098006299051e-06, 8.714222213361002e-06, 1.1524269936218308], [1782931380, 8.714222213361002e-06, 8.725650705463584e-06, 8.593538356497659e-06, 8.725650705463584e-06, 9.240784545714508], [1782931620, 8.725650705463584e-06, 8.752654269612194e-06, 8.725650705463584e-06, 8.752654269612194e-06, 7.583914294583347], [1782931740, 8.752654269612194e-06, 8.752654269612194e-06, 8.249094601972855e-06, 8.306604281145889e-06, 89.71966650627733], [1782931860, 8.306604281145889e-06, 8.306604281145889e-06, 8.145373947585141e-06, 8.145373947585141e-06, 40.429575948930655], [1782931980, 8.145373947585141e-06, 8.145373947585141e-06, 7.843231955581767e-06, 7.843231955581767e-06, 87.0857437805685], [1782932040, 7.843231955581767e-06, 7.843231955581767e-06, 7.5978192468920215e-06, 7.5978192468920215e-06, 20.683661052117596], [1782932100, 7.5978192468920215e-06, 8.315825898888478e-06, 7.539817866757953e-06, 8.315825898888478e-06, 180.68966115081167], [1782932160, 8.315825898888478e-06, 8.383347998930424e-06, 8.315825898888478e-06, 8.383347998930424e-06, 0.9203060776115782], [1782932280, 8.383347998930424e-06, 8.383347998930424e-06, 7.995217781240479e-06, 8.096336599518149e-06, 70.05821892657795], [1782932340, 8.096336599518149e-06, 8.102040713033483e-06, 7.990383676450014e-06, 8.090814672984004e-06, 8.987466768266419], [1782932400, 8.090814672984004e-06, 8.111542413083789e-06, 8.090814672984004e-06, 8.11079041102818e-06, 4.738674348694194], [1782932460, 8.11079041102818e-06, 8.224241081843324e-06, 8.11079041102818e-06, 8.124331851754972e-06, 24.96182288565747], [1782932640, 8.124331851754972e-06, 8.124331851754972e-06, 7.930500757544385e-06, 7.96482401634041e-06, 49.23394318944009], [1782932760, 7.96482401634041e-06, 7.96482401634041e-06, 7.860768124214666e-06, 7.860768124214666e-06, 20.294465398112838], [1782932820, 7.860768124214666e-06, 7.860768124214666e-06, 7.664892362359954e-06, 7.664892362359954e-06, 70.35123344169847], [1782932880, 7.664892362359954e-06, 7.664892362359954e-06, 7.489425808196839e-06, 7.489425808196839e-06, 8.43829907698088], [1782932940, 7.489425808196839e-06, 7.489425808196839e-06, 7.035053932268083e-06, 7.103016292537907e-06, 149.80029886581335], [1782933000, 7.103016292537907e-06, 7.293653418435657e-06, 6.740259300312332e-06, 6.796247599901363e-06, 202.29002207139285], [1782933060, 6.796247599901363e-06, 6.9815783857666055e-06, 6.73230573964065e-06, 6.9815783857666055e-06, 48.18010490122808], [1782933120, 6.9815783857666055e-06, 6.9815783857666055e-06, 6.731961638245133e-06, 6.791856508869336e-06, 49.76458206170835], [1782933180, 6.791856508869336e-06, 6.791856508869336e-06, 6.692842271853303e-06, 6.692842271853303e-06, 7.335767622329357], [1782933480, 6.692842271853303e-06, 6.692842271853303e-06, 6.376860643820541e-06, 6.582419593610806e-06, 139.49271525562125], [1782933900, 6.582419593610806e-06, 6.582419593610806e-06, 6.49478191342373e-06, 6.49478191342373e-06, 15.047506001471756], [1782933960, 6.49478191342373e-06, 6.781808307634262e-06, 6.49478191342373e-06, 6.781808307634262e-06, 62.01662602545141], [1782934020, 6.781808307634262e-06, 6.781808307634262e-06, 6.630355932288985e-06, 6.630355932288985e-06, 24.78501286262782], [1782934140, 6.630355932288985e-06, 6.688743943140206e-06, 6.630355932288985e-06, 6.688743943140206e-06, 1.0446441438225194], [1782934200, 6.688743943140206e-06, 6.733953629282362e-06, 6.598436083448812e-06, 6.733953629282362e-06, 24.978401436142587], [1782934320, 6.733953629282362e-06, 6.733953629282362e-06, 6.676915123088019e-06, 6.676915123088019e-06, 9.431340403247685], [1782934560, 6.676915123088019e-06, 6.738376542813471e-06, 6.634880333697971e-06, 6.634880333697971e-06, 10.91288497554048], [1782934620, 6.634880333697971e-06, 6.709651918475998e-06, 6.634880333697971e-06, 6.709651918475998e-06, 1.1451192475319851], [1782934800, 6.709651918475998e-06, 6.709651918475998e-06, 6.55238580937796e-06, 6.55238580937796e-06, 26.655766999648137], [1782934860, 6.55238580937796e-06, 6.55238580937796e-06, 6.271287743612904e-06, 6.271287743612904e-06, 62.894440526092446], [1782934920, 6.271287743612904e-06, 6.337686768607309e-06, 6.253832663423602e-06, 6.337686768607309e-06, 2.6079221720871884], [1782934980, 6.337686768607309e-06, 6.5302648721297794e-06, 6.337686768607309e-06, 6.5302648721297794e-06, 51.16842919305747], [1782935040, 6.5302648721297794e-06, 6.5302648721297794e-06, 6.466432854734327e-06, 6.466432854734327e-06, 0.7886661500171436], [1782935100, 6.466432854734327e-06, 6.466432854734327e-06, 5.983289334567958e-06, 6.040470915783278e-06, 121.54396139175118], [1782935160, 6.040470915783278e-06, 6.040470915783278e-06, 5.969064742803683e-06, 5.969064742803683e-06, 0.13544284777763643], [1782935340, 5.969064742803683e-06, 5.969064742803683e-06, 5.960864952267574e-06, 5.960864952267574e-06, 0.442732016045072], [1782935400, 5.960864952267574e-06, 6.696193835873519e-06, 5.960864952267574e-06, 6.663944397342187e-06, 166.82721692402714], [1782935460, 6.663944397342187e-06, 6.728337487656266e-06, 6.636524806662673e-06, 6.636524806662673e-06, 16.86514608646549], [1782935640, 6.636524806662673e-06, 6.636524806662673e-06, 6.502430604748894e-06, 6.563010501580494e-06, 29.490214629260315], [1782935700, 6.563010501580494e-06, 6.563010501580494e-06, 6.459588098321982e-06, 6.459588098321982e-06, 15.298067303432473], [1782935880, 6.459588098321982e-06, 6.506876654802476e-06, 6.405086275199644e-06, 6.405086275199644e-06, 25.900918005910935], [1782935940, 6.405086275199644e-06, 6.405086275199644e-06, 6.33050169892197e-06, 6.33050169892197e-06, 