{"pair": "C6gBMDLG57vm4FgE5rfbVkEAfPB2TsFuPbnCcg39JhxS", "n_bars": 84, "span": [1782823650.0, 1782942480.0], "bars": [[1782823920, 1.976176462081941e-06, 1.976176462081941e-06, 1.7906443170610478e-06, 1.7906443170610478e-06, 84.3317072521615], [1782824040, 1.7906443170610478e-06, 1.7906443170610478e-06, 1.7436509609233073e-06, 1.7436509609233073e-06, 14.239755221549919], [1782824280, 1.7436509609233073e-06, 1.7436509609233073e-06, 1.740281265880918e-06, 1.740281265880918e-06, 0.11710145656890202], [1782824640, 1.740281265880918e-06, 1.740281265880918e-06, 1.7398432945784902e-06, 1.7398432945784902e-06, 0.27758860711578753], [1782824880, 1.7398432945784902e-06, 1.741701230877963e-06, 1.7398432945784902e-06, 1.741701230877963e-06, 0.51789635924257], [1782825540, 1.741701230877963e-06, 1.7477409530195974e-06, 1.741701230877963e-06, 1.7477409530195974e-06, 0.03695116447508709], [1782825660, 1.7477409530195974e-06, 1.7477409530195974e-06, 1.746869311491388e-06, 1.746869311491388e-06, 0.06412992696361278], [1782825840, 1.746869311491388e-06, 1.7864807537246565e-06, 1.746869311491388e-06, 1.7864807537246565e-06, 16.522370732534352], [1782826200, 1.7864807537246565e-06, 1.8237123054797021e-06, 1.7864807537246565e-06, 1.8237123054797021e-06, 11.790585342000892], [1782826560, 1.8237123054797021e-06, 1.8237123054797021e-06, 1.7986492692583884e-06, 1.7986492692583884e-06, 1.483745247443259], [1782826860, 1.7986492692583884e-06, 1.8011107665629412e-06, 1.7986492692583884e-06, 1.8011107665629412e-06, 1.4992333223984735], [1782827160, 1.8011107665629412e-06, 1.8011107665629412e-06, 1.7978506318660244e-06, 1.7978506318660244e-06, 0.3201455178047407], [1782827220, 1.7978506318660244e-06, 1.8282920501885287e-06, 1.7978506318660244e-06, 1.8282920501885287e-06, 7.387195068621593], [1782827280, 1.8282920501885287e-06, 1.8282920501885287e-06, 1.806220423588781e-06, 1.806220423588781e-06, 7.018740233271326], [1782827640, 1.806220423588781e-06, 1.806220423588781e-06, 1.8040929706041186e-06, 1.8040929706041186e-06, 3.4286862543885235], [1782828060, 1.8040929706041186e-06, 1.8268587181696935e-06, 1.8040929706041186e-06, 1.8268587181696935e-06, 1.2464201905087375], [1782828180, 1.8268587181696935e-06, 1.8483073344114065e-06, 1.8165188326077193e-06, 1.8483073344114065e-06, 8.86915534237604], [1782828240, 1.8483073344114065e-06, 1.8744291167523147e-06, 1.8483073344114065e-06, 1.8744291167523147e-06, 12.253267779731791], [1782828420, 1.8744291167523147e-06, 1.888331637724444e-06, 1.8744291167523147e-06, 1.888331637724444e-06, 1.4890875638906627], [1782828600, 1.888331637724444e-06, 1.925901044130192e-06, 1.888331637724444e-06, 1.925901044130192e-06, 29.604572117536307], [1782828900, 1.925901044130192e-06, 1.9599691757067113e-06, 1.925901044130192e-06, 1.9348455110113516e-06, 0.09200617847064807], [1782829320, 1.9348455110113516e-06, 1.9348455110113516e-06, 1.915232612440325e-06, 1.9190327121745373e-06, 17.854847062567618], [1782829500, 1.9190327121745373e-06, 1.9211360041911756e-06, 1.9190327121745373e-06, 1.9211360041911756e-06, 0.009793080296696633], [1782829620, 1.9211360041911756e-06, 1.9260827584667867e-06, 1.9211360041911756e-06, 1.9260827584667867e-06, 0.01962054297976482], [1782829800, 1.9260827584667867e-06, 1.9273170776795764e-06, 1.9260827584667867e-06, 1.9273170776795764e-06, 0.0195925293982902], [1782829860, 1.9273170776795764e-06, 1.9273170776795764e-06, 1.9247374550163037e-06, 1.9247374550163037e-06, 1.081552535419889], [1782829920, 1.9247374550163037e-06, 1.9312051404349407e-06, 1.9247374550163037e-06, 1.9312051404349407e-06, 1.7595862950762722], [1782830340, 1.9312051404349407e-06, 1.9312051404349407e-06, 1.926171129622479e-06, 1.926171129622479e-06, 7.186492176547484], [1782830460, 1.926171129622479e-06, 1.926171129622479e-06, 1.9061426432384229e-06, 1.9061426432384229e-06, 7.11176643775224], [1782830580, 1.9061426432384229e-06, 1.9061426432384229e-06, 1.7856520454136317e-06, 1.7856520454136317e-06, 95.31000135749403], [1782832320, 1.7856520454136317e-06, 1.7856520454136317e-06, 1.6946619920258117e-06, 1.6946619920258117e-06, 0.4910911711411577], [1782833760, 1.6946619920258117e-06, 1.703524112361986e-06, 1.6946619920258117e-06, 1.703524112361986e-06, 1.212033002821251], [1782834060, 1.703524112361986e-06, 1.703524112361986e-06, 1.627284209905965e-06, 1.627284209905965e-06, 48.82360782624651], [1782834420, 1.627284209905965e-06, 1.627284209905965e-06, 1.5908662524133644e-06, 1.5908662524133644e-06, 0.9849540090999017], [1782835080, 1.5908662524133644e-06, 1.5908662524133644e-06, 1.5730379137247635e-06, 1.5730379137247635e-06, 3.006582557286573], [1782835500, 1.5730379137247635e-06, 1.5929735781017965e-06, 1.5730379137247635e-06, 1.5929735781017965e-06, 2.4533267213802676], [1782836640, 1.5929735781017965e-06, 1.5929735781017965e-06, 1.5636480629317318e-06, 1.5636480629317318e-06, 2.4004958789343886], [1782837180, 1.5636480629317318e-06, 1.5636480629317318e-06, 1.558876674461731e-06, 1.558876674461731e-06, 0.09902693720231401], [1782841800, 1.558876674461731e-06, 1.5684061992120647e-06, 1.558876674461731e-06, 1.5684061992120647e-06, 0.5192366275999131], [1782842520, 1.5684061992120647e-06, 1.5684061992120647e-06, 1.5673051699816763e-06, 1.5673051699816763e-06, 0.2110812712119902], [1782842580, 1.5673051699816763e-06, 1.5673051699816763e-06, 1.5648163781816942e-06, 1.5648163781816942e-06, 0.38114876378024043], [1782844320, 1.5648163781816942e-06, 1.5695900512781106e-06, 1.5648163781816942e-06, 1.5695900512781106e-06, 0.05041355727224847], [1782846660, 1.5695900512781106e-06, 1.5715340330749872e-06, 1.5695900512781106e-06, 1.5715340330749872e-06, 0.0444040515735226], [1782847020, 1.5715340330749872e-06, 1.5715340330749872e-06, 1.5694029079997329e-06, 1.5694029079997329e-06, 1.4806068347484498], [1782848940, 1.5694029079997329e-06, 1.5715362649583517e-06, 1.5694029079997329e-06, 1.5715362649583517e-06, 0.013307153429763234], [1782850560, 1.5715362649583517e-06, 1.5742760724938758e-06, 1.5715362649583517e-06, 1.5742760724938758e-06, 0.08280320228041316], [1782854160, 1.5742760724938758e-06, 1.5861774122172688e-06, 1.5645264265398545e-06, 1.5861774122172688e-06, 1.6022148267817096], [1782854700, 1.5861774122172688e-06, 1.5861774122172688e-06, 1.5682038258326472e-06, 1.5682038258326472e-06, 0.01400319983552106], [1782855060, 1.5682038258326472e-06, 1.5698314798183271e-06, 1.5682038258326472e-06, 1.5698314798183271e-06, 0.40089352817140933], [1782857340, 1.5698314798183271e-06, 1.593801431282449e-06, 1.5698314798183271e-06, 1.593801431282449e-06, 0.49012353352150684], [1782860460, 1.593801431282449e-06, 1.593801431282449e-06, 1.569564535489668e-06, 1.569564535489668e-06, 0.08728267019242524], [1782865140, 1.569564535489668e-06, 1.569564535489668e-06, 1.5657710165783293e-06, 1.5657710165783293e-06, 6.651097597216021], [1782873900, 1.5657710165783293e-06, 1.5774949919930753e-06, 1.5657710165783293e-06, 1.5774949919930753e-06, 9.116360332828524], [1782880140, 1.5774949919930753e-06, 1.5786490535400686e-06, 1.5774949919930753e-06, 1.5786490535400686e-06, 0.07683300318200512], [1782884760, 1.5786490535400686e-06, 1.5786490535400686e-06, 1.5765465398090912e-06, 1.5765465398090912e-06, 0.5038413413333304], [1782887340, 1.5765465398090912e-06, 1.5765465398090912e-06, 1.5626570840257986e-06, 1.5626570840257986e-06, 0.020205947271297875], [1782889800, 1.5626570840257986e-06, 1.5626570840257986e-06, 1.552130469349928e-06, 1.552130469349928e-06, 0.16955175280812085], [1782894420, 1.552130469349928e-06, 2.111716354073917e-06, 1.552130469349928e-06, 2.111716354073917e-06, 302.7546979866937], [1782894480, 2.111716354073917e-06, 2.216524480979186e-06, 2.111716354073917e-06, 2.216524480979186e-06, 29.589435488807947], [1782894720, 2.216524480979186e-06, 2.216524480979186e-06, 2.0293051634716495e-06, 2.0293051634716495e-06, 124.20859384315413], [1782894780, 2.0293051634716495e-06, 2.0293051634716495e-06, 1.8762018241685915e-06, 1.8762018241685915e-06, 6.522810261540728], [1782894840, 