{"pair": "7joYMddmc1Cud5AzpnwJm9oXX6KB2CuSraiCdvSzgGR6", "n_bars": 43, "span": [1782927963.0, 1782944617.0], "bars": [[1782928080, 2.2735482056033398e-05, 2.3034867594588647e-05, 2.2735482056033398e-05, 2.3034867594588647e-05, 3.8132149672272524], [1782928260, 2.3034867594588647e-05, 2.3034867594588647e-05, 2.219392140182113e-05, 2.219392140182113e-05, 75.8200076686649], [1782928860, 2.219392140182113e-05, 2.252468429433185e-05, 2.219392140182113e-05, 2.252468429433185e-05, 0.1620947845445085], [1782928920, 2.252468429433185e-05, 2.252468429433185e-05, 2.2521556107756622e-05, 2.2521556107756622e-05, 0.09915035609129128], [1782928980, 2.2521556107756622e-05, 2.2521556107756622e-05, 2.1980276622191837e-05, 2.1980276622191837e-05, 0.23526639762486842], [1782929220, 2.1980276622191837e-05, 2.1980276622191837e-05, 2.195413672204239e-05, 2.195413672204239e-05, 0.017640137110697913], [1782929280, 2.195413672204239e-05, 2.412036513796114e-05, 2.195413672204239e-05, 2.3246722236941637e-05, 255.08736042793214], [1782929460, 2.3246722236941637e-05, 2.4175509184685096e-05, 2.3246722236941637e-05, 2.4175509184685096e-05, 6.639675013479898], [1782929820, 2.4175509184685096e-05, 2.4175509184685096e-05, 2.3599030104934322e-05, 2.3599030104934322e-05, 21.880330528508964], [1782931560, 2.3599030104934322e-05, 2.3599030104934322e-05, 2.3470817474700773e-05, 2.3470817474700773e-05, 3.8814971628736656], [1782931680, 2.3470817474700773e-05, 2.3470817474700773e-05, 2.340394715947163e-05, 2.340394715947163e-05, 1.4482677097202605], [1782932580, 2.340394715947163e-05, 2.3404367461061465e-05, 2.340394715947163e-05, 2.3404367461061465e-05, 6.427885040615989], [1782933120, 2.3404367461061465e-05, 2.3404367461061465e-05, 2.2849214536463848e-05, 2.2849214536463848e-05, 153.4465497906632], [1782933420, 2.2849214536463848e-05, 2.2849214536463848e-05, 2.2329000981774133e-05, 2.2329000981774133e-05, 0.15408902542224534], [1782934380, 2.2329000981774133e-05, 2.6624735503163465e-05, 2.2329000981774133e-05, 2.399045696411232e-05, 928.1754593725987], [1782934440, 2.399045696411232e-05, 2.5688580450374796e-05, 2.399045696411232e-05, 2.5688580450374796e-05, 204.1249266047191], [1782934500, 2.5688580450374796e-05, 2.5688580450374796e-05, 2.3972423288933544e-05, 2.46609133244902e-05, 198.84011508919855], [1782936240, 2.46609133244902e-05, 2.46609133244902e-05, 2.292112531517449e-05, 2.292112531517449e-05, 222.89809369944666], [1782936660, 2.292112531517449e-05, 2.292112531517449e-05, 2.1816400734341126e-05, 2.1816400734341126e-05, 99.33984463317766], [1782937020, 2.1816400734341126e-05, 3.1495031282824945e-05, 2.1816400734341126e-05, 3.068775809981595e-05, 1346.1962592744176], [1782937080, 3.068775809981595e-05, 3.23038227048261e-05, 3.068775809981595e-05, 3.2113942706993e-05, 169.79342071719526], [1782937320, 3.2113942706993e-05, 3.2653778218358e-05, 3.2113942706993e-05, 3.2653778218358e-05, 113.8599725698936], [1782937380, 3.2653778218358e-05, 3.543036972708539e-05, 3.227469545726048e-05, 3.543036972708539e-05, 380.3140940864938], [1782937440, 3.543036972708539e-05, 3.694126661000312e-05, 3.543036972708539e-05, 3.694126661000312e-05, 83.62793493401459], [1782937560, 3.694126661000312e-05, 3.694126661000312e-05, 3.20742684720435e-05, 3.2899681914853656e-05, 607.2306105283442], [1782937620, 3.2899681914853656e-05, 3.2899681914853656e-05, 2.282223420467453e-05, 2.5800169888245917e-05, 1823.0711398961998], [1782937680, 2.5800169888245917e-05, 2.6912619828559524e-05, 2.5800169888245917e-05, 2.6228400976984293e-05, 169.04138180662125], [1782937740, 2.6228400976984293e-05, 2.7122526650742028e-05, 2.6228400976984293e-05, 2.7122526650742028e-05, 73.74056372719757], [1782937920, 2.7122526650742028e-05, 2.7122526650742028e-05, 2.607812352522552e-05, 2.6514767792180817e-05, 120.87043845608211], [1782937980, 2.6514767792180817e-05, 2.6514767792180817e-05, 2.583724814327647e-05, 2.583724814327647e-05, 15.261887070473465], [1782938160, 2.583724814327647e-05, 2.8464590100690775e-05, 2.583724814327647e-05, 2.6895567627612718e-05, 308.78930580099075], [1782938340, 2.6895567627612718e-05, 2.79684926805529e-05, 2.6895567627612718e-05, 2.79684926805529e-05, 5.361310706351319], [1782938400, 2.79684926805529e-05, 2.79684926805529e-05, 2.796438129684428e-05, 2.796438129684428e-05, 1.6487336781305935], [1782938460, 2.796438129684428e-05, 2.796438129684428e-05, 2.7220963075144715e-05, 2.7714649600880393e-05, 133.912747360907], [1782938760, 2.7714649600880393e-05, 2.7714649600880393e-05, 2.6933773174931883e-05, 2.6933773174931883e-05, 36.64038892573578], [1782939060, 2.6933773174931883e-05, 2.6933773174931883e-05, 2.447926077416067e-05, 2.6308823403586362e-05, 433.56556782859], [1782939120, 2.6308823403586362e-05, 2.6308823403586362e-05, 2.2400446819698312e-05, 2.3089968472103212e-05, 325.0304268527792], [1782939180, 2.3089968472103212e-05, 2.3089968472103212e-05, 2.2628375797065603e-05, 2.2829623302670075e-05, 75.66204969488446], [1782940980, 2.2829623302670075e-05, 2.2829623302670075e-05, 2.2615730867358143e-05, 2.2615730867358143e-05, 1.9681448836301836], [1782941580, 2.2615730867358143e-05, 2.3416776896072472e-05, 2.2615730867358143e-05, 2.3416776896072472e-05, 46.80584041397955], [1782942900, 2.3416776896072472e-05, 2.3416776896072472e-05, 2.3099803911643167e-05, 2.3099803911643167e-05, 7.827663698328494], [1782944220, 2.3099803911643167e-05, 2.3099803911643167e-05, 2.3057178452530994e-05, 2.3057178452530994e-05, 0.35505559615159954], [1782944520, 2.3057178452530994e-05, 2.3075593136301005e-05, 2.3057178452530994e-05, 2.3075593136301005e-05, 0.4499335007650495]]}