{"pair": "78VT8UhKvRXH7i4E2Hw1orN8mxKYQ2FhxVRu2efDrRFT", "n_bars": 63, "span": [1782888819.0, 1782943990.0], "bars": [[1782889920, 3.409882682755057e-05, 3.409882682755057e-05, 3.40500313428051e-05, 3.40500313428051e-05, 19.73353306090912], [1782890220, 3.40500313428051e-05, 3.689083561957912e-05, 3.40500313428051e-05, 3.678658461203055e-05, 248.5044579248516], [1782890280, 3.678658461203055e-05, 3.70701428507013e-05, 3.678658461203055e-05, 3.70701428507013e-05, 36.82766071810785], [1782892380, 3.70701428507013e-05, 3.70701428507013e-05, 3.55976291041925e-05, 3.56281930035334e-05, 133.78892292606332], [1782893340, 3.56281930035334e-05, 3.56281930035334e-05, 3.561163930632769e-05, 3.561163930632769e-05, 3.826879518928946], [1782894780, 3.561163930632769e-05, 3.561163930632769e-05, 3.5334030266584504e-05, 3.5334030266584504e-05, 26.567990179205513], [1782898140, 3.5334030266584504e-05, 3.5334030266584504e-05, 3.490845986517652e-05, 3.490845986517652e-05, 102.88729436708704], [1782899160, 3.490845986517652e-05, 3.490845986517652e-05, 3.072251979347274e-05, 3.072251979347274e-05, 439.375463449111], [1782901320, 3.072251979347274e-05, 3.072251979347274e-05, 3.0385234468854706e-05, 3.0385234468854706e-05, 8.065042412739707], [1782902940, 3.0385234468854706e-05, 3.0385234468854706e-05, 3.0005929959789234e-05, 3.0005929959789234e-05, 48.439131204606205], [1782903120, 3.0005929959789234e-05, 3.0219247303121205e-05, 2.983540987455796e-05, 2.983540987455796e-05, 29.489907370174173], [1782903240, 2.983540987455796e-05, 3.0180288679091207e-05, 2.9779399278270532e-05, 2.9779399278270532e-05, 11.793039480848401], [1782903300, 2.9779399278270532e-05, 3.015595539544247e-05, 2.9779399278270532e-05, 3.015595539544247e-05, 7.412293495402144], [1782903360, 3.015595539544247e-05, 3.015595539544247e-05, 2.9791847643724044e-05, 2.9791847643724044e-05, 7.322796297110894], [1782903840, 2.9791847643724044e-05, 2.9791847643724044e-05, 2.9661017373985456e-05, 2.9661017373985456e-05, 5.580355101575385], [1782904680, 2.9661017373985456e-05, 3.116196424336826e-05, 2.9661017373985456e-05, 3.116196424336826e-05, 113.40989241354231], [1782905340, 3.116196424336826e-05, 3.116196424336826e-05, 3.0353366489119697e-05, 3.0353366489119697e-05, 76.21493860424175], [1782906660, 3.0353366489119697e-05, 3.0353366489119697e-05, 2.8944967380013866e-05, 2.897886042093179e-05, 108.88354887882942], [1782907560, 2.897886042093179e-05, 2.897886042093179e-05, 2.7490814647715035e-05, 2.7508564517786356e-05, 206.33853035690962], [1782907800, 2.7508564517786356e-05, 2.7508564517786356e-05, 2.7196934625462152e-05, 2.7196934625462152e-05, 0.5095572332776721], [1782911040, 2.7196934625462152e-05, 2.7211630631076623e-05, 2.7196934625462152e-05, 2.7211630631076623e-05, 0.5685289908121901], [1782911220, 2.7211630631076623e-05, 2.7211630631076623e-05, 2.707089471843556e-05, 2.707089471843556e-05, 27.008222582114414], [1782912060, 2.707089471843556e-05, 2.707089471843556e-05, 2.7007687709194032e-05, 2.7007687709194032e-05, 0.06404474809250879], [1782914760, 2.7007687709194032e-05, 2.72377322974588e-05, 2.7007687709194032e-05, 2.72377322974588e-05, 13.164956077735612], [1782918180, 2.72377322974588e-05, 2.800805326622269e-05, 2.72377322974588e-05, 2.800805326622269e-05, 0.022537999043918556], [1782918420, 2.800805326622269e-05, 2.8155865573395535e-05, 2.800805326622269e-05, 2.8155865573395535e-05, 9.095322549195041], [1782918540, 2.8155865573395535e-05, 2.8155865573395535e-05, 2.7614409819009336e-05, 2.7614409819009336e-05, 24.78023167337135], [1782918600, 2.7614409819009336e-05, 2.791255252754687e-05, 2.7614409819009336e-05, 2.791255252754687e-05, 15.21730260273326], [1782919320, 2.791255252754687e-05, 2.791255252754687e-05, 2.760557045832923e-05, 2.760557045832923e-05, 15.04994280873779], [1782919920, 2.760557045832923e-05, 2.760557045832923e-05, 2.7516687118466605e-05, 2.7516687118466605e-05, 27.534456149024603], [1782920040, 2.7516687118466605e-05, 2.773495096110988e-05, 2.7516687118466605e-05, 2.773495096110988e-05, 7.5695069926865886], [1782920400, 2.773495096110988e-05, 2.7775800136934032e-05, 2.773495096110988e-05, 2.7775800136934032e-05, 1.2869498055499047], [1782920640, 2.7775800136934032e-05, 2.7775800136934032e-05, 2.7477335746494234e-05, 2.7477335746494234e-05, 3.029267378287869], [1782920940, 2.7477335746494234e-05, 2.7813090871940895e-05, 2.7477335746494234e-05, 2.7813090871940895e-05, 10.135700602530875], [1782921540, 2.7813090871940895e-05, 3.2069363375995086e-05, 2.7813090871940895e-05, 3.2069363375995086e-05, 486.8702986965323], [1782921960, 3.2069363375995086e-05, 3.2292735328351e-05, 3.2069363375995086e-05, 3.2292735328351e-05, 19.499389029172978], [1782922680, 3.2292735328351e-05, 3.2292735328351e-05, 3.1500154889832676e-05, 3.1500154889832676e-05, 57.647142463065435], [1782923340, 3.1500154889832676e-05, 3.1500154889832676e-05, 2.9615409876424522e-05, 2.9615409876424522e-05, 437.61431766379553], [1782925440, 2.9615409876424522e-05, 2.9615409876424522e-05, 2.7957882901283445e-05, 2.7957882901283445e-05, 38.02817214382138], [1782931740, 2.7957882901283445e-05, 2.8439925001331926e-05, 2.7957882901283445e-05, 2.8439925001331926e-05, 35.29963803498263], [1782932520, 2.8439925001331926e-05, 2.8439925001331926e-05, 2.8270535990004464e-05, 2.8270535990004464e-05, 5.740225702612982], [1782933240, 2.8270535990004464e-05, 2.8270535990004464e-05, 2.8193201095684822e-05, 2.8193201095684822e-05, 1.3411911981263664], [1782933900, 2.8193201095684822e-05, 3.1057589270184444e-05, 2.8193201095684822e-05, 3.1057589270184444e-05, 320.3198962673275], [1782933960, 3.1057589270184444e-05, 3.1595028234711096e-05, 3.1057589270184444e-05, 3.1595028234711096e-05, 70.56622688241475], [1782934800, 3.1595028234711096e-05, 3.2123564017558105e-05, 3.1595028234711096e-05, 3.2123564017558105e-05, 34.10992467744716], [1782935460, 3.2123564017558105e-05, 3.235395355441158e-05, 3.2123564017558105e-05, 3.235395355441158e-05, 20.689779180925793], [1782935520, 3.235395355441158e-05, 3.241415915875606e-05, 3.235395355441158e-05, 3.241415915875606e-05, 0.17806005206154069], [1782935700, 3.241415915875606e-05, 3.241415915875606e-05, 3.16379014636905e-05, 3.16379014636905e-05, 36.31279593132065], [1782935820, 3.16379014636905e-05, 3.211834238626837e-05, 3.16379014636905e-05, 3.211834238626837e-05, 30.71652857515738], [1782935940, 3.211834238626837e-05, 3.211834238626837e-05, 2.9547737541069793e-05, 2.961459283196369e-05, 257.0398287617541], [1782936780, 2.961459283196369e-05, 2.961459283196369e-05, 2.9193756389068295e-05, 2.9193756389068295e-05, 60.236802582935255], [1782937200, 2.9193756389068295e-05, 2.9193756389068295e-05, 2.886019619823583e-05, 2.886019619823583e-05, 6.550134837346816], [1782937740, 2.886019619823583e-05, 2.886019619823583e-05, 2.8099513316234624e-05, 2.8099513316234624e-05, 118.55970972845826], [1782938100, 2.8099513316234624e-05, 2.9190275729852646e-05, 2.8099513316234624e-05, 2.9190275729852646e-05, 113.09681027615773], [1782938220, 2.9190275729852646e-05, 2.9190275729852646e-05, 2.8867372386093217e-05, 2.8867372386093217e-05, 0.6529687961747579], [1782938340, 2.8867372386093217e-05, 2.8867372386093217e-05, 2.841070666801056e-05, 2.841070666801056e-05, 104.3431755350217], [1782938580, 2.841070666801056e-05, 2.8583113177220007e-05, 2.841070666801056e-05, 2.8583113177220007e-05, 51.00090974978377], [1782939660, 2.8583113177220007e-05, 2.9076402655312502e-05, 2.8583113177220007e-05, 2.9076402655312502e-05, 26.65692623564604], [1782939960, 2.9076402655312502e-05, 2.9508100366913107e-05, 2.9076402655312502e-05, 2.9508100366913107e-05, 49.65932819686005], [1782941280, 2.9508100366913107e-05, 2.9750979398729656e-05, 2.9508100366913107e-05, 2.9750979398729656e-05, 0.7608198307842634], [1782941460, 2.9750979398729656e-05, 3.235504059788179e-05, 2.9750979398729656e-05, 3.230255357251161e-05, 284.4905694259141], [1782942000, 3.230255357251161e-05, 3.230255357251161e-05, 3.2065594350833624e-05, 3.2065594350833624e-05, 