{"pair": "7Ww3YihMX63nKeM3n68MAHvRMnZAmtYq5Rshb6WzYPkX", "n_bars": 100, "span": [1782915562.0, 1782946145.0], "bars": [[1782915780, 6.944335810958401e-06, 7.180781832123637e-06, 6.944335810958401e-06, 7.180781832123637e-06, 21.297321554097927], [1782915900, 7.180781832123637e-06, 7.180781832123637e-06, 7.126597769492702e-06, 7.126597769492702e-06, 1.0670135114091066], [1782916020, 7.126597769492702e-06, 7.2364404474633115e-06, 7.126597769492702e-06, 7.2364404474633115e-06, 16.676564726622576], [1782916200, 7.2364404474633115e-06, 7.557623729889357e-06, 7.2364404474633115e-06, 7.557623729889357e-06, 63.739333023360864], [1782916260, 7.557623729889357e-06, 8.302784379231574e-06, 7.557623729889357e-06, 8.265732949069845e-06, 161.33311034539156], [1782916320, 8.265732949069845e-06, 8.418764657759537e-06, 8.265732949069845e-06, 8.418764657759537e-06, 27.81756137415497], [1782916380, 8.418764657759537e-06, 8.581363688916708e-06, 8.418764657759537e-06, 8.581363688916708e-06, 37.36214968253923], [1782916440, 8.581363688916708e-06, 8.623726162595145e-06, 8.457208841679839e-06, 8.623726162595145e-06, 30.699975746754752], [1782916500, 8.623726162595145e-06, 8.811057846743957e-06, 8.623726162595145e-06, 8.811057846743957e-06, 35.05646146362204], [1782916560, 8.811057846743957e-06, 9.046426583596822e-06, 8.811057846743957e-06, 9.046426583596822e-06, 43.55627525070476], [1782916620, 9.046426583596822e-06, 9.315795780854503e-06, 9.046426583596822e-06, 9.315795780854503e-06, 63.65850113970335], [1782916740, 9.315795780854503e-06, 9.315795780854503e-06, 9.113350094294758e-06, 9.113350094294758e-06, 37.27447522838536], [1782916860, 9.113350094294758e-06, 9.556171386050417e-06, 9.113350094294758e-06, 9.516384979615088e-06, 66.83127096276418], [1782916920, 9.516384979615088e-06, 1.0015128969197948e-05, 9.516384979615088e-06, 1.0015128969197948e-05, 105.28258515882695], [1782916980, 1.0015128969197948e-05, 1.014648699562151e-05, 1.0015128969197948e-05, 1.014648699562151e-05, 2.46906814091685], [1782917040, 1.014648699562151e-05, 1.0195188598096185e-05, 1.014648699562151e-05, 1.0195188598096185e-05, 19.757359455698854], [1782917340, 1.0195188598096185e-05, 1.0301411354945354e-05, 1.0195188598096185e-05, 1.0301411354945354e-05, 12.294344509030573], [1782917400, 1.0301411354945354e-05, 1.0474268460946282e-05, 1.0301411354945354e-05, 1.0474268460946282e-05, 35.411229198648144], [1782917460, 1.0474268460946282e-05, 1.0582648028768741e-05, 1.0474268460946282e-05, 1.0582648028768741e-05, 7.961768871401898], [1782917580, 1.0582648028768741e-05, 1.0582648028768741e-05, 1.0581463027549966e-05, 1.0581463027549966e-05, 0.2344985719784598], [1782917640, 1.0581463027549966e-05, 1.0581463027549966e-05, 1.0560277414465703e-05, 1.0560277414465703e-05, 0.043713985595192725], [1782917700, 1.0560277414465703e-05, 1.0560277414465703e-05, 1.0542745062378657e-05, 1.0542745062378657e-05, 0.023960909694220302], [1782917760, 1.0542745062378657e-05, 1.0542745062378657e-05, 1.0324166546758945e-05, 1.0369381966389223e-05, 22.976714749954454], [1782917820, 1.0369381966389223e-05, 1.0715335476499929e-05, 1.0369381966389223e-05, 1.0715335476499929e-05, 56.173205374499126], [1782917880, 1.0715335476499929e-05, 1.0952560338144761e-05, 1.0715335476499929e-05, 1.0952560338144761e-05, 44.756032699587465], [1782918000, 1.0952560338144761e-05, 1.0952560338144761e-05, 1.0823271199702562e-05, 1.0823271199702562e-05, 8.466228875033476], [1782918060, 1.0823271199702562e-05, 1.1080009774627866e-05, 1.0823271199702562e-05, 1.1080009774627866e-05, 27.463729325886014], [1782918120, 1.1080009774627866e-05, 1.116074808543656e-05, 1.1080009774627866e-05, 1.116074808543656e-05, 13.75923857727591], [1782918180, 1.116074808543656e-05, 1.1193428110618908e-05, 1.116074808543656e-05, 1.1193428110618908e-05, 3.7275034640746356], [1782918240, 1.1193428110618908e-05, 1.1217216879458717e-05, 1.1193428110618908e-05, 1.1217216879458717e-05, 2.589691932625442], [1782918420, 1.1217216879458717e-05, 1.1217216879458717e-05, 1.0835062362679815e-05, 1.0878040111411363e-05, 55.64325090233454], [1782918600, 1.0878040111411363e-05, 1.1204199035190307e-05, 1.0878040111411363e-05, 1.1204199035190307e-05, 57.86058460775092], [1782918660, 1.1204199035190307e-05, 1.1359574482054749e-05, 1.1204199035190307e-05, 1.1359574482054749e-05, 24.528202919330106], [1782918720, 1.1359574482054749e-05, 1.1359574482054749e-05, 1.1162367426127293e-05, 1.1162367426127293e-05, 17.91488413998871], [1782918780, 1.1162367426127293e-05, 1.1162367426127293e-05, 8.323198039327494e-06, 8.323198039327494e-06, 675.9600122576447], [1782918840, 8.323198039327494e-06, 8.323198039327494e-06, 7.84312295762149e-06, 7.84312295762149e-06, 13.716373587585577], [1782918900, 7.84312295762149e-06, 7.84312295762149e-06, 7.733072377666129e-06, 7.733072377666129e-06, 39.00160568423838], [1782919140, 7.733072377666129e-06, 7.733072377666129e-06, 7.647534491483956e-06, 7.647534491483956e-06, 0.8051271753500484], [1782919560, 7.647534491483956e-06, 7.701320077339534e-06, 7.647534491483956e-06, 7.701320077339534e-06, 2.5029240079092117], [1782919620, 7.701320077339534e-06, 7.701320077339534e-06, 7.68448724466827e-06, 7.68448724466827e-06, 8.227949637636588], [1782919860, 7.68448724466827e-06, 7.68448724466827e-06, 6.383974384497701e-06, 6.4190942258293585e-06, 288.8308629364715], [1782919920, 6.4190942258293585e-06, 6.433985500602594e-06, 6.330944621134277e-06, 6.433985500602594e-06, 26.621185173958846], [1782919980, 6.433985500602594e-06, 6.545291179907133e-06, 6.433985500602594e-06, 6.545291179907133e-06, 23.281250733281247], [1782920700, 6.545291179907133e-06, 6.545291179907133e-06, 6.467730849416977e-06, 6.467730849416977e-06, 4.880270732453797], [1782921000, 6.467730849416977e-06, 6.467730849416977e-06, 6.437407497798142e-06, 6.437407497798142e-06, 0.3170001161959322], [1782921060, 6.437407497798142e-06, 6.437407497798142e-06, 6.4323782978528715e-06, 6.4323782978528715e-06, 1.5350119885679656], [1782921240, 6.4323782978528715e-06, 6.4323782978528715e-06, 6.4293936183871925e-06, 6.4293936183871925e-06, 2.8775653389400078], [1782921300, 6.4293936183871925e-06, 6.4293936183871925e-06, 6.4206208070302e-06, 6.4206208070302e-06, 0.346372608281139], [1782921480, 6.4206208070302e-06, 6.429865181226962e-06, 6.4206208070302e-06, 6.429865181226962e-06, 4.9390228104135385], [1782921540, 6.429865181226962e-06, 6.506584120484671e-06, 6.429865181226962e-06, 6.506584120484671e-06, 0.6867482686304553], [1782921840, 6.506584120484671e-06, 6.506584120484671e-06, 6.25903967078997e-06, 6.25903967078997e-06, 38.53203908881353], [1782921900, 6.25903967078997e-06, 6.3223155425107205e-06, 6.25903967078997e-06, 6.3223155425107205e-06, 0.6366004510502449], [1782921960, 6.3223155425107205e-06, 6.360935362720361e-06, 6.3223155425107205e-06, 6.360935362720361e-06, 10.272131692777341], [1782922020, 6.360935362720361e-06, 7.059700668641459e-06, 6.360935362720361e-06, 7.000492512883212e-06, 165.16152615952146], [1782922680, 7.000492512883212e-06, 7.153541019221534e-06, 7.000492512883212e-06, 7.153541019221534e-06, 29.630700876198798], [1782922800, 7.153541019221534e-06, 7.153541019221534e-06, 6.760691972241836e-06, 6.760691972241836e-06, 88.6637152983171], [1782922860, 6.760691972241836e-06, 6.94463319222922e-06, 6.741638378432787e-06, 6.94463319222922e-06, 30.60505993708514], [1782923280, 6.94463319222922e-06, 6.94463319222922e-06, 6.878683063691955e-06, 6.878683063691955e-06, 13.279066017756104], [1782923520, 6.878683063691955e-06, 6.878683063691955e-06, 6.527423408654589e-06, 6.527423408654589e-06, 1.9524170357488848], [1782923760, 6.527423408654589e-06, 6.5552229604287535e-06, 6.527423408654589e-06, 6.5552229604287535e-06, 13.807738391743644], [1782923820, 6.5552229604287535e-06, 6.5552229604287535e-06, 6.499177791093218e-06, 6.499177791093218e-06, 0.8652525709370766], [1782924120, 6.499177791093218e-06, 6.5828831380875406e-06, 6.499177791093218e-06, 6.5828831380875406e-06, 4.778978282048314], [1782924240, 