{"pair": "eAVVVCtbsDq5YCi9V2LSZnhN8Zv5xc2vhBwfsDPSSaT", "n_bars": 153, "span": [1782932748.0, 1782946222.0], "bars": [[1782932760, 2.335490881919007e-05, 2.3377081221678285e-05, 2.243563875542795e-05, 2.243563875542795e-05, 96.6801197087672], [1782932820, 2.243563875542795e-05, 2.243563875542795e-05, 2.067863757695117e-05, 2.067863757695117e-05, 314.0931430575915], [1782932880, 2.067863757695117e-05, 2.18682700154167e-05, 2.0531616714344313e-05, 2.18682700154167e-05, 205.64369045398067], [1782933000, 2.18682700154167e-05, 2.246734172769711e-05, 2.1125315488375077e-05, 2.1357917178370086e-05, 221.7982704959059], [1782933060, 2.1357917178370086e-05, 2.1403788158452987e-05, 2.1357917178370086e-05, 2.1403788158452987e-05, 9.56808818792195], [1782933120, 2.1403788158452987e-05, 2.1432076790187975e-05, 2.1403788158452987e-05, 2.1432076790187975e-05, 4.545300660963262], [1782933180, 2.1432076790187975e-05, 2.1432076790187975e-05, 2.1020282712857904e-05, 2.1020282712857904e-05, 19.258287961590337], [1782933240, 2.1020282712857904e-05, 2.131497681523979e-05, 2.1020282712857904e-05, 2.131497681523979e-05, 1.7371466023855637], [1782933300, 2.131497681523979e-05, 2.1617665756654527e-05, 2.131497681523979e-05, 2.1617665756654527e-05, 78.7527254788217], [1782933360, 2.1617665756654527e-05, 2.3168171050043283e-05, 2.1617665756654527e-05, 2.3168171050043283e-05, 167.45601053958063], [1782933420, 2.3168171050043283e-05, 2.3168171050043283e-05, 2.1882093236488196e-05, 2.1882093236488196e-05, 153.51347924299927], [1782933480, 2.1882093236488196e-05, 2.1887390571401924e-05, 2.1882093236488196e-05, 2.1887390571401924e-05, 1.433614514638574], [1782933540, 2.1887390571401924e-05, 2.1887390571401924e-05, 2.140540663569886e-05, 2.1409058313475513e-05, 95.59574431581976], [1782933600, 2.1409058313475513e-05, 2.1409058313475513e-05, 2.112147433593565e-05, 2.112147433593565e-05, 2.576938608442404], [1782933660, 2.112147433593565e-05, 2.112147433593565e-05, 1.9284891301521436e-05, 2.0105206512105276e-05, 382.211315707446], [1782933720, 2.0105206512105276e-05, 2.0105206512105276e-05, 1.9747600305185585e-05, 1.983851710090591e-05, 66.10680510481984], [1782933780, 1.983851710090591e-05, 1.983851710090591e-05, 1.9061682989815636e-05, 1.9276320135969617e-05, 143.25707127344356], [1782933840, 1.9276320135969617e-05, 1.9304583250610257e-05, 1.903390263351178e-05, 1.9304583250610257e-05, 6.108903422044143], [1782933900, 1.9304583250610257e-05, 1.9304583250610257e-05, 1.8003318038090296e-05, 1.8003318038090296e-05, 249.90160161262787], [1782933960, 1.8003318038090296e-05, 1.8003318038090296e-05, 1.724222017233209e-05, 1.7463537508838666e-05, 92.01897385162924], [1782934020, 1.7463537508838666e-05, 1.818648674654529e-05, 1.724191394849318e-05, 1.818648674654529e-05, 120.2818742990632], [1782934080, 1.818648674654529e-05, 1.8313527596405694e-05, 1.818648674654529e-05, 1.8313527596405694e-05, 3.022616500778391], [1782934140, 1.8313527596405694e-05, 1.8313527596405694e-05, 1.808273424036615e-05, 1.808273424036615e-05, 1.3003645184447863], [1782934200, 1.808273424036615e-05, 1.808273424036615e-05, 1.802925474638289e-05, 1.802925474638289e-05, 18.608202836405265], [1782934260, 1.802925474638289e-05, 1.802925474638289e-05, 1.7796436048908217e-05, 1.7796436048908217e-05, 38.231464454594736], [1782934320, 1.7796436048908217e-05, 1.7796436048908217e-05, 1.762583856291972e-05, 1.762583856291972e-05, 21.13554771616661], [1782934380, 1.762583856291972e-05, 1.762583856291972e-05, 1.749620739066068e-05, 1.749620739066068e-05, 10.010465010789074], [1782934440, 1.749620739066068e-05, 1.749620739066068e-05, 1.7492459792061468e-05, 1.7492459792061468e-05, 1.2798693963082457], [1782934500, 1.7492459792061468e-05, 1.754256244488061e-05, 1.7332719488825234e-05, 1.7332719488825234e-05, 21.361001384828864], [1782934560, 1.7332719488825234e-05, 1.754939497007612e-05, 1.7332719488825234e-05, 1.754939497007612e-05, 7.625526835467158], [1782934620, 1.754939497007612e-05, 1.754939497007612e-05, 1.7248867435810635e-05, 1.7407674900269285e-05, 38.98801896443433], [1782934680, 1.7407674900269285e-05, 1.745164075498197e-05, 1.714738446720663e-05, 1.7184023415664325e-05, 134.68163896187752], [1782934740, 1.7184023415664325e-05, 1.733519039068274e-05, 1.663939281594013e-05, 1.7323010465775128e-05, 141.79736446611378], [1782934800, 1.7323010465775128e-05, 1.7323010465775128e-05, 1.6353970924898827e-05, 1.6353970924898827e-05, 160.4796409124964], [1782934860, 1.6353970924898827e-05, 1.6353970924898827e-05, 1.3200468442243402e-05, 1.4632672789291089e-05, 1061.3638952993128], [1782934920, 1.4632672789291089e-05, 1.477818538367415e-05, 1.4462233303703633e-05, 1.4462233303703633e-05, 82.11174420225309], [1782934980, 1.4462233303703633e-05, 1.4614605166704445e-05, 1.4462233303703633e-05, 1.4614605166704445e-05, 11.050481223553751], [1782935040, 1.4614605166704445e-05, 1.4614605166704445e-05, 1.440889074908377e-05, 1.460426513923026e-05, 45.038071712420894], [1782935100, 1.460426513923026e-05, 1.460426513923026e-05, 1.4296838119939991e-05, 1.4296838119939991e-05, 36.90641086670577], [1782935160, 1.4296838119939991e-05, 1.4475007779377199e-05, 1.427991090969356e-05, 1.427991090969356e-05, 18.916582997328543], [1782935280, 1.427991090969356e-05, 1.427991090969356e-05, 1.4261876644231703e-05, 1.4261876644231703e-05, 1.1544556775176325], [1782935340, 1.4261876644231703e-05, 1.4436936858809008e-05, 1.4198692176244114e-05, 1.4198692176244114e-05, 23.137925910063295], [1782935400, 1.4198692176244114e-05, 1.4198692176244114e-05, 1.4142040354518761e-05, 1.4142040354518761e-05, 1.1493718207905443], [1782935460, 1.4142040354518761e-05, 1.4142040354518761e-05, 1.3775857753826232e-05, 1.3883269029773105e-05, 72.84624682342942], [1782935520, 1.3883269029773105e-05, 1.3883269029773105e-05, 1.3659114968172026e-05, 1.3659114968172026e-05, 17.050332878310485], [1782935580, 1.3659114968172026e-05, 1.3805555594945668e-05, 1.3638282727866201e-05, 1.3638282727866201e-05, 4.166226649630916], [1782935640, 1.3638282727866201e-05, 1.3645717801415995e-05, 1.3141399138949373e-05, 1.3396006085418148e-05, 173.19114265489208], [1782935700, 1.3396006085418148e-05, 1.3730347670964008e-05, 1.3396006085418148e-05, 1.3710207001012213e-05, 72.31059551003544], [1782935760, 1.3710207001012213e-05, 1.3710207001012213e-05, 1.3443190003904722e-05, 1.3443190003904722e-05, 46.590000616793965], [1782935820, 1.3443190003904722e-05, 1.3443190003904722e-05, 1.3280273507530334e-05, 1.3280273507530334e-05, 37.63771562770499], [1782935880, 1.3280273507530334e-05, 1.330063362592232e-05, 1.3145442934227223e-05, 1.330063362592232e-05, 4.884768211181182], [1782935940, 1.330063362592232e-05, 1.330063362592232e-05, 1.3149914422959694e-05, 1.3149914422959694e-05, 1.1068246387663743], [1782936000, 1.3149914422959694e-05, 1.3362414435594319e-05, 1.3149914422959694e-05, 1.3362414435594319e-05, 14.895880881593925], [1782936120, 1.3362414435594319e-05, 1.3362414435594319e-05, 1.3006600338213078e-05, 1.305818809765736e-05, 52.223501256087715], [1782936180, 1.305818809765736e-05, 1.305818809765736e-05, 1.301152499309495e-05, 1.301152499309495e-05, 23.268506888236875], [1782936240, 1.301152499309495e-05, 1.301152499309495e-05, 1.293431016285159e-05, 1.293431016285159e-05, 1.0970199148647897], [1782936300, 1.293431016285159e-05, 1.310381466296607e-05, 1.2899044701108186e-05, 1.3030153058904435e-05, 13.475116187479518], [1782936360, 1.3030153058904435e-05, 1.3030153058904435e-05, 1.280342144131606e-05, 1.2923755223539152e-05, 18.65628318902224], [1782936420, 1.2923755223539152e-05, 1.2948060305062863e-05, 1.2828828202938736e-05, 1.2828828202938736e-05, 12.848889785893743], [1782936480, 1.2828828202938736e-05, 1.3001734692362787e-05, 1.2828828202938736e-05, 1.3001734692362787e-05, 4.000908634201119], [1782936540, 1.3001734692362787e-05, 1.3001734692362787e-05, 1.2593477374848267e-05, 1.2680599710314061e-05, 58.491237268636475], [1782936600, 1.2680599710314061e-05, 1.2680599710314061e-05, 