{"pair": "2gSSKamSzBF5zEfaJWFD26t8EkGpyAx1aXXQipprwNHv", "n_bars": 51, "span": [1782844724.0, 1782939667.0], "bars": [[1782845220, 0.00017029626455069362, 0.000173184082071306, 0.00017029626455069362, 0.000173184082071306, 7.231823032415119], [1782845580, 0.000173184082071306, 0.000173184082071306, 0.0001708344391792908, 0.0001708344391792908, 38.44422421002364], [1782846600, 0.0001708344391792908, 0.0001726075411630095, 0.0001708344391792908, 0.0001726075411630095, 6.038095962134859], [1782846660, 0.0001726075411630095, 0.00017266354937398333, 0.0001726075411630095, 0.00017266354937398333, 5.51655996210555], [1782848220, 0.00017266354937398333, 0.00017348130897637502, 0.00017266354937398333, 0.00017348130897637502, 7.033643859515543], [1782848280, 0.00017348130897637502, 0.00017348130897637502, 0.00017100228647734387, 0.00017100228647734387, 6.933134118836298], [1782848700, 0.00017100228647734387, 0.00017349574734769644, 0.00017100228647734387, 0.00017349574734769644, 13.71028476919251], [1782848880, 0.00017349574734769644, 0.00017349574734769644, 0.00017059929226554142, 0.00017059929226554142, 35.34310233337783], [1782851340, 0.00017059929226554142, 0.0001730154540853299, 0.00017059929226554142, 0.0001730154540853299, 33.05264913639314], [1782852840, 0.0001730154540853299, 0.0001730154540853299, 0.00017081347799627417, 0.00017081347799627417, 0.0025622021699441126], [1782853260, 0.00017081347799627417, 0.00017098291887068868, 0.00017081347799627417, 0.00017098291887068868, 0.7644091541788899], [1782854940, 0.00017098291887068868, 0.00017239115863680745, 0.00017098291887068868, 0.00017239115863680745, 0.3235944350440909], [1782855000, 0.00017239115863680745, 0.00017241693113708375, 0.00017239115863680745, 0.00017241693113708375, 7.215305119249888], [1782858840, 0.00017241693113708375, 0.0001727323014702284, 0.00017241693113708375, 0.0001727323014702284, 7.130155763525414], [1782859020, 0.0001727323014702284, 0.00017303813566148306, 0.0001708912251296785, 0.0001708912251296785, 19.29608022277484], [1782859620, 0.0001708912251296785, 0.0001708912251296785, 0.00017023273926804487, 0.00017023273926804487, 61.118187930612294], [1782862680, 0.00017023273926804487, 0.00017023273926804487, 0.00017002774676280435, 0.00017002774676280435, 0.319158088446086], [1782874680, 0.00017002774676280435, 0.0001755736226424672, 0.00017002774676280435, 0.0001755736226424672, 39.713123594883875], [1782876240, 0.0001755736226424672, 0.0001755736226424672, 0.00017241184582376406, 0.00017241184582376406, 22.735919161025855], [1782877800, 0.00017241184582376406, 0.00017432115351373245, 0.00017241184582376406, 0.00017432115351373245, 1.2595240208682914], [1782882300, 0.00017432115351373245, 0.00017752422398088162, 0.00017432115351373245, 0.00017752422398088162, 2.6261404363597363], [1782886860, 0.00017752422398088162, 0.00017789829269287835, 0.00017366554066808456, 0.00017543335713272526, 156.83765084552581], [1782886920, 0.00017543335713272526, 0.0001779224724196546, 0.00017543335713272526, 0.00017590526487654582, 39.59429584093638], [1782889260, 0.00017590526487654582, 0.00017590526487654582, 0.00017443040022603913, 0.00017443040022603913, 74.46640870066152], [1782890760, 0.00017443040022603913, 0.00017872592654983005, 0.00017443040022603913, 0.00017815306732640738, 196.21901872626557], [1782893460, 0.00017815306732640738, 0.00017862970569430199, 0.00017815306732640738, 0.00017862970569430199, 12.082317011805262], [1782902520, 0.00017862970569430199, 0.00017862970569430199, 0.00017503378724077412, 0.00017520275769945947, 174.6820280231567], [1782903180, 0.00017520275769945947, 0.0001786021655476214, 0.00017520275769945947, 0.0001765778769168462, 79.82750917912938], [1782903360, 0.0001765778769168462, 0.0001765778769168462, 0.00017614981396320913, 0.00017614981396320913, 29.459970087411296], [1782904020, 0.00017614981396320913, 0.0001776859474884323, 0.00017614981396320913, 0.0001776859474884323, 0.04914379014974873], [1782904380, 0.0001776859474884323, 0.000178155956366767, 0.0001776859474884323, 0.000178155956366767, 9.341392120432687], [1782905160, 0.000178155956366767, 0.000178155956366767, 0.00017604540399508576, 0.00017604540399508576, 5.054624306222141], [1782905400, 0.00017604540399508576, 0.00017604540399508576, 0.000175386410637708, 0.000175386410637708, 19.091917018059313], [1782909660, 0.000175386410637708, 0.00017652330120705915, 0.000175386410637708, 0.00017652330120705915, 0.09834390957921366], [1782911400, 0.00017652330120705915, 0.0001773215087049356, 0.00017652330120705915, 0.0001773215087049356, 1.4816545164265889], [1782911940, 0.0001773215087049356, 0.00017743158370209572, 0.0001773215087049356, 0.00017743158370209572, 7.341913945996912], [1782912540, 0.00017743158370209572, 0.00017847778211879924, 0.00017743158370209572, 0.00017847778211879924, 10.362922446023493], [1782913020, 0.00017847778211879924, 0.00017847778211879924, 0.0001766370452669087, 0.0001766370452669087, 1.7172138131614483], [1782918060, 0.0001766370452669087, 0.00019113711748164854, 0.0001766370452669087, 0.0001910205122903869, 433.73405359554516], [1782918240, 0.0001910205122903869, 0.0001960866819476443, 0.0001910205122903869, 0.00019486321205875972, 233.7720911795641], [1782918300, 0.00019486321205875972, 0.00019486321205875972, 0.00019207180698312587, 0.00019207180698312587, 61.27090385113791], [1782918600, 0.00019207180698312587, 0.00019577677636948998, 0.00019196579498922432, 0.00019279059116904224, 150.46641783821786], [1782918720, 0.00019279059116904224, 0.00019483424397954264, 0.0001925145412230323, 0.00019483424397954264, 21.258545149516806], [1782918780, 0.00019483424397954264, 0.00019551688078513012, 0.00018994614150113606, 0.00018994614150113606, 185.2891889550744], [1782918900, 0.00018994614150113606, 0.0001925609270660331, 0.00018994614150113606, 0.0001925609270660331, 45.661136423315305], [1782919800, 0.0001925609270660331, 0.00019444277197237328, 0.00019211975186352205, 0.00019444277197237328, 20.46624130414379], [1782924360, 0.00019444277197237328, 0.00019459987763114375, 0.00019444277197237328, 0.00019459987763114375, 0.09840594936068713], [1782927060, 0.00019459987763114375, 0.00019459987763114375, 0.0001874424843586229, 0.0001874424843586229, 227.51405529131975], [1782927960, 0.0001874424843586229, 0.00019016290593641815, 0.0001874424843586229, 0.00019016290593641815, 23.10532686820069], [1782932280, 0.00019016290593641815, 0.0001911017921147404, 0.00018862226508588125, 0.00018862226508588125, 83.30838100832744], [1782934260, 0.00018862226508588125, 0.00018862226508588125, 0.00018845920901291644, 0.00018845920901291644, 5.5914230680883925]]}