{"pair": "EMx5ytM4rZchJ9gwJTNs2jd4qievETiiVkRKSazkwSh5", "n_bars": 70, "span": [1782900353.0, 1782944322.0], "bars": [[1782900360, 3.274168581518992e-05, 3.282448211962761e-05, 3.274168581518992e-05, 3.282448211962761e-05, 0.32170319985765855], [1782900720, 3.282448211962761e-05, 3.282448211962761e-05, 3.258599372208666e-05, 3.258599372208666e-05, 24.032406585858517], [1782901020, 3.258599372208666e-05, 3.258599372208666e-05, 3.2566903387150527e-05, 3.2566903387150527e-05, 1.1752130131693812], [1782901560, 3.2566903387150527e-05, 3.29670174981853e-05, 3.2566903387150527e-05, 3.29670174981853e-05, 7.444275490883764], [1782902520, 3.29670174981853e-05, 3.29670174981853e-05, 3.096001314756235e-05, 3.196456170507756e-05, 310.1725173620221], [1782902880, 3.196456170507756e-05, 3.196456170507756e-05, 3.152611956884525e-05, 3.152611956884525e-05, 10.713792429260826], [1782903600, 3.152611956884525e-05, 3.152611956884525e-05, 3.134560572543801e-05, 3.134560572543801e-05, 15.968218172663368], [1782903900, 3.134560572543801e-05, 3.134560572543801e-05, 3.103121434081899e-05, 3.103121434081899e-05, 38.64872677149409], [1782904800, 3.103121434081899e-05, 3.2426126726948296e-05, 3.094138157837981e-05, 3.2426126726948296e-05, 237.25001651593658], [1782904860, 3.2426126726948296e-05, 3.398365259744557e-05, 3.2426126726948296e-05, 3.398365259744557e-05, 42.12349143160041], [1782904920, 3.398365259744557e-05, 3.399271867471581e-05, 3.398365259744557e-05, 3.399271867471581e-05, 1.1318546266965814], [1782905460, 3.399271867471581e-05, 3.399271867471581e-05, 3.343544307864651e-05, 3.343544307864651e-05, 8.143759102967724], [1782905760, 3.343544307864651e-05, 3.343544307864651e-05, 3.0923661032735957e-05, 3.104714181505172e-05, 285.8597539939142], [1782906120, 3.104714181505172e-05, 3.104714181505172e-05, 3.0371026262244293e-05, 3.0371026262244293e-05, 94.81321839280255], [1782907320, 3.0371026262244293e-05, 3.0371026262244293e-05, 3.0338166382956163e-05, 3.0338166382956163e-05, 14.762610323891067], [1782907740, 3.0338166382956163e-05, 3.122154475396813e-05, 3.0338166382956163e-05, 3.115206288291039e-05, 89.62639304643912], [1782907860, 3.115206288291039e-05, 3.138060828968233e-05, 3.115206288291039e-05, 3.138060828968233e-05, 45.09576577145482], [1782908040, 3.138060828968233e-05, 3.138060828968233e-05, 3.085053986124694e-05, 3.085053986124694e-05, 32.10315774632498], [1782908100, 3.085053986124694e-05, 3.085053986124694e-05, 3.0366018797443098e-05, 3.0366018797443098e-05, 117.28950235288556], [1782908280, 3.0366018797443098e-05, 3.0366018797443098e-05, 2.946160890837221e-05, 2.981894514224723e-05, 106.306381642892], [1782908400, 2.981894514224723e-05, 2.981894514224723e-05, 2.9482031027954836e-05, 2.9482031027954836e-05, 10.01913223531255], [1782908460, 2.9482031027954836e-05, 2.9482031027954836e-05, 2.9420174469690986e-05, 2.9420174469690986e-05, 0.406424593124592], [1782908520, 2.9420174469690986e-05, 2.9420174469690986e-05, 2.8633532803954265e-05, 2.8637301881793323e-05, 105.77124021224381], [1782908640, 2.8637301881793323e-05, 2.8637301881793323e-05, 2.8393627979120145e-05, 2.8393627979120145e-05, 51.01222665042807], [1782908880, 2.8393627979120145e-05, 2.8393627979120145e-05, 2.75259991517974e-05, 2.75259991517974e-05, 145.00944657784208], [1782909240, 2.75259991517974e-05, 2.75259991517974e-05, 2.7395693607050753e-05, 2.7395693607050753e-05, 36.65975413308275], [1782910560, 2.7395693607050753e-05, 2.7395693607050753e-05, 2.7068584993449463e-05, 2.7068584993449463e-05, 22.293856091253698], [1782910920, 2.7068584993449463e-05, 2.7068584993449463e-05, 2.6871561784851092e-05, 2.6980068366938463e-05, 33.88371492852389], [1782911040, 2.6980068366938463e-05, 2.6980068366938463e-05, 2.681840487698599e-05, 2.681840487698599e-05, 0.5780778527768738], [1782911640, 2.681840487698599e-05, 2.681840487698599e-05, 2.6807969519978588e-05, 2.6807969519978588e-05, 8.461836087931168], [1782912000, 2.6807969519978588e-05, 2.6807969519978588e-05, 2.6748211367395173e-05, 2.6748211367395173e-05, 4.001830566772007], [1782912480, 2.6748211367395173e-05, 2.6748211367395173e-05, 2.6698526083708563e-05, 2.6698526083708563e-05, 36.156996357247024], [1782912540, 2.6698526083708563e-05, 2.6698526083708563e-05, 2.6419203622698634e-05, 2.6419203622698634e-05, 35.7787185012233], [1782913260, 2.6419203622698634e-05, 2.6419203622698634e-05, 2.6249527941507638e-05, 2.6249527941507638e-05, 18.152193504131883], [1782913380, 2.6249527941507638e-05, 2.640795384929955e-05, 2.6107672251833928e-05, 2.640795384929955e-05, 7.31842316190319], [1782913860, 2.640795384929955e-05, 2.640795384929955e-05, 2.592019236238923e-05, 2.592019236238923e-05, 36.03217845155896], [1782914940, 2.592019236238923e-05, 2.592019236238923e-05, 2.5896531920455796e-05, 2.5896531920455796e-05, 13.224626600844573], [1782915120, 2.5896531920455796e-05, 2.5896531920455796e-05, 2.576671003716504e-05, 2.576671003716504e-05, 28.246334234015062], [1782915900, 2.576671003716504e-05, 2.6454173793018877e-05, 2.576671003716504e-05, 2.6454173793018877e-05, 54.42819763429915], [1782915960, 2.6454173793018877e-05, 2.6454173793018877e-05, 2.6083740146878185e-05, 2.6083740146878185e-05, 53.55876969002015], [1782916860, 2.6083740146878185e-05, 2.6083740146878185e-05, 2.5850186579266487e-05, 2.5850186579266487e-05, 10.048362969614551], [1782916920, 2.5850186579266487e-05, 2.5850186579266487e-05, 2.5828254774040864e-05, 2.5828254774040864e-05, 3.0949230261832197], [1782917220, 2.5828254774040864e-05, 2.5828254774040864e-05, 2.5602649443848634e-05, 2.5602649443848634e-05, 39.59625629829195], [1782917580, 2.5602649443848634e-05, 2.5965393391693224e-05, 2.5602649443848634e-05, 2.5965393391693224e-05, 22.734854451537593], [1782917640, 2.5965393391693224e-05, 2.5965393391693224e-05, 2.5638978642999406e-05, 2.5638978642999406e-05, 10.503768560324616], [1782918240, 2.5638978642999406e-05, 2.5638978642999406e-05, 2.5569800228402577e-05, 2.5569800228402577e-05, 18.966609230115594], [1782918420, 2.5569800228402577e-05, 2.5569800228402577e-05, 2.5429533406244894e-05, 2.5429533406244894e-05, 39.36788834119402], [1782918960, 2.5429533406244894e-05, 2.5429533406244894e-05, 2.4983998404036482e-05, 2.4983998404036482e-05, 29.823646913099196], [1782922200, 2.4983998404036482e-05, 2.532701556320417e-05, 2.4983998404036482e-05, 2.532701556320417e-05, 1.129353591806109], [1782922860, 2.532701556320417e-05, 2.6984770747835273e-05, 2.532701556320417e-05, 2.6984770747835273e-05, 197.72890837315313], [1782923220, 2.6984770747835273e-05, 2.6984770747835273e-05, 2.5380388130078232e-05, 2.5440795538824893e-05, 176.82375229243434], [1782925140, 2.5440795538824893e-05, 2.5440795538824893e-05, 2.4995953168692162e-05, 2.4995953168692162e-05, 19.80569860475076], [1782926700, 2.4995953168692162e-05, 2.6506601875876524e-05, 2.4995953168692162e-05, 2.6506601875876524e-05, 130.12511382470106], [1782927720, 2.6506601875876524e-05, 2.6506601875876524e-05, 2.6099741577825045e-05, 2.6099741577825045e-05, 17.493353035641828], [1782927900, 2.6099741577825045e-05, 2.641333767393805e-05, 2.6099741577825045e-05, 2.641333767393805e-05, 7.776672923172139], [1782929700, 2.641333767393805e-05, 2.641333767393805e-05, 2.5745202880488164e-05, 2.5745202880488164e-05, 77.64785543516322], [1782930780, 2.5745202880488164e-05, 2.5745202880488164e-05, 2.5328908162468298e-05, 2.5328908162468298e-05, 18.236813876977173], [1782932160, 2.5328908162468298e-05, 2.5328908162468298e-05, 2.517144242943653e-05, 2.517144242943653e-05, 4.847355531603302], [1782933360, 2.517144242943653e-05, 2.553946179849834e-05, 2.517144242943653e-05, 2.5232812208881438e-05, 3.449207765660413], [1782936000, 2.5232812208881438e-05, 2.5232812208881438e-05, 2.4992156082987488e-05, 2.4992156082987488e-05, 3.209372516017649], [1782936540, 2.4992156082987488e-05, 2.4992156082987488e-05, 2.494807813608897e-05, 2.494807813608897e-05, 1.953715241514962], [1782938520, 2.494807813608897e-05, 2.5034713167192176e-05, 2.494807813608897e-05, 