{"pair": "36wRqESg6BpkAyfDwBwk7gjQp2wKzqCFs3y4Qwz6rQR8", "n_bars": 137, "span": [1782928784.0, 1782944593.0], "bars": [[1782928800, 4.705832603564443e-05, 4.7181504211851126e-05, 4.705832603564443e-05, 4.7181504211851126e-05, 4.754620307221846], [1782928860, 4.7181504211851126e-05, 4.746665891385462e-05, 4.7181504211851126e-05, 4.746665891385462e-05, 65.53386974033602], [1782928980, 4.746665891385462e-05, 4.814352562987578e-05, 4.746665891385462e-05, 4.814352562987578e-05, 54.510554356579924], [1782929160, 4.814352562987578e-05, 4.814352562987578e-05, 4.7321451215329006e-05, 4.7321451215329006e-05, 65.33339170758167], [1782929220, 4.7321451215329006e-05, 4.8298231293561246e-05, 4.7321451215329006e-05, 4.8298231293561246e-05, 153.38737990422956], [1782929520, 4.8298231293561246e-05, 4.909894588760723e-05, 4.8298231293561246e-05, 4.909894588760723e-05, 30.650683876165417], [1782929580, 4.909894588760723e-05, 4.936216573527355e-05, 4.866700429037846e-05, 4.911896361117814e-05, 83.10923152783302], [1782929640, 4.911896361117814e-05, 4.911896361117814e-05, 4.7265989968921274e-05, 4.7265989968921274e-05, 150.05664152178497], [1782929880, 4.7265989968921274e-05, 4.7265989968921274e-05, 4.721983033376792e-05, 4.721983033376792e-05, 0.5326503244621376], [1782930060, 4.721983033376792e-05, 4.721983033376792e-05, 4.62570797516676e-05, 4.62570797516676e-05, 130.48559936161783], [1782930240, 4.62570797516676e-05, 4.62570797516676e-05, 4.5681091269850413e-05, 4.5681091269850413e-05, 101.10604029844454], [1782930300, 4.5681091269850413e-05, 4.5847698983980624e-05, 4.5681091269850413e-05, 4.5847698983980624e-05, 3.8287074945382744], [1782930420, 4.5847698983980624e-05, 4.6146372099945225e-05, 4.525685556511619e-05, 4.6146372099945225e-05, 126.04808477370771], [1782930540, 4.6146372099945225e-05, 4.744283784635087e-05, 4.6146372099945225e-05, 4.744283784635087e-05, 131.48286244003228], [1782930600, 4.744283784635087e-05, 4.744283784635087e-05, 4.705362708995955e-05, 4.705362708995955e-05, 2.6499440878087195], [1782930720, 4.705362708995955e-05, 4.7716004880856206e-05, 4.705362708995955e-05, 4.710537902917431e-05, 26.805920639072802], [1782930780, 4.710537902917431e-05, 4.710537902917431e-05, 4.660656236736969e-05, 4.660656236736969e-05, 96.71662224755659], [1782931140, 4.660656236736969e-05, 4.8791560640836166e-05, 4.660656236736969e-05, 4.8791560640836166e-05, 304.6963162385817], [1782931200, 4.8791560640836166e-05, 4.9793750654103454e-05, 4.8791560640836166e-05, 4.9793750654103454e-05, 76.64544887414743], [1782931260, 4.9793750654103454e-05, 5.102400423332397e-05, 4.9793750654103454e-05, 5.102400423332397e-05, 205.11711341507828], [1782931320, 5.102400423332397e-05, 5.1961133041551496e-05, 5.102400423332397e-05, 5.1961133041551496e-05, 2.5304125057313116], [1782931440, 5.1961133041551496e-05, 5.242667435273212e-05, 5.1961133041551496e-05, 5.242667435273212e-05, 70.08777534219266], [1782931560, 5.242667435273212e-05, 5.304700664506704e-05, 5.242667435273212e-05, 5.304700664506704e-05, 51.87425837108867], [1782931620, 5.304700664506704e-05, 5.311118566229778e-05, 5.304700664506704e-05, 5.311118566229778e-05, 10.783444235436088], [1782931680, 5.311118566229778e-05, 5.311118566229778e-05, 5.17593888369811e-05, 5.17593888369811e-05, 160.50359293460738], [1782931800, 5.17593888369811e-05, 5.17593888369811e-05, 5.0956368311993214e-05, 5.0956368311993214e-05, 21.018613765465155], [1782932040, 5.0956368311993214e-05, 5.230342927856132e-05, 5.0956368311993214e-05, 5.230342927856132e-05, 178.14760792790847], [1782932100, 5.230342927856132e-05, 5.329101737975184e-05, 5.230342927856132e-05, 5.329101737975184e-05, 40.27546044023882], [1782932220, 5.329101737975184e-05, 5.329101737975184e-05, 4.898206328174243e-05, 4.898206328174243e-05, 514.0360535481644], [1782932280, 4.898206328174243e-05, 5.5745476140200986e-05, 4.898206328174243e-05, 5.5745476140200986e-05, 785.3531264245776], [1782932340, 5.5745476140200986e-05, 6.300725715106698e-05, 5.5745476140200986e-05, 6.300725715106698e-05, 1414.3359940635285], [1782932400, 6.300725715106698e-05, 6.300725715106698e-05, 6.190187169358998e-05, 6.190187169358998e-05, 55.23871056144964], [1782932460, 6.190187169358998e-05, 6.752650369567433e-05, 6.190187169358998e-05, 6.633309338214492e-05, 580.1225163631635], [1782932520, 6.633309338214492e-05, 6.69446385280463e-05, 6.59676495192404e-05, 6.59676495192404e-05, 23.904724586534854], [1782932580, 6.59676495192404e-05, 6.780457977229922e-05, 6.59676495192404e-05, 6.631116155157562e-05, 449.4279611758582], [1782932640, 6.631116155157562e-05, 6.990291710772537e-05, 6.497983582285048e-05, 6.990291710772537e-05, 615.2833479013959], [1782932700, 6.990291710772537e-05, 7.009971666581138e-05, 6.990291710772537e-05, 7.009971666581138e-05, 52.574787499358536], [1782932760, 7.009971666581138e-05, 7.009971666581138e-05, 6.659206268329026e-05, 6.659206268329026e-05, 545.28075778466], [1782932880, 6.659206268329026e-05, 6.659206268329026e-05, 6.415850023617497e-05, 6.556563549512618e-05, 141.96159991662577], [1782932940, 6.556563549512618e-05, 6.631354043412528e-05, 6.526626701083138e-05, 6.631354043412528e-05, 43.81631148220317], [1782933060, 6.631354043412528e-05, 6.631354043412528e-05, 6.472331512429951e-05, 6.472331512429951e-05, 171.46723840835682], [1782933180, 6.472331512429951e-05, 6.476983920025217e-05, 6.379679732768747e-05, 6.476983920025217e-05, 30.460050672228988], [1782933240, 6.476983920025217e-05, 6.487320739991038e-05, 6.476983920025217e-05, 6.487320739991038e-05, 0.10390935048711508], [1782933300, 6.487320739991038e-05, 6.487320739991038e-05, 6.377848226200126e-05, 6.377848226200126e-05, 39.59345055579134], [1782933600, 6.377848226200126e-05, 6.377848226200126e-05, 6.35317052474049e-05, 6.35317052474049e-05, 8.222997380990343], [1782933780, 6.35317052474049e-05, 6.440337482856491e-05, 6.35317052474049e-05, 6.440337482856491e-05, 0.734818121357694], [1782933900, 6.440337482856491e-05, 6.44275923326008e-05, 6.440337482856491e-05, 6.44275923326008e-05, 7.649317248091441], [1782933960, 6.44275923326008e-05, 6.44275923326008e-05, 6.353489940691343e-05, 6.441425743727673e-05, 10.585566567239676], [1782934080, 6.441425743727673e-05, 6.559216240709154e-05, 6.441425743727673e-05, 6.559216240709154e-05, 216.15383285063143], [1782934200, 6.559216240709154e-05, 6.777661796795805e-05, 6.559216240709154e-05, 6.777661796795805e-05, 302.4290370374421], [1782934260, 6.777661796795805e-05, 6.777661796795805e-05, 6.676217513442405e-05, 6.676217513442405e-05, 151.98584599831872], [1782934320, 6.676217513442405e-05, 6.742636199813698e-05, 6.676217513442405e-05, 6.742636199813698e-05, 98.37630240771892], [1782934440, 6.742636199813698e-05, 7.06843208791764e-05, 6.742636199813698e-05, 7.06843208791764e-05, 305.0535023623848], [1782934500, 7.06843208791764e-05, 7.210703935646009e-05, 7.06843208791764e-05, 7.210703935646009e-05, 195.2329612632781], [1782934620, 7.210703935646009e-05, 7.343292598907728e-05, 7.210703935646009e-05, 7.268874048640575e-05, 59.19910395042479], [1782934740, 7.268874048640575e-05, 7.268874048640575e-05, 7.215455165581333e-05, 7.215455165581333e-05, 56.56604522164419], [1782934800, 7.215455165581333e-05, 7.32109182534043e-05, 7.215455165581333e-05, 7.32109182534043e-05, 21.352041450862664], [1782934860, 7.32109182534043e-05, 7.423195085634376e-05, 7.296598754354701e-05, 7.423195085634376e-05, 139.28603549795395], [1782934920, 7.423195085634376e-05, 7.45875650147466e-05, 7.423195085634376e-05, 7.45875650147466e-05, 9.733767272206839], [1782934980, 7.45875650147466e-05, 7.45875650147466e-05, 7.242143284965895e-05, 7.25607779181741e-05, 223.40925936700458], [1782935040, 7.25607779181741e-05, 7.25607779181741e-05, 7.124510149738221e-05, 7.124510149738221e-05, 35.594063246187176], [1782935100, 7.124510149738221e-05, 7.2144651023043e-05, 7.124510149738221e-05, 7.2144651023043e-05, 0.1484596686888799], [1782935160, 7.2144651023043e-05, 7.2144651023043e-05, 7.086336519017602e-05, 