{"pair": "HDB1D9FpzQF4VVJ8gMnbWf4tBk1DxGAAMYnoGE93Rwvu", "n_bars": 96, "span": [1782929377.0, 1782944604.0], "bars": [[1782929400, 0.00018518793500362768, 0.0001855483375792617, 0.00018518793500362768, 0.0001855483375792617, 76.91095055933884], [1782929460, 0.0001855483375792617, 0.0001855483375792617, 0.00018371022257061064, 0.00018371022257061064, 0.6190900816537717], [1782929520, 0.00018371022257061064, 0.00018371022257061064, 0.00018288841226718708, 0.00018288841226718708, 72.1167313034844], [1782929700, 0.00018288841226718708, 0.00018288841226718708, 0.0001822620317825913, 0.0001822620317825913, 1.889466351473058], [1782929820, 0.0001822620317825913, 0.0001822620317825913, 0.00017939730069925426, 0.00017939730069925426, 146.3247755467726], [1782929880, 0.00017939730069925426, 0.00018187902758826674, 0.00017913160384709184, 0.00018187902758826674, 18.424254398866996], [1782930000, 0.00018187902758826674, 0.00018187902758826674, 0.00017635573139786044, 0.00017635573139786044, 219.0460465952499], [1782930240, 0.00017635573139786044, 0.0001827424951023902, 0.00017635573139786044, 0.0001827424951023902, 312.2920373625127], [1782930420, 0.0001827424951023902, 0.0001827424951023902, 0.00018093218845137752, 0.00018093218845137752, 34.06421576414087], [1782930600, 0.00018093218845137752, 0.00018093218845137752, 0.00018021393976317746, 0.00018021393976317746, 2.869586456628706], [1782930660, 0.00018021393976317746, 0.00018021393976317746, 0.0001801936287832544, 0.0001801936287832544, 31.40588845712317], [1782930720, 0.0001801936287832544, 0.0001801936287832544, 0.00017941856551823988, 0.00017941856551823988, 17.94185655182399], [1782930900, 0.00017941856551823988, 0.0001805013582776535, 0.00017815300923033068, 0.0001805013582776535, 106.34536321670787], [1782931260, 0.0001805013582776535, 0.0001805013582776535, 0.00017573420059996734, 0.00017573420059996734, 142.90979137674913], [1782931320, 0.00017573420059996734, 0.00017573420059996734, 0.000174065850859692, 0.000174065850859692, 149.31216459543302], [1782931740, 0.000174065850859692, 0.0001742480248532641, 0.00017176478155621786, 0.0001742480248532641, 37.576393435953506], [1782931920, 0.0001742480248532641, 0.0001742480248532641, 0.0001710638897244844, 0.0001710638897244844, 65.24321118306977], [1782932040, 0.0001710638897244844, 0.0001710638897244844, 0.00016870209150026826, 0.00016921704017411278, 224.70380280566943], [1782932100, 0.00016921704017411278, 0.00016921704017411278, 0.0001656970750790832, 0.00016650249888041057, 164.61879354236885], [1782932160, 0.00016650249888041057, 0.00016703047582223475, 0.00016425088811967007, 0.00016703047582223475, 102.25995526899814], [1782932220, 0.00016703047582223475, 0.00016812882238533805, 0.00016703047582223475, 0.00016812882238533805, 38.30449377903478], [1782932340, 0.00016812882238533805, 0.00017280053056080202, 0.00016812882238533805, 0.00017260601391045995, 202.1442880806873], [1782932580, 0.00017260601391045995, 0.00017260601391045995, 0.00016901519732737637, 0.00016901519732737637, 186.30697081900925], [1782932760, 0.00016901519732737637, 0.00016901519732737637, 0.0001670304917465841, 0.0001670304917465841, 1.2769882312959666], [1782932940, 0.0001670304917465841, 0.0001670304917465841, 0.00016693897716594806, 0.00016693897716594806, 19.256547271852213], [1782933000, 0.00016693897716594806, 0.00016693897716594806, 0.0001662933437420869, 0.0001662933437420869, 45.58668269597092], [1782933300, 0.0001662933437420869, 0.00016694943465817914, 0.00016507550023101654, 0.00016694943465817914, 60.5867882804216], [1782933720, 0.00016694943465817914, 0.00016694943465817914, 0.00016147815702885224, 0.00016147815702885224, 268.31912794491257], [1782933840, 0.00016147815702885224, 0.00016147815702885224, 0.00015302412528612648, 0.00015302412528612648, 384.63457939263446], [1782933960, 0.00015302412528612648, 0.00015302412528612648, 0.00014203763767771862, 0.0001474328254178185, 868.8790022543461], [1782934140, 0.0001474328254178185, 0.0001474328254178185, 0.000145019634172253, 0.000145019634172253, 63.980468810106785], [1782934260, 0.000145019634172253, 0.00014956481192746822, 0.000145019634172253, 0.000147639851579152, 163.4082600559491], [1782934380, 0.000147639851579152, 0.00014775386747151233, 0.000147639851579152, 0.00014775386747151233, 0.37058051165008415], [1782934620, 0.00014775386747151233, 0.00014775386747151233, 0.0001472519672778504, 0.0001472519672778504, 29.335305673405397], [1782934920, 0.0001472519672778504, 0.00014897951694409158, 0.00014706510246798575, 0.00014706510246798575, 8.69033692587331], [1782934980, 0.00014706510246798575, 0.00014706510246798575, 0.00014353978357660357, 0.00014368380042136563, 182.04629675604], [1782935040, 0.00014368380042136563, 0.00014368380042136563, 0.00014075535950184152, 0.00014075535950184152, 282.0770643384045], [1782935100, 0.00014075535950184152, 0.00014500546804380456, 0.00014031344051105971, 0.0001448558419718291, 274.143902396463], [1782935220, 0.0001448558419718291, 0.0001454252690015709, 0.0001448558419718291, 0.0001454252690015709, 38.24471196999515], [1782935400, 0.0001454252690015709, 0.0001454252690015709, 0.00014352507819729936, 0.00014352507819729936, 17.585912493209534], [1782935700, 0.00014352507819729936, 0.00014352507819729936, 0.00014275862414621934, 0.00014275862414621934, 15.979790426430009], [1782935760, 0.00014275862414621934, 0.00014275862414621934, 0.00014249994395735993, 0.00014249994395735993, 37.146909537420086], [1782935880, 0.00014249994395735993, 0.00014427532125908696, 0.00014249994395735993, 0.00014427532125908696, 52.18932627297962], [1782936060, 0.00014427532125908696, 0.00014427532125908696, 0.00013984572401289314, 0.00013984572401289314, 156.258842979013], [1782936120, 0.00013984572401289314, 0.00013984572401289314, 0.00013840373720058676, 0.00013840373720058676, 140.4907522297779], [1782936240, 0.00013840373720058676, 0.00013927314550501812, 0.00013840373720058676, 0.00013927314550501812, 19.082558886857495], [1782936660, 0.00013927314550501812, 0.00013927314550501812, 0.00013621690437717074, 0.00013621690437717074, 113.21488337770161], [1782936720, 0.00013621690437717074, 0.00013621690437717074, 0.00013475103439435966, 0.00013475103439435966, 45.83311214452748], [1782936780, 0.00013475103439435966, 0.00013475103439435966, 0.00013443592659848305, 0.00013443592659848305, 0.989239719281409], [1782936900, 0.00013443592659848305, 0.00013443592659848305, 0.0001337854783214258, 0.0001337854783214258, 41.39523134849053], [1782937200, 0.0001337854783214258, 0.00013406749664592068, 0.0001327512030017187, 0.0001327512030017187, 52.779668772758654], [1782937260, 0.0001327512030017187, 0.0001327512030017187, 0.00013114779525434726, 0.00013114779525434726, 131.4116393531697], [1782937380, 0.00013114779525434726, 0.00013206679645146806, 0.00013008561948553153, 0.00013206679645146806, 76.36531685768665], [1782937500, 0.00013206679645146806, 0.00013329364657022175, 0.00013206679645146806, 0.00013329364657022175, 76.7217681509522], [1782937560, 0.00013329364657022175, 0.00013329364657022175, 0.00012218707423770726, 0.00012513930207684498, 807.74074791541], [1782937620, 0.00012513930207684498, 0.00012513930207684498, 0.00012353531359259937, 0.00012353531359259937, 3.616780975011506], [1782937800, 0.00012353531359259937, 0.00012358736677600286, 0.00012353531359259937, 0.00012358736677600286, 0.856410364640455], [1782937860, 0.00012358736677600286, 0.00012358736677600286, 0.00012346994198544935, 0.00012346994198544935, 16.514755153538722], [1782937920, 0.00012346994198544935, 0.00012348539762925846, 0.00012346994198544935, 0.00012348539762925846, 3.584589353695912], [1782938280, 0.00012348539762925846, 0.00012348539762925846, 0.00012264435501867395, 0.00012264435501867395, 92.32879000135787], [1782938460, 0.00012264435501867395, 0.00012264435501867395, 0.00012199239527912868, 0.00012199239527912868, 1.544776686294939], [1782938640, 0.00012199239527912868, 0.00012199239527912868, 