{"pair": "7WKt831KnuXsADyGubFfyoPJUGpuSP1H2T22jwPn2fgR", "n_bars": 85, "span": [1782835669.0, 1782945858.0], "bars": [[1782835920, 3.0242648831196423e-06, 3.0242648831196423e-06, 3.0178424134184776e-06, 3.0178424134184776e-06, 1.1200920283511724], [1782836040, 3.0178424134184776e-06, 3.0178424134184776e-06, 3.0103318082694365e-06, 3.0103318082694365e-06, 0.09020824682841042], [1782836160, 3.0103318082694365e-06, 3.0103318082694365e-06, 2.822329340372481e-06, 2.822329340372481e-06, 64.63746381541543], [1782836760, 2.822329340372481e-06, 2.8512832585934446e-06, 2.822329340372481e-06, 2.8512832585934446e-06, 0.06078442434016889], [1782837540, 2.8512832585934446e-06, 2.8512832585934446e-06, 2.8292093577661353e-06, 2.8292093577661353e-06, 0.3084590911567395], [1782837600, 2.8292093577661353e-06, 2.8292093577661353e-06, 2.7998649274391332e-06, 2.8136277415535443e-06, 18.13434783225016], [1782839040, 2.8136277415535443e-06, 2.87264096657215e-06, 2.798410908807763e-06, 2.87264096657215e-06, 28.069417057889694], [1782839220, 2.87264096657215e-06, 2.87264096657215e-06, 2.7039932784914598e-06, 2.7039932784914598e-06, 76.19414920238785], [1782839460, 2.7039932784914598e-06, 2.70774501571045e-06, 2.7039932784914598e-06, 2.70774501571045e-06, 6.17902930158573], [1782839820, 2.70774501571045e-06, 2.7150715248923997e-06, 2.70774501571045e-06, 2.7150715248923997e-06, 1.3751323735829146], [1782839940, 2.7150715248923997e-06, 2.7150715248923997e-06, 2.671953688661743e-06, 2.671953688661743e-06, 7.543653207087637], [1782840060, 2.671953688661743e-06, 2.694408238518054e-06, 2.671953688661743e-06, 2.694408238518054e-06, 0.05919647499669442], [1782840180, 2.694408238518054e-06, 2.694408238518054e-06, 2.6496121390045067e-06, 2.6496121390045067e-06, 5.610386423920031], [1782840360, 2.6496121390045067e-06, 2.6496121390045067e-06, 2.6248743153109383e-06, 2.6414321233095774e-06, 12.85991148430308], [1782840420, 2.6414321233095774e-06, 2.6414321233095774e-06, 2.590971494701367e-06, 2.590971494701367e-06, 12.536234780567424], [1782840900, 2.590971494701367e-06, 2.610813735362817e-06, 2.590971494701367e-06, 2.610813735362817e-06, 0.05866267729302329], [1782841980, 2.610813735362817e-06, 2.610813735362817e-06, 2.5725708144636167e-06, 2.604268543018859e-06, 1.123074699548413], [1782842520, 2.604268543018859e-06, 2.604268543018859e-06, 2.5629532411168325e-06, 2.5629532411168325e-06, 0.722452948194063], [1782843780, 2.5629532411168325e-06, 2.5716943810392012e-06, 2.5629532411168325e-06, 2.5716943810392012e-06, 0.0012568107987548554], [1782846120, 2.5716943810392012e-06, 2.576324756023258e-06, 2.5716943810392012e-06, 2.576324756023258e-06, 0.18896623600755538], [1782846300, 2.576324756023258e-06, 2.6224363701156006e-06, 2.576324756023258e-06, 2.6224363701156006e-06, 14.436495417532234], [1782846420, 2.6224363701156006e-06, 2.6224363701156006e-06, 2.615308280846195e-06, 2.615308280846195e-06, 0.10957797826597682], [1782847740, 2.615308280846195e-06, 2.6466971074787957e-06, 2.615308280846195e-06, 2.6466971074787957e-06, 2.1183028029800037], [1782848640, 2.6466971074787957e-06, 2.6466971074787957e-06, 2.622904382061594e-06, 2.622904382061594e-06, 2.6243863716188938], [1782848760, 2.622904382061594e-06, 2.622904382061594e-06, 2.6106646648542615e-06, 2.6106646648542615e-06, 1.0021799206246698], [1782848880, 2.6106646648542615e-06, 2.6106646648542615e-06, 2.6081716208929216e-06, 2.6081716208929216e-06, 1.3209895924160555], [1782851280, 2.6081716208929216e-06, 2.6904442151880507e-06, 2.6081716208929216e-06, 2.6904442151880507e-06, 19.258426891135368], [1782851460, 2.6904442151880507e-06, 2.6904442151880507e-06, 2.655250088686121e-06, 2.655250088686121e-06, 0.08381151803751669], [1782851760, 2.655250088686121e-06, 2.656934982990113e-06, 2.655250088686121e-06, 2.656934982990113e-06, 1.2386366161801854], [1782852780, 2.656934982990113e-06, 2.656934982990113e-06, 2.6362366674446927e-06, 2.6362366674446927e-06, 6.767790290363429], [1782854700, 2.6362366674446927e-06, 2.6362366674446927e-06, 2.615249373826646e-06, 2.615249373826646e-06, 4.887836903920702], [1782854880, 2.615249373826646e-06, 2.615249373826646e-06, 2.5869554868263663e-06, 2.5869554868263663e-06, 18.67128552820993], [1782855720, 2.5869554868263663e-06, 2.5869554868263663e-06, 2.5659887801619705e-06, 2.5659887801619705e-06, 0.912493900721474], [1782857220, 2.5659887801619705e-06, 2.5669343221256664e-06, 2.5659887801619705e-06, 2.5669343221256664e-06, 2.3593951530815294], [1782859800, 2.5669343221256664e-06, 2.5669343221256664e-06, 2.5513607552094804e-06, 2.5513607552094804e-06, 4.754807207039662], [1782860340, 2.5513607552094804e-06, 2.5513607552094804e-06, 2.544321647293505e-06, 2.544321647293505e-06, 0.28383677510555594], [1782861180, 2.544321647293505e-06, 2.573007110797039e-06, 2.5399699471277844e-06, 2.5399699471277844e-06, 1.1806674328919555], [1782864960, 2.5399699471277844e-06, 2.5534153075896426e-06, 2.5399699471277844e-06, 2.5534153075896426e-06, 0.8237732157601739], [1782866340, 2.5534153075896426e-06, 2.5884353453520577e-06, 2.5534153075896426e-06, 2.58381703506829e-06, 3.4711358495757136], [1782866940, 2.58381703506829e-06, 2.58381703506829e-06, 2.548662067169688e-06, 2.548662067169688e-06, 6.467172682881448], [1782868860, 2.548662067169688e-06, 2.548662067169688e-06, 2.502727148969227e-06, 2.502727148969227e-06, 18.851214862001683], [1782869640, 2.502727148969227e-06, 2.511240604186664e-06, 2.4784992478229395e-06, 2.511240604186664e-06, 0.7465807237250741], [1782870360, 2.511240604186664e-06, 2.538269196426986e-06, 2.505482351520337e-06, 2.538269196426986e-06, 1.0354764460156616], [1782871980, 2.538269196426986e-06, 2.538269196426986e-06, 2.509662131497899e-06, 2.509662131497899e-06, 0.03524445209470181], [1782876540, 2.509662131497899e-06, 2.5207146265485836e-06, 2.509662131497899e-06, 2.5207146265485836e-06, 0.9063312371514166], [1782877740, 2.5207146265485836e-06, 2.5675591021556362e-06, 2.5207146265485836e-06, 2.5675591021556362e-06, 14.987935332579257], [1782879240, 2.5675591021556362e-06, 2.5675591021556362e-06, 2.5491711494419203e-06, 2.5491711494419203e-06, 0.9732006422430542], [1782879780, 2.5491711494419203e-06, 2.5491711494419203e-06, 2.5016922064479983e-06, 2.5250112810635344e-06, 17.929106077344905], [1782880380, 2.5250112810635344e-06, 2.5406828161084626e-06, 2.5250112810635344e-06, 2.5406828161084626e-06, 0.22466924716083694], [1782880560, 2.5406828161084626e-06, 2.5560806766586966e-06, 2.5406828161084626e-06, 2.5560806766586966e-06, 16.686883909978132], [1782880680, 2.5560806766586966e-06, 2.5560806766586966e-06, 2.5274328211537683e-06, 2.5274328211537683e-06, 16.49986186351227], [1782881820, 2.5274328211537683e-06, 2.5419744835778237e-06, 2.5093910776196213e-06, 2.5093910776196213e-06, 1.2497089223223372], [1782882180, 2.5093910776196213e-06, 2.5489147181786766e-06, 2.5093910776196213e-06, 2.5489147181786766e-06, 3.977570455610492], [1782882240, 2.5489147181786766e-06, 2.562357463986938e-06, 2.5489147181786766e-06, 2.562357463986938e-06, 5.558618339032581], [1782885240, 2.562357463986938e-06, 2.562357463986938e-06, 2.5191054451483463e-06, 2.520541962493093e-06, 1.0998261688901403], [1782891480, 2.520541962493093e-06, 2.520541962493093e-06, 2.4981283259668165e-06, 2.4981283259668165e-06, 0.7713160726927997], [1782893160, 2.4981283259668165e-06, 2.5078952055773347e-06, 2.4981283259668165e-06, 2.5078952055773347e-06, 1.1840049435427136], [1782895440, 2.5078952055773347e-06, 2.5078952055773347e-06, 2.494518992124564e-06, 2.494518992124564e-06, 4.469019474245532], [1782895980, 2.494518992124564e-06, 2.494518992124564e-06, 2.4880014780154755e-06, 2.4880014780154755e-06, 0.031975664126577145], [1782899700, 2.4880014780154755e-06, 2.5010740719962824e-06, 2.4880014780154755e-06, 2.5010740719962824e-06, 17.1904823451231], [1782901740, 2.5010740719962824e-06, 2.5010740719962824e-06, 2.439442471769598e-06, 2.4514354657184493e-06, 9.69852148081115], [1782905520, 2.4514354657184493e-06, 2.4838393438356026e-06, 