{"pair": "BZzhW8UMq2YHGHMngPxZJGvjbBUqMjnANZeD7fz4Gy1V", "n_bars": 31, "span": [1782930564.0, 1782939661.0], "bars": [[1782930600, 0.00011761143715244114, 0.0001265023309671622, 0.00011761143715244114, 0.0001265023309671622, 896.4778994072566], [1782930660, 0.0001265023309671622, 0.00013143552494443404, 0.0001265023309671622, 0.00013143552494443404, 565.7153796752976], [1782930720, 0.00013143552494443404, 0.0001318179108446227, 0.00013143552494443404, 0.0001318179108446227, 9.47251909086733], [1782930840, 0.0001318179108446227, 0.0001318179108446227, 0.00012697030393823692, 0.00012697030393823692, 576.0848715653125], [1782930960, 0.00012697030393823692, 0.00012697030393823692, 0.00012435119780387815, 0.00012435119780387815, 450.05751367153914], [1782931020, 0.00012435119780387815, 0.00012435119780387815, 0.0001231166083549524, 0.0001231166083549524, 1.3763155619566323], [1782931080, 0.0001231166083549524, 0.0001235313394458189, 0.0001231166083549524, 0.0001235313394458189, 81.82098363980018], [1782931140, 0.0001235313394458189, 0.00012435426096358036, 0.0001235313394458189, 0.00012435426096358036, 113.54123282684338], [1782931200, 0.00012435426096358036, 0.00013230327960813144, 0.00012435426096358036, 0.00013230327960813144, 826.7396295259249], [1782931260, 0.00013230327960813144, 0.00013237824025880344, 0.00013230327960813144, 0.00013237824025880344, 9.32820374152472], [1782931320, 0.00013237824025880344, 0.00013242102433634693, 0.00013237824025880344, 0.00013242102433634693, 0.07773499301577053], [1782931440, 0.00013242102433634693, 0.00013242102433634693, 0.00013236820833872654, 0.00013236820833872654, 2.2220615802099855], [1782931560, 0.00013236820833872654, 0.00013236820833872654, 0.00013228884753240677, 0.00013228884753240677, 3.852646499376785], [1782932220, 0.00013228884753240677, 0.00013228884753240677, 0.00013170881602078387, 0.00013170881602078387, 7.687781014167323], [1782933240, 0.00013170881602078387, 0.00013170881602078387, 0.00012918103291280488, 0.00012918103291280488, 302.89718787314723], [1782933300, 0.00012918103291280488, 0.00012918103291280488, 0.0001250235503086731, 0.0001250235503086731, 438.8753984923723], [1782933360, 0.0001250235503086731, 0.0001250235503086731, 0.00012228083700363153, 0.00012228083700363153, 335.4650249973217], [1782933420, 0.00012228083700363153, 0.00012228083700363153, 0.00011775173440336846, 0.00011775173440336846, 487.38205067938696], [1782933480, 0.00011775173440336846, 0.00011775173440336846, 0.0001140485273636804, 0.0001140485273636804, 444.0200324010968], [1782933540, 0.0001140485273636804, 0.0001140485273636804, 0.00011022192703895573, 0.00011022192703895573, 475.1634868392089], [1782933660, 0.00011022192703895573, 0.00011022192703895573, 9.754790393315604e-05, 0.00010066100401193505, 1676.7982039974938], [1782933720, 0.00010066100401193505, 0.00010066100401193505, 6.897608681060711e-05, 6.897608681060711e-05, 3870.402984994075], [1782933780, 6.897608681060711e-05, 8.251886397823889e-05, 6.316160356580792e-05, 8.143641611519804e-05, 4396.203319664234], [1782933840, 8.143641611519804e-05, 0.00010918117232627105, 8.143641611519804e-05, 0.00010918117232627105, 5299.179444806593], [1782933900, 0.00010918117232627105, 0.00011028131345286735, 0.00010508716218446073, 0.00010508716218446073, 984.7151702926428], [1782933960, 0.00010508716218446073, 0.00011302847339272535, 0.0001028157192765544, 0.00011302847339272535, 1498.3760614928221], [1782934020, 0.00011302847339272535, 0.00012842781521357665, 0.00011302847339272535, 0.00012842781521357665, 1764.5890796532367], [1782934080, 0.00012842781521357665, 0.0001304681236642448, 0.00012842781521357665, 0.00012914148134338403, 294.5872963699909], [1782934140, 0.00012914148134338403, 0.00012914148134338403, 8.053404996239487e-06, 8.163540947929694e-06, 21757.491295225318], [1782934200, 8.163540947929694e-06, 8.163540947929694e-06, 7.380907778456376e-06, 7.380907778456376e-06, 389.4984978417572], [1782934260, 7.380907778456376e-06, 7.380907778456376e-06, 6.955689894240118e-06, 6.955689894240118e-06, 232.50204860201123]]}