{"pair": "AmABoKqAGgFKHb9FRkjSMfeYeh7G522fU8qDLmfc7JmD", "n_bars": 136, "span": [1782783757.0, 1782933956.0], "bars": [[1782783780, 8.886304906341828e-05, 0.00010951872235109606, 7.523563522974865e-05, 7.720776613634247e-05, 9331.73034731781], [1782783840, 7.720776613634247e-05, 9.119770523239439e-05, 7.21747474970782e-05, 8.860496531501818e-05, 11208.037604025094], [1782783900, 8.860496531501818e-05, 0.00010287152870874538, 8.32411373219231e-05, 0.00010284194788715462, 7533.260166137413], [1782783960, 0.00010284194788715462, 0.00010284194788715462, 8.674105712089425e-05, 9.054571590094411e-05, 5632.433173834111], [1782784020, 9.054571590094411e-05, 0.00010033364866298337, 8.699393883542346e-05, 0.00010033364866298337, 4946.760859352797], [1782784080, 0.00010033364866298337, 0.00010089772214839744, 9.073144850977047e-05, 9.185946889780692e-05, 2893.0035590813254], [1782784140, 9.185946889780692e-05, 0.00011898713331948164, 9.18182781338188e-05, 9.470853391660035e-05, 6455.301246416279], [1782784200, 9.470853391660035e-05, 9.470853391660035e-05, 8.49768377982848e-05, 8.809978356903301e-05, 2918.82653553539], [1782784260, 8.809978356903301e-05, 9.416325865683246e-05, 8.558468733225556e-05, 9.164416847301903e-05, 3050.4025795013085], [1782784320, 9.164416847301903e-05, 9.449608542491867e-05, 7.702129386295432e-05, 8.844856004866519e-05, 4998.252352354604], [1782784380, 8.844856004866519e-05, 0.00010722432746724691, 8.224625173414558e-05, 9.945747969914806e-05, 7995.214161248259], [1782784440, 9.945747969914806e-05, 0.00010786407588249836, 9.68603351448925e-05, 0.00010312190197180577, 7905.488597818007], [1782784500, 0.00010312190197180577, 0.00010865301721170928, 9.808565556690696e-05, 9.958395054804327e-05, 7347.7134708993735], [1782784560, 9.958395054804327e-05, 0.00010265776628357711, 7.105858834296505e-05, 7.491012279747323e-05, 9854.514822313411], [1782784620, 7.491012279747323e-05, 7.864970293487974e-05, 6.438348137206028e-05, 7.087649496203286e-05, 4915.734619333453], [1782784680, 7.087649496203286e-05, 7.30938450722544e-05, 6.24651468007831e-05, 7.118512467475902e-05, 4802.771293217456], [1782784740, 7.118512467475902e-05, 7.377198268296419e-05, 6.810207424532494e-05, 7.025058808916547e-05, 4444.545078113682], [1782784800, 7.025058808916547e-05, 7.600327047313599e-05, 6.784620193617714e-05, 6.956946448584459e-05, 4211.256217129282], [1782784860, 6.956946448584459e-05, 7.077872579428155e-05, 4.77856419951232e-05, 5.229517784977391e-05, 5568.113431476617], [1782784920, 5.229517784977391e-05, 5.6455020985823106e-05, 4.3980441226277874e-05, 4.3980441226277874e-05, 2903.5488718169654], [1782784980, 4.3980441226277874e-05, 4.724575811539308e-05, 3.304976308609293e-05, 3.373986749582585e-05, 3756.363984825381], [1782785040, 3.373986749582585e-05, 3.581685647290882e-05, 3.148639175692873e-05, 3.2916592948133025e-05, 3330.8381803635157], [1782785100, 3.2916592948133025e-05, 3.4854241990122976e-05, 3.1064924224905124e-05, 3.355243937881027e-05, 3116.3682108078096], [1782785160, 3.355243937881027e-05, 3.5170717142096646e-05, 3.110886497356575e-05, 3.238905128882698e-05, 3100.290676213646], [1782785220, 3.238905128882698e-05, 3.608503006182245e-05, 3.097479995663563e-05, 3.471603342580677e-05, 3213.28049214171], [1782785280, 3.471603342580677e-05, 3.805016460625871e-05, 3.33646561647098e-05, 3.516189346903708e-05, 3002.9910670352633], [1782785340, 3.516189346903708e-05, 3.772470263993398e-05, 3.4968880196521444e-05, 3.613829985188037e-05, 2276.7376815506204], [1782785400, 3.613829985188037e-05, 3.8188942455584326e-05, 3.506318009791529e-05, 3.653044946193034e-05, 2213.072821249282], [1782785460, 3.653044946193034e-05, 3.796985172313547e-05, 3.4693281732716856e-05, 3.636652683369223e-05, 2448.731458342058], [1782785520, 3.636652683369223e-05, 3.6893758694185385e-05, 3.508862592017506e-05, 3.5766346928452596e-05, 968.9088221309086], [1782785580, 3.5766346928452596e-05, 3.9396600428477174e-05, 3.550716429607141e-05, 3.9396600428477174e-05, 1163.517944602491], [1782785640, 3.9396600428477174e-05, 4.0461703813554465e-05, 3.770356246419547e-05, 3.944418197363148e-05, 1169.1688409077422], [1782785700, 3.944418197363148e-05, 4.1455575187352556e-05, 3.240936827869163e-05, 3.3790995545984395e-05, 1884.343566186466], [1782785760, 3.3790995545984395e-05, 3.8465985166130455e-05, 3.3790995545984395e-05, 3.807422855061851e-05, 1263.5021421536017], [1782785820, 3.807422855061851e-05, 3.861207245385152e-05, 3.664020885581182e-05, 3.761206594856332e-05, 1000.9972700283031], [1782785880, 3.761206594856332e-05, 3.961301546594775e-05, 3.68835929737396e-05, 3.8642333627189366e-05, 1043.0255094699367], [1782785940, 3.8642333627189366e-05, 3.9787046237592975e-05, 3.648931200760904e-05, 3.648931200760904e-05, 1148.818679001015], [1782786000, 3.648931200760904e-05, 3.904813252120792e-05, 3.648931200760904e-05, 3.8312281528436016e-05, 1084.1692646598515], [1782786060, 3.8312281528436016e-05, 4.039151475233047e-05, 3.6051683995400606e-05, 3.911171164525594e-05, 1074.6934193454515], [1782786120, 3.911171164525594e-05, 3.914671107776117e-05, 3.482842759544204e-05, 3.529287994488823e-05, 1051.285169088558], [1782786180, 3.529287994488823e-05, 3.639932641748756e-05, 3.427872201325744e-05, 3.599093645473526e-05, 1110.0439287100298], [1782786240, 3.599093645473526e-05, 3.6034213359694374e-05, 3.3494429662794453e-05, 3.496996706872195e-05, 1072.653311871899], [1782786300, 3.496996706872195e-05, 3.52596359251573e-05, 3.3380030364030005e-05, 3.493394830452828e-05, 931.2609864768281], [1782786360, 3.493394830452828e-05, 3.6389391662316484e-05, 3.406634620318237e-05, 3.572036918132594e-05, 961.6118899573011], [1782786420, 3.572036918132594e-05, 3.712553729727781e-05, 3.4663830927015125e-05, 3.659971835116944e-05, 1106.4006325923551], [1782786480, 3.659971835116944e-05, 3.659971835116944e-05, 3.096169249944688e-05, 3.5220047130492276e-05, 1404.9918996307333], [1782786540, 3.5220047130492276e-05, 3.9535502611797105e-05, 3.448626893849563e-05, 3.825471974639549e-05, 1372.1608945412372], [1782786600, 3.825471974639549e-05, 4.6906008815596766e-05, 3.687322275773659e-05, 4.4585800814394304e-05, 3557.4839465056934], [1782786660, 4.4585800814394304e-05, 5.136371080122075e-05, 4.2222997981326264e-05, 4.8124675992977404e-05, 4929.106735931197], [1782786720, 4.8124675992977404e-05, 5.0910275557663085e-05, 2.8438762977110383e-06, 2.880226211370641e-06, 8652.692698938328], [1782786780, 2.880226211370641e-06, 2.880226211370641e-06, 2.7951873972088367e-06, 2.803750447577847e-06, 26.899377455056836], [1782786840, 2.803750447577847e-06, 2.803750447577847e-06, 2.0852149179812734e-06, 2.0853170525053418e-06, 302.8124614895579], [1782786900, 2.0853170525053418e-06, 2.1140317988849215e-06, 2.021296608015521e-06, 2.0216759849937392e-06, 31.699199669349294], [1782786960, 2.0216759849937392e-06, 2.093764680552409e-06, 2.0216759849937392e-06, 2.0728742686809276e-06, 23.733748648460757], [1782787020, 2.0728742686809276e-06, 2.113123138622663e-06, 2.0728742686809276e-06, 2.0988399874137566e-06, 13.191837218288079], [1782787080, 2.0988399874137566e-06, 2.1334873030497418e-06, 2.0988399874137566e-06, 2.115071423162035e-06, 6.881888312816795], [1782787140, 2.115071423162035e-06, 2.1167831868689825e-06, 2.0647063329310235e-06, 2.072163844072465e-06, 23.566428844248207], [1782787200, 2.072163844072465e-06, 2.072163844072465e-06, 2.0462394182356226e-06, 2.0462394182356226e-06, 9.151374738894251], [1782787320, 2.0462394182356226e-06, 2.0462394182356226e-06, 2.0314164824183843e-06, 2.0368169853763514e-06, 6.763100205977696], [1782787560, 2.0368169853763514e-06, 2.0625116867632495e-06, 2.0368169853763514e-06, 2.0625116867632495e-06, 0.12290111890963855], [1782787740, 2.0625116867632495e-06, 2.0625116867632495e-06, 2.030231271234962e-06, 2.030231271234962e-06, 6.072859226156874], [1782787860, 2.030231271234962e-06, 2.030231271234962e-06, 2.0261047484283376e-06, 2.0261047484283376e-06, 0.14381956827706768], [1782787920, 