{"pair": "B9c9dVwSNvM8q2v1CdmymXtsWBWS7U1VjG2Z3aLjLzpX", "n_bars": 136, "span": [1782927798.0, 1782946321.0], "bars": [[1782927840, 0.0005014952150259946, 0.0005076344285202735, 0.0005014952150259946, 0.0005076344285202735, 39.41863293356738], [1782928020, 0.0005076344285202735, 0.0005076344285202735, 0.0005022166263420438, 0.0005022166263420438, 31.33503682394228], [1782928560, 0.0005022166263420438, 0.0005073629982018437, 0.0005022166263420438, 0.0005073629982018437, 4.913666423204158], [1782928680, 0.0005073629982018437, 0.0005073629982018437, 0.0005010222772138432, 0.000507328371841641, 80.63521674460829], [1782928740, 0.000507328371841641, 0.0005077808242438428, 0.000507328371841641, 0.0005077808242438428, 8.40898323721026], [1782928980, 0.0005077808242438428, 0.0005091019188441456, 0.0005077808242438428, 0.0005091019188441456, 13.004469946608488], [1782929160, 0.0005091019188441456, 0.0005091019188441456, 0.0005032837621955635, 0.0005032837621955635, 1.7261861987419953], [1782929280, 0.0005032837621955635, 0.0005032837621955635, 0.000500573829158347, 0.000500573829158347, 71.52243400510525], [1782929400, 0.000500573829158347, 0.000500573829158347, 0.0004972394271231264, 0.0004972394271231264, 74.58591406846895], [1782929460, 0.0004972394271231264, 0.0004972394271231264, 0.0004874154143872265, 0.0004919470773116965, 348.61579865684337], [1782929580, 0.0004919470773116965, 0.0004919470773116965, 0.0004868263954399606, 0.0004868263954399606, 4.154338058338298], [1782929640, 0.0004868263954399606, 0.0004868263954399606, 0.0004847573454772612, 0.0004847573454772612, 126.21237507966205], [1782929760, 0.0004847573454772612, 0.0004847573454772612, 0.00048174769129649025, 0.00048174769129649025, 9.2572640232785], [1782930000, 0.00048174769129649025, 0.0004889642102617297, 0.00048174769129649025, 0.0004889642102617297, 14.419618616885812], [1782930120, 0.0004889642102617297, 0.000489023025984403, 0.0004889642102617297, 0.000489023025984403, 55.120674394514], [1782930180, 0.000489023025984403, 0.000489023025984403, 0.0004393961997013911, 0.00045536374084467914, 2283.7680308717863], [1782930240, 0.00045536374084467914, 0.0004568275681095725, 0.00045536374084467914, 0.0004568275681095725, 13.073232052943535], [1782930360, 0.0004568275681095725, 0.00045859357371532284, 0.0004568275681095725, 0.00045859357371532284, 102.42885025173295], [1782930420, 0.00045859357371532284, 0.0004613381793277401, 0.00045859357371532284, 0.0004604703737640792, 55.49354751192058], [1782930600, 0.0004604703737640792, 0.00046233970534769733, 0.0004604703737640792, 0.00046233970534769733, 59.38578835205781], [1782930780, 0.00046233970534769733, 0.00046233970534769733, 0.00045771483940335375, 0.00045771483940335375, 45.77102622549597], [1782931140, 0.00045771483940335375, 0.00046609984203137034, 0.00045771483940335375, 0.00046609984203137034, 91.59928045511641], [1782931320, 0.00046609984203137034, 0.00046609984203137034, 0.0004660924211263004, 0.0004660924211263004, 4.361034266402524], [1782931380, 0.0004660924211263004, 0.0004681655361893859, 0.00046424121268356504, 0.00046424121268356504, 101.41903269312374], [1782931440, 0.00046424121268356504, 0.00046424121268356504, 0.0004599929644262024, 0.0004599929644262024, 252.6649381183044], [1782931500, 0.0004599929644262024, 0.00046039768621318006, 0.00045396474638434404, 0.00046039768621318006, 102.84380027036985], [1782931560, 0.00046039768621318006, 0.0004611791678205195, 0.00046039768621318006, 0.0004611791678205195, 0.6972810653722084], [1782931620, 0.0004611791678205195, 0.0004611791678205195, 0.0004540776444800408, 0.0004540776444800408, 2.598115969209321], [1782931680, 0.0004540776444800408, 0.0004540776444800408, 0.00043439096271050853, 0.00043678482456761326, 857.802917569148], [1782931740, 0.00043678482456761326, 0.00044221381493733035, 0.0004338835435235872, 0.0004403666446789729, 116.84415900405375], [1782931800, 0.0004403666446789729, 0.0004421463611915091, 0.0004371321908454019, 0.0004421463611915091, 65.8206607239023], [1782932040, 0.0004421463611915091, 0.0004421463611915091, 0.0004354349637663504, 0.0004354349637663504, 7.556176057975079], [1782932100, 0.0004354349637663504, 0.0004357502698196382, 0.0004354349637663504, 0.0004357502698196382, 4.840024182702336], [1782932460, 0.0004357502698196382, 0.0004357502698196382, 0.0004344000049866565, 0.0004344000049866565, 40.051378459504846], [1782932580, 0.0004344000049866565, 0.0004344653954529628, 0.0004344000049866565, 0.0004344653954529628, 65.52433018492218], [1782932760, 0.0004344653954529628, 0.0004385159479624818, 0.0004344653954529628, 0.0004385159479624818, 15.37437961916538], [1782932880, 0.0004385159479624818, 0.0004385159479624818, 0.00043262185110753786, 0.00043276708181145087, 28.84529111543414], [1782933060, 0.00043276708181145087, 0.00043276708181145087, 0.00043093488412318347, 0.00043093488412318347, 111.93416011849384], [1782933180, 0.00043093488412318347, 0.00043093488412318347, 0.00042436057003600455, 0.00042436057003600455, 242.25351818107748], [1782933240, 0.00042436057003600455, 0.0004463448432884823, 0.00042436057003600455, 0.0004463448432884823, 624.2726176864022], [1782933300, 0.0004463448432884823, 0.0004463448432884823, 0.00042369912731525164, 0.00042369912731525164, 965.1711187265404], [1782933420, 0.00042369912731525164, 0.0004243216075381948, 0.00042369912731525164, 0.0004243216075381948, 15.222253371136794], [1782933480, 0.0004243216075381948, 0.0004243216075381948, 0.0004188235325167731, 0.0004225343342724997, 77.5344693481253], [1782933600, 0.0004225343342724997, 0.00042507489635975124, 0.00041670594875956767, 0.00042507489635975124, 227.80068638470044], [1782933660, 0.00042507489635975124, 0.00042507489635975124, 0.00040837537313252894, 0.00040837537313252894, 526.195443270098], [1782933960, 0.00040837537313252894, 0.0004126337835148082, 0.00040837537313252894, 0.0004126337835148082, 25.625335047191857], [1782934020, 0.0004126337835148082, 0.00041969007748946993, 0.0004126337835148082, 0.00041969007748946993, 222.6975307042731], [1782934080, 0.00041969007748946993, 0.00043608846092017486, 0.00041969007748946993, 0.00043583867944016095, 505.77785464961147], [1782934140, 0.00043583867944016095, 0.00043583867944016095, 0.0004306643818482693, 0.0004306643818482693, 18.98243271852053], [1782934200, 0.0004306643818482693, 0.0004306643818482693, 0.00042588970337463587, 0.00042588970337463587, 313.2117639121562], [1782934320, 0.00042588970337463587, 0.00042588970337463587, 0.0004208285947243617, 0.0004208285947243617, 0.8416571894487234], [1782934380, 0.0004208285947243617, 0.0004208285947243617, 0.00042047141253341466, 0.00042047141253341466, 16.226723532096834], [1782934800, 0.00042047141253341466, 0.0004304133753645933, 0.00042047141253341466, 0.0004304133753645933, 227.57788372647966], [1782934860, 0.0004304133753645933, 0.00043286378748342126, 0.0004304133753645933, 0.00043286378748342126, 38.27372912348629], [1782935220, 0.00043286378748342126, 0.00043286378748342126, 0.0004210642463674305, 0.0004210642463674305, 439.59635500718724], [1782935460, 0.0004210642463674305, 0.0004210642463674305, 0.00041295052767443825, 0.00041295052767443825, 41.29505276744383], [1782935760, 0.00041295052767443825, 0.00041295052767443825, 0.0004109103663297138, 0.0004109103663297138, 40.23180767824458], [1782935880, 0.0004109103663297138, 0.0004109103663297138, 0.0004096131788650213, 0.0004096131788650213, 2.6179262485040464], [1782936120, 0.0004096131788650213, 0.000414501135610983, 0.0004096131788650213, 0.000414501135610983, 33.91939552636323], [1782936300, 0.000414501135610983, 0.00041549998304325883, 0.000414501135610983, 0.00041549998304325883, 5.17486798921581], [1782936360, 0.00041549998304325883, 0.00042069247221961434, 0.00041549998304325883, 0.00042069247221961434, 305.0482458485468], [1782936420, 0.00042069247221961434, 0.00042564123767077443, 0.00042069247221961434, 0.00042564123767077443, 30.47490626173127], [1782936540, 0.00042564123767077443, 