{"pair": "DP6oFNuSE9XEp37jn2witbEvGgDtMvTnHmJogC1LA14t", "n_bars": 144, "span": [1782926398.0, 1782944520.0], "bars": [[1782926400, 5.3033094112253776e-05, 5.410377911544631e-05, 5.3033094112253776e-05, 5.409386061140055e-05, 8.248027285560594], [1782926460, 5.409386061140055e-05, 5.409386061140055e-05, 5.322998451560201e-05, 5.322998451560201e-05, 2.353278849842484], [1782926520, 5.322998451560201e-05, 5.473713770009699e-05, 5.301479709797891e-05, 5.473713770009699e-05, 219.78805048352], [1782926580, 5.473713770009699e-05, 5.588059339739666e-05, 5.3663234436191235e-05, 5.3663234436191235e-05, 137.43229200716755], [1782926640, 5.3663234436191235e-05, 5.376409963067967e-05, 5.3663234436191235e-05, 5.376409963067967e-05, 2.3712428086091095], [1782926820, 5.376409963067967e-05, 5.376409963067967e-05, 5.373184561062559e-05, 5.373184561062559e-05, 2.3704127138031907], [1782927000, 5.373184561062559e-05, 5.373184561062559e-05, 5.3599290817486554e-05, 5.3599290817486554e-05, 2.3651561205826126], [1782927060, 5.3599290817486554e-05, 5.3695072738556274e-05, 5.3599290817486554e-05, 5.3695072738556274e-05, 0.10583551380805054], [1782927120, 5.3695072738556274e-05, 5.438570613357032e-05, 5.362941074018191e-05, 5.362941074018191e-05, 8.357400970674352], [1782927300, 5.362941074018191e-05, 5.459689091311475e-05, 5.359160775918342e-05, 5.459689091311475e-05, 40.07255721506347], [1782927420, 5.459689091311475e-05, 5.5096457978318405e-05, 5.459689091311475e-05, 5.5096457978318405e-05, 38.5236165517316], [1782927480, 5.5096457978318405e-05, 5.5096457978318405e-05, 5.452048839274763e-05, 5.452048839274763e-05, 2.387190709236632], [1782927600, 5.452048839274763e-05, 5.452048839274763e-05, 5.444221354643754e-05, 5.444221354643754e-05, 2.3843593699754697], [1782927780, 5.444221354643754e-05, 5.444221354643754e-05, 5.4437949534800865e-05, 5.4437949534800865e-05, 2.3847686658588256], [1782927960, 5.4437949534800865e-05, 5.4437949534800865e-05, 5.438659372654319e-05, 5.438659372654319e-05, 2.3831145465997374], [1782928140, 5.438659372654319e-05, 5.446465155197528e-05, 5.438659372654319e-05, 5.446465155197528e-05, 2.3871315220673517], [1782928200, 5.446465155197528e-05, 5.550471374869215e-05, 5.446465155197528e-05, 5.550471374869215e-05, 56.839009705766784], [1782928260, 5.550471374869215e-05, 5.550471374869215e-05, 5.502363462534266e-05, 5.502363462534266e-05, 2.3981475107373993], [1782928440, 5.502363462534266e-05, 5.502363462534266e-05, 5.50077125407875e-05, 5.50077125407875e-05, 2.398052926726693], [1782928620, 5.50077125407875e-05, 5.50077125407875e-05, 5.497867664265409e-05, 5.497867664265409e-05, 2.3973863079473676], [1782928680, 5.497867664265409e-05, 5.497867664265409e-05, 5.41071189489785e-05, 5.41071189489785e-05, 147.4635813220727], [1782928740, 5.41071189489785e-05, 5.41071189489785e-05, 5.324609233353722e-05, 5.324609233353722e-05, 2.3586953670953137], [1782928860, 5.324609233353722e-05, 5.6640143845873885e-05, 5.324609233353722e-05, 5.542807400917947e-05, 231.7029928953176], [1782928920, 5.542807400917947e-05, 5.787382298900263e-05, 5.542807400917947e-05, 5.7096937619538614e-05, 108.25193368069964], [1782929100, 5.7096937619538614e-05, 5.7096937619538614e-05, 5.4968269465869777e-05, 5.4968269465869777e-05, 32.53299631933082], [1782929280, 5.4968269465869777e-05, 5.4968269465869777e-05, 5.476688569129815e-05, 5.476688569129815e-05, 2.38861362939941], [1782929400, 5.476688569129815e-05, 5.558704075523707e-05, 5.476688569129815e-05, 5.558704075523707e-05, 20.658036093823313], [1782929460, 5.558704075523707e-05, 5.558704075523707e-05, 5.488071776063356e-05, 5.488071776063356e-05, 2.390943197316711], [1782929580, 5.488071776063356e-05, 5.497824875657458e-05, 5.488071776063356e-05, 5.497824875657458e-05, 2.3957910482564126], [1782929700, 5.497824875657458e-05, 5.497824875657458e-05, 5.378700891433759e-05, 5.4538887374952895e-05, 100.39204848165964], [1782929760, 5.4538887374952895e-05, 5.4538887374952895e-05, 5.373094501567136e-05, 5.373094501567136e-05, 2.3667456336373514], [1782929820, 5.373094501567136e-05, 5.453357632432255e-05, 5.3597594689162676e-05, 5.3597594689162676e-05, 25.8698124329138], [1782929940, 5.3597594689162676e-05, 5.3597594689162676e-05, 4.74237127853213e-05, 4.871073467170793e-05, 992.789283866845], [1782930000, 4.871073467170793e-05, 4.871073467170793e-05, 4.862195949356969e-05, 4.862195949356969e-05, 0.3973276314204545], [1782930060, 4.862195949356969e-05, 4.8623208889585105e-05, 4.857009377031797e-05, 4.857009377031797e-05, 0.3421095693802896], [1782930120, 4.857009377031797e-05, 4.8598715959833694e-05, 4.79083136550849e-05, 4.79083136550849e-05, 2.3530472205787794], [1782930300, 4.79083136550849e-05, 4.79083136550849e-05, 4.78827684937432e-05, 4.78827684937432e-05, 2.2355478119355636], [1782930420, 4.78827684937432e-05, 4.78827684937432e-05, 4.781008254928946e-05, 4.781008254928946e-05, 2.2327122935044192], [1782930600, 4.781008254928946e-05, 4.781008254928946e-05, 4.771066377583881e-05, 4.771066377583881e-05, 2.22862649275377], [1782930780, 4.771066377583881e-05, 4.773712581821922e-05, 4.771066377583881e-05, 4.773712581821922e-05, 2.2304200344115817], [1782930840, 4.773712581821922e-05, 4.841693012692057e-05, 4.773712581821922e-05, 4.841693012692057e-05, 0.0694691752096739], [1782930900, 4.841693012692057e-05, 4.841693012692057e-05, 4.7655985575492736e-05, 4.7655985575492736e-05, 24.435423451444674], [1782930960, 4.7655985575492736e-05, 4.7655985575492736e-05, 4.754023936698714e-05, 4.754023936698714e-05, 2.227853186934168], [1782931080, 4.754023936698714e-05, 4.823093055293208e-05, 4.754023936698714e-05, 4.823093055293208e-05, 5.540216889391827], [1782931140, 4.823093055293208e-05, 4.823093055293208e-05, 4.759926529389291e-05, 4.759926529389291e-05, 2.229810028030764], [1782931260, 4.759926529389291e-05, 4.760868937205947e-05, 4.759926529389291e-05, 4.760868937205947e-05, 2.230809066297616], [1782931320, 4.760868937205947e-05, 4.845922440414396e-05, 4.760868937205947e-05, 4.845922440414396e-05, 48.56972917132849], [1782931440, 4.845922440414396e-05, 4.845922440414396e-05, 4.803466652264298e-05, 4.804688781341854e-05, 2.2973594849507086], [1782931620, 4.804688781341854e-05, 4.804688781341854e-05, 4.785470477082656e-05, 4.785470477082656e-05, 2.2314784656816595], [1782931740, 4.785470477082656e-05, 4.785470477082656e-05, 4.733290988755597e-05, 4.733290988755597e-05, 55.47768949147655], [1782931920, 4.733290988755597e-05, 4.733290988755597e-05, 4.707137549273253e-05, 4.707137549273253e-05, 32.02000232597357], [1782932100, 4.707137549273253e-05, 4.707137549273253e-05, 4.687558958706313e-05, 4.687558958706313e-05, 2.2079929069236255], [1782932220, 4.687558958706313e-05, 4.687558958706313e-05, 4.6858534440178904e-05, 4.6858534440178904e-05, 2.207741351355897], [1782932400, 4.6858534440178904e-05, 4.6880198100715856e-05, 4.6858534440178904e-05, 4.6880198100715856e-05, 2.2093142259245546], [1782932580, 4.6880198100715856e-05, 4.697540654954526e-05, 4.6880198100715856e-05, 4.697540654954526e-05, 2.214354546766894], [1782932700, 4.697540654954526e-05, 4.760036284462496e-05, 4.697540654954526e-05, 4.760036284462496e-05, 0.17587594937414708], [1782932760, 4.760036284462496e-05, 4.760036284462496e-05, 4.690303666577558e-05, 4.690303666577558e-05, 2.2114525431861805], [1782932940, 4.690303666577558e-05, 4.690303666577558e-05, 4.6901222227047416e-05, 4.6901222227047416e-05, 2.211919835170293], [1782933060, 4.6901222227047416e-05, 4.6901222227047416e-05, 4.6509199316620756e-05, 4.6821038850719555e-05, 64.74746926276227], [1782933120, 4.6821038850719555e-05, 4.6821038850719555e-05, 4.6105643576705e-05, 4.6753990497169186e-05, 2.452312437651887], [1782933240, 4.6753990497169186e-05, 4.6753990497169186e-05, 4.6105768681126075e-05, 4.6105768681126075e-05, 2.1914262784582137], [1782933300, 4.6105768681126075e-05, 4.6105768681126075e-05, 4.384321555498195e-05, 4.3916002599128064e-05, 295.76899079836886], [1782933420, 4.3916002599128064e-05, 