{"pair": "6b6SS84o6dq9oM2Nc17yLwEeS1YxfZbBGq3X4ZXYPoUE", "n_bars": 64, "span": [1782823938.0, 1782908938.0], "bars": [[1782823980, 0.00020487916570379169, 0.00021572563457593837, 0.00020132114655570582, 0.00021099066143797404, 4955.5265033328305], [1782824040, 0.00021099066143797404, 0.00021099066143797404, 0.00018345162933667783, 0.00018667688730817988, 5454.725152952657], [1782824100, 0.00018667688730817988, 0.0001995670215165919, 0.0001864106771705477, 0.00018855503144521113, 4950.481962811269], [1782824160, 0.00018855503144521113, 0.000201915663776525, 0.00018855503144521113, 0.00019434920358123037, 5220.274310584279], [1782824220, 0.00019434920358123037, 0.00021746184230941347, 0.00018458480692365987, 0.00020102311167956806, 5587.735031632308], [1782824280, 0.00020102311167956806, 0.00021083633799599995, 0.0001958229848178312, 0.00020908224827321972, 4545.463016600046], [1782824340, 0.00020908224827321972, 0.00022323218815238508, 0.00020385506296176332, 0.0002123574698945949, 4093.5875799922333], [1782824400, 0.0002123574698945949, 0.00022352849287353327, 0.0002064738158844993, 0.00022343190524307818, 4167.950913941588], [1782824460, 0.00022343190524307818, 0.00024452685674553813, 0.0002110123129900896, 0.00023924503042253715, 5527.407875216258], [1782824520, 0.00023924503042253715, 0.0002926720000266933, 0.00023745022057465183, 0.000285366376160161, 4330.5315439621], [1782824580, 0.000285366376160161, 0.00030639483851833656, 0.00028136745294558824, 0.00030218708913609237, 3835.532898390554], [1782824640, 0.00030218708913609237, 0.0003158329246635992, 0.00029688533949793794, 0.0003104639292355164, 4679.884487457701], [1782824700, 0.0003104639292355164, 0.0003178396214998853, 0.00029470842370369986, 0.0003006521093946668, 4996.796913056821], [1782824760, 0.0003006521093946668, 0.0003149382632946807, 0.00029034828439865594, 0.00030386506338994114, 4072.5186712892432], [1782824820, 0.00030386506338994114, 0.0003138547168190031, 0.00029169860694148704, 0.0002933413878247257, 4989.7814829567305], [1782824880, 0.0002933413878247257, 0.0002969099005675926, 0.000256353794671979, 0.0002658900425010906, 4403.730590949649], [1782824940, 0.0002658900425010906, 0.0002774457788557308, 0.00026244812579564986, 0.0002761828256305223, 4283.69945964822], [1782825000, 0.0002761828256305223, 0.0002810886313745145, 0.0002682679128011203, 0.00027767667540161726, 4001.564538421754], [1782825060, 0.00027767667540161726, 0.00028762709733907803, 0.00026716502032610254, 0.00028057624554187437, 4790.394710465278], [1782825120, 0.00028057624554187437, 0.00029512006592100325, 0.0002760338800080551, 0.0002888532169854349, 3075.0723909811313], [1782825180, 0.0002888532169854349, 0.00029841305194460425, 0.00027503309416976486, 0.000283126603728942, 4107.561687549386], [1782825240, 0.000283126603728942, 0.0003008507279236877, 0.00027751738512304236, 0.0002928086343011203, 3178.6644964242223], [1782825300, 0.0002928086343011203, 0.000300349172665704, 0.00023933463739903913, 0.0002502643063435051, 6001.065912994844], [1782825360, 0.0002502643063435051, 0.000252700866924984, 0.00015538420757896986, 0.00016664699594796576, 10244.615433024785], [1782825420, 0.00016664699594796576, 0.00017592856576509986, 0.00014635707869517048, 0.00015645841981035277, 6004.945300179154], [1782825480, 0.00015645841981035277, 0.0001584765618200617, 0.00014301237466302866, 0.00014301237466302866, 1595.8134373297248], [1782825540, 0.00014301237466302866, 0.00014301237466302866, 0.00010301774194330713, 0.00010301774194330713, 2332.010058592288], [1782825600, 0.00010301774194330713, 0.00010459652132208214, 8.771346264602234e-05, 9.281118313636292e-05, 2596.405708235483], [1782825660, 9.281118313636292e-05, 9.669598459599592e-05, 9.013990653243984e-05, 9.669598459599592e-05, 1177.6406121883897], [1782825720, 9.669598459599592e-05, 0.00010366722268861413, 9.310616960170453e-05, 0.00010104417876626448, 1837.4453797633835], [1782825780, 0.00010104417876626448, 0.00010525566659046342, 9.689192736019403e-05, 9.891357056177074e-05, 3069.772028861978], [1782825840, 9.891357056177074e-05, 0.00010499362351191497, 9.482872841988305e-05, 0.00010059534691905771, 3365.3650942167956], [1782825900, 0.00010059534691905771, 0.00010869759003203306, 0.00010059534691905771, 0.00010278815040690047, 1810.3384797645238], [1782825960, 0.00010278815040690047, 0.00011093435196188414, 0.00010268903556926383, 0.00010751566428898576, 2799.115929795063], [1782826020, 0.00010751566428898576, 0.00011061535566129902, 0.00010450857741872123, 0.00011061535566129902, 1118.5012659106123], [1782826080, 0.00011061535566129902, 0.00011061535566129902, 0.00010428920503413319, 0.00010469951233527519, 1588.5803285849543], [1782826140, 0.00010469951233527519, 0.00011069588075870669, 1.02284370134064e-05, 1.3579413914774332e-05, 13855.047296369525], [1782826200, 1.3579413914774332e-05, 1.3579413914774332e-05, 5.967222842367241e-06, 6.0424117515007065e-06, 878.0933660521275], [1782826260, 6.0424117515007065e-06, 6.0424117515007065e-06, 5.952320889512865e-06, 5.952320889512865e-06, 1.9643686362714277], [1782826320, 5.952320889512865e-06, 5.952320889512865e-06, 5.790040871046799e-06, 5.797406640833553e-06, 29.913350544610505], [1782826380, 5.797406640833553e-06, 5.8719298588742135e-06, 5.742257712973979e-06, 5.7437240415536945e-06, 29.653787309419787], [1782826440, 5.7437240415536945e-06, 5.7437240415536945e-06, 5.722424719454934e-06, 5.722424719454934e-06, 2.358526847103014], [1782826500, 5.722424719454934e-06, 5.804839471513738e-06, 5.717577556224849e-06, 5.717577556224849e-06, 6.626600372941425], [1782826560, 5.717577556224849e-06, 5.717577556224849e-06, 5.692981597173089e-06, 5.711434889433354e-06, 6.753254590569371], [1782826680, 5.711434889433354e-06, 5.750500544447034e-06, 5.6421564963255915e-06, 5.647997123234315e-06, 10.313624281899399], [1782826800, 5.647997123234315e-06, 5.674918339303716e-06, 5.647997123234315e-06, 5.674918339303716e-06, 0.21614022809445008], [1782826920, 5.674918339303716e-06, 5.746495621348538e-06, 5.674918339303716e-06, 5.746495621348538e-06, 2.1438918029700167], [1782827040, 5.746495621348538e-06, 5.746495621348538e-06, 5.68274128442976e-06, 5.68274128442976e-06, 0.3132875303283177], [1782827100, 5.68274128442976e-06, 5.68274128442976e-06, 1.3735772730018132e-06, 2.0676591855305986e-06, 1413.004038889898], [1782827160, 2.0676591855305986e-06, 2.0676591855305986e-06, 1.3700759460297703e-06, 1.3700759460297703e-06, 0.853319677247939], [1782827220, 1.3700759460297703e-06, 1.370312440321961e-06, 1.3700759460297703e-06, 1.370312440321961e-06, 0.008224490232653793], [1782827340, 1.370312440321961e-06, 1.370312440321961e-06, 1.3693516509809657e-06, 1.3693516509809657e-06, 0.34530844327499155], [1782827520, 1.3693516509809657e-06, 1.3755270916433e-06, 1.3693516509809657e-06, 1.3717965185871306e-06, 1.9763703306177673], [1782828480, 1.3717965185871306e-06, 1.3828216642785884e-06, 1.3717965185871306e-06, 1.3828216642785884e-06, 0.10028074598500353], [1782828900, 1.3828216642785884e-06, 1.3828216642785884e-06, 1.3825102057825587e-06, 1.3825102057825587e-06, 0.004873719148489853], [1782830700, 1.3825102057825587e-06, 1.3828174029646548e-06, 1.3825102057825587e-06, 1.3828174029646548e-06, 0.05071799365274894], [1782831960, 1.3828174029646548e-06, 1.3828174029646548e-06, 1.368848584924063e-06, 1.368848584924063e-06, 0.05471413925262374], [1782832860, 1.368848584924063e-06, 1.3799418267136572e-06, 1.368848584924063e-06, 1.3799418267136572e-06, 0.14483559658058687], [1782835380, 1.3799418267136572e-06, 1.3808379633568138e-06, 1.3799418267136572e-06, 1.3808379633568138e-06, 0.01239433909417134], [1782835440, 1.3808379633568138e-06, 1.3808379633568138e-06, 1.3796660454533382e-06, 1.3796660454533382e-06, 0.02558132005659774], [1782848100, 1.3796660454533382e-06, 1.3915627892706825e-06, 1.3796660454533382e-06, 1.3915627892706825e-06, 0.9557621689098392], [1782849420, 1.3915627892706825e-06, 1.3915627892706825e-06, 1.3862542832841758e-06, 