{"pair": "XjcB2D4ph8jYgMxXZjstRGD466E4MFoNXXsgD94uBxp", "n_bars": 122, "span": [1782839617.0, 1782934835.0], "bars": [[1782839640, 0.00011030107385310466, 0.00011132786467015081, 0.00010983953044330766, 0.00011132786467015081, 9.952688290704504], [1782839760, 0.00011132786467015081, 0.00011152036149496066, 0.00010997056656548326, 0.00011152036149496066, 1.2592874049523213], [1782839820, 0.00011152036149496066, 0.00011152036149496066, 2.2215991609636643e-06, 2.25279437229468e-06, 11919.206789857995], [1782839880, 2.25279437229468e-06, 1.099818797364447e-05, 2.25279437229468e-06, 4.073181970450905e-06, 5934.76428860962], [1782839940, 4.073181970450905e-06, 4.073181970450905e-06, 2.495510193604605e-06, 3.1411196011288605e-06, 1068.863506313449], [1782840000, 3.1411196011288605e-06, 3.230038561405349e-06, 2.1981604609751934e-06, 2.702638660524955e-06, 1338.6416809306224], [1782840060, 2.702638660524955e-06, 2.9099049753547957e-06, 2.702638660524955e-06, 2.7353560892290266e-06, 224.4648192462671], [1782840120, 2.7353560892290266e-06, 2.7353560892290266e-06, 2.6533231463754545e-06, 2.6533231463754545e-06, 37.10035107200087], [1782840180, 2.6533231463754545e-06, 2.7876398809142717e-06, 2.6533231463754545e-06, 2.7849862678697545e-06, 103.15376286779106], [1782840240, 2.7849862678697545e-06, 2.7849862678697545e-06, 2.7764210022438116e-06, 2.7764210022438116e-06, 2.684806839483799], [1782840300, 2.7764210022438116e-06, 2.813316693186873e-06, 2.7093038441847112e-06, 2.7093038441847112e-06, 27.385149895440016], [1782840360, 2.7093038441847112e-06, 2.7097369538858603e-06, 2.7093038441847112e-06, 2.7097369538858603e-06, 0.08463271023170733], [1782840420, 2.7097369538858603e-06, 2.7097369538858603e-06, 2.4698988007525483e-06, 2.4698988007525483e-06, 92.78088643729363], [1782840480, 2.4698988007525483e-06, 2.4698988007525483e-06, 2.4479648093739064e-06, 2.4479648093739064e-06, 7.774620047148254], [1782840540, 2.4479648093739064e-06, 2.4791076748503645e-06, 2.4479648093739064e-06, 2.4588549774679577e-06, 7.335622928207625], [1782840600, 2.4588549774679577e-06, 3.5352051088904933e-06, 2.4588549774679577e-06, 3.330516709511041e-06, 653.1264742209389], [1782840660, 3.330516709511041e-06, 3.330516709511041e-06, 2.652623575526156e-06, 2.652623575526156e-06, 376.7702639687644], [1782840720, 2.652623575526156e-06, 2.707084925229909e-06, 2.6496951635887922e-06, 2.6937865986510573e-06, 27.083422185555868], [1782840780, 2.6937865986510573e-06, 2.7434564764593707e-06, 2.6896286157671113e-06, 2.7434564764593707e-06, 16.084398472464898], [1782840840, 2.7434564764593707e-06, 2.7434564764593707e-06, 2.7072600907649264e-06, 2.7072600907649264e-06, 12.236688655932383], [1782840960, 2.7072600907649264e-06, 2.7072600907649264e-06, 2.6897907913867313e-06, 2.6897907913867313e-06, 0.09641175312363509], [1782841080, 2.6897907913867313e-06, 2.7347203833117646e-06, 2.6897907913867313e-06, 2.7093365146961473e-06, 7.192797153721212], [1782841140, 2.7093365146961473e-06, 2.752588829084133e-06, 2.7093365146961473e-06, 2.752588829084133e-06, 6.306106122013989], [1782841260, 2.752588829084133e-06, 2.7839289954242004e-06, 2.752588829084133e-06, 2.7839289954242004e-06, 19.291468471002375], [1782841380, 2.7839289954242004e-06, 2.7839289954242004e-06, 2.7716142832263222e-06, 2.7716142832263222e-06, 1.3832214636209348], [1782841560, 2.7716142832263222e-06, 2.867081561680554e-06, 2.7716142832263222e-06, 2.867081561680554e-06, 34.56295209323831], [1782841680, 2.867081561680554e-06, 2.9200546488140004e-06, 2.867081561680554e-06, 2.9200546488140004e-06, 18.587572733706402], [1782841740, 2.9200546488140004e-06, 3.0123001200134483e-06, 2.9200546488140004e-06, 3.0123001200134483e-06, 37.1919689497985], [1782841800, 3.0123001200134483e-06, 3.0476816533897773e-06, 3.0123001200134483e-06, 3.0476816533897773e-06, 11.67478711058327], [1782841860, 3.0476816533897773e-06, 3.0476816533897773e-06, 3.0152305605750806e-06, 3.0152305605750806e-06, 7.5736263347767245], [1782841920, 3.0152305605750806e-06, 3.0152305605750806e-06, 2.8838225051365146e-06, 2.8838225051365146e-06, 51.84412727813504], [1782842100, 2.8838225051365146e-06, 2.922447612638074e-06, 2.8838225051365146e-06, 2.922447612638074e-06, 20.736794545420462], [1782842580, 2.922447612638074e-06, 2.951062039110211e-06, 2.9196017381756307e-06, 2.9196017381756307e-06, 3.2683237500477], [1782842760, 2.9196017381756307e-06, 2.9196017381756307e-06, 2.913911712588424e-06, 2.913911712588424e-06, 0.9903066324926592], [1782842940, 2.913911712588424e-06, 2.913911712588424e-06, 2.783071730055638e-06, 2.783071730055638e-06, 81.10400953765331], [1782843000, 2.783071730055638e-06, 2.783071730055638e-06, 2.6798937687461282e-06, 2.6873685882973525e-06, 5.406621143846412], [1782843120, 2.6873685882973525e-06, 2.852795690452638e-06, 2.6873685882973525e-06, 2.852795690452638e-06, 54.051298572542244], [1782843180, 2.852795690452638e-06, 2.8680303002524913e-06, 2.852795690452638e-06, 2.8680303002524913e-06, 3.8036123286773993], [1782843360, 2.8680303002524913e-06, 2.878024744251976e-06, 2.8680303002524913e-06, 2.878024744251976e-06, 2.8527629536559256], [1782843420, 2.878024744251976e-06, 2.892694890029484e-06, 2.878024744251976e-06, 2.892694890029484e-06, 7.619951824976321], [1782843540, 2.892694890029484e-06, 2.9559056499948842e-06, 2.892694890029484e-06, 2.9559056499948842e-06, 17.359723373184824], [1782843660, 2.9559056499948842e-06, 2.965567366755877e-06, 2.9559056499948842e-06, 2.965567366755877e-06, 2.003665720490328], [1782843720, 2.965567366755877e-06, 2.984106917090966e-06, 2.9259540293346496e-06, 2.984106917090966e-06, 16.03727735005691], [1782843960, 2.984106917090966e-06, 3.0101766726718276e-06, 2.959892363293315e-06, 3.0101766726718276e-06, 13.000854320802658], [1782844080, 3.0101766726718276e-06, 3.0101766726718276e-06, 2.9849904241214635e-06, 2.9849904241214635e-06, 2.902105771632796], [1782844320, 2.9849904241214635e-06, 2.9849904241214635e-06, 2.9603536395606534e-06, 2.9603536395606534e-06, 15.138784863049784], [1782845760, 2.9603536395606534e-06, 2.9603536395606534e-06, 2.899397169906524e-06, 2.899397169906524e-06, 24.5318759309689], [1782846060, 2.899397169906524e-06, 2.899397169906524e-06, 2.87283533661353e-06, 2.87283533661353e-06, 0.04115027639363624], [1782846720, 2.87283533661353e-06, 2.87283533661353e-06, 2.826399361883569e-06, 2.826399361883569e-06, 32.2146151819002], [1782847200, 2.826399361883569e-06, 2.826399361883569e-06, 2.783574321392384e-06, 2.783574321392384e-06, 0.010737747815233161], [1782848100, 2.783574321392384e-06, 2.796961557226386e-06, 2.783574321392384e-06, 2.796961557226386e-06, 0.01633928696512916], [1782848340, 2.796961557226386e-06, 2.840161476495537e-06, 2.796961557226386e-06, 2.840161476495537e-06, 7.142634517823366], [1782848520, 2.840161476495537e-06, 2.8609427741497477e-06, 2.840161476495537e-06, 2.8609427741497477e-06, 10.050670632846145], [1782848820, 2.8609427741497477e-06, 2.8809384446685783e-06, 2.8609427741497477e-06, 2.8809384446685783e-06, 3.8411352648508252], [1782849300, 2.8809384446685783e-06, 2.8809384446685783e-06, 2.839847832380027e-06, 2.839847832380027e-06, 3.7472644449094004], [1782849360, 2.839847832380027e-06, 2.839847832380027e-06, 2.832295709956876e-06, 2.832295709956876e-06, 0.06117270842814315], [1782849960, 2.832295709956876e-06, 2.833118200002327e-06, 2.832295709956876e-06, 2.833118200002327e-06, 7.1249215989575525], [1782850200, 2.833118200002327e-06, 2.833118200002327e-06, 2.820688482822929e-06, 2.820688482822929e-06, 0.6391901272204281], [1782850440, 2.820688482822929e-06, 2.820688482822929e-06, 2.786459162159078e-06, 2.786459162159078e-06, 24.462534123373683], [1782851400, 2.786459162159078e-06, 2.857020149944118e-06, 2.786459162159078e-06, 2.857020149944118e-06, 54.55510322411519], [1782851460, 2.857020149944118e-06, 2.9402667917764746e-06, 2.857020149944118e-06, 2.9402667917764746e-06, 7.228151919874408], [1782851520, 2.9402667917764746e-06, 3.1069261613818744e-06, 2.9012184956835506e-06, 