{"pair": "nShrK4iK4saR8TuibB4cCzRTqS6RqnS2gRRN9g3sK5E", "n_bars": 114, "span": [1782944884.0, 1782964484.0], "bars": [[1782944940, 0.0001111336778686011, 0.0001638201849430678, 0.0001111336778686011, 0.00014816639316630166, 21292.439844212557], [1782945000, 0.00014816639316630166, 0.00014816639316630166, 0.00011607187920936091, 0.00014235696171518004, 14880.561676070218], [1782945060, 0.00014235696171518004, 0.00016700059100379283, 0.00013576667742801974, 0.0001471092906425431, 23373.040703917108], [1782945120, 0.0001471092906425431, 0.00014799412254417574, 0.000101104009296594, 0.00010590770411431965, 15859.240699165883], [1782945180, 0.00010590770411431965, 0.00011704824716111802, 5.717586218920297e-05, 6.649137685166791e-05, 9553.940135241459], [1782945240, 6.649137685166791e-05, 0.00012438679733892374, 6.481176625966023e-05, 0.0001050808545435953, 10367.878969109346], [1782945300, 0.0001050808545435953, 0.00017825102452837958, 9.882712776333413e-05, 0.0001616523461099813, 19437.64845873777], [1782945360, 0.0001616523461099813, 0.00019494151439860188, 0.00015011674463494956, 0.00017331577911120356, 12675.880627696024], [1782945420, 0.00017331577911120356, 0.0002730615750102745, 0.00017331577911120356, 0.00025521777434659983, 17567.248482822633], [1782945480, 0.00025521777434659983, 0.0002725944789998812, 0.00023722378955501385, 0.00025194631719621115, 13818.627031225347], [1782945540, 0.00025194631719621115, 0.00032210820676358633, 0.00024372494528291738, 0.00029233252122905055, 13467.351339956696], [1782945600, 0.00029233252122905055, 0.0003020709119847287, 0.0002663446296892458, 0.00026868682377037995, 8558.411820569798], [1782945660, 0.00026868682377037995, 0.0003184830701197466, 0.000264045848302603, 0.0003072620944400596, 13799.89330887887], [1782945720, 0.0003072620944400596, 0.00032004654222805867, 0.0002673308371354716, 0.0002813790171821847, 12520.684639370098], [1782945780, 0.0002813790171821847, 0.00028291984304710236, 0.0002445727020510113, 0.0002478934282636924, 7455.896256993045], [1782945840, 0.0002478934282636924, 0.0003205327122874615, 0.0002478934282636924, 0.00030649927061955905, 12784.161278201895], [1782945900, 0.00030649927061955905, 0.00035221781966475447, 0.00030649927061955905, 0.000315457674513819, 18408.822812674855], [1782945960, 0.000315457674513819, 0.00036856264247003747, 0.00030851060093577327, 0.00033514611965234877, 21540.059674834007], [1782946020, 0.00033514611965234877, 0.0003469069584652739, 0.00026685441629466363, 0.0002742260090890732, 14573.992892573018], [1782946080, 0.0002742260090890732, 0.00034401099996162756, 0.00026299594403059103, 0.00029795064714957287, 22445.256719992845], [1782946140, 0.00029795064714957287, 0.0004022913481223257, 0.00029795064714957287, 0.0003797214479277041, 22933.58478462838], [1782946200, 0.0003797214479277041, 0.0004048437098900679, 0.00034123006371030226, 0.0003888657563252555, 16940.442096024006], [1782946260, 0.0003888657563252555, 0.0004354887820477018, 0.0003610965136823068, 0.00042634509840250827, 17601.35093090996], [1782946320, 0.00042634509840250827, 0.0004361616295222496, 0.0003483809661774908, 0.00037551765682331445, 22781.421758913384], [1782946380, 0.00037551765682331445, 0.00045282850365470074, 0.000353055160164131, 0.00041785862032741585, 24096.39470339836], [1782946440, 0.00041785862032741585, 0.00046602520560612627, 0.0003646230912728844, 0.0003855325636680772, 25919.79192215855], [1782946500, 0.0003855325636680772, 0.00042255787440870484, 0.0003268761148920969, 0.0004225036490517851, 26023.680013274963], [1782946560, 0.0004225036490517851, 0.0004225036490517851, 0.0003385429454097334, 0.00035524385817719027, 22622.84644356581], [1782946620, 0.00035524385817719027, 0.0003739543024199202, 0.0002719314747680789, 0.0002810552277245705, 22317.743657710715], [1782946680, 0.0002810552277245705, 0.00035487332784270564, 0.00026883821506480015, 0.00035487332784270564, 20072.52295273143], [1782946740, 0.00035487332784270564, 0.00035487332784270564, 0.000274597174663041, 0.0002756380127491228, 16169.245870938837], [1782946800, 0.0002756380127491228, 0.0003151226935736142, 0.00027557757958845876, 0.00028106034036772914, 19381.377758492217], [1782946860, 0.00028106034036772914, 0.00030702624983783495, 0.0002687908164105233, 0.00028171899328355315, 19344.799047444398], [1782946920, 0.00028171899328355315, 0.0003243671142228232, 0.00024177212439328974, 0.0002551518265364795, 21139.36377128403], [1782946980, 0.0002551518265364795, 0.0002725093580899552, 0.0001738987407422163, 0.00017940551737881104, 16996.289318316336], [1782947040, 0.00017940551737881104, 0.00020780118065304067, 0.00017266411481968092, 0.00018513493045935157, 14696.364214766807], [1782947100, 0.00018513493045935157, 0.00021597548910154234, 0.0001724240855913424, 0.00021526542759064726, 17986.89654962222], [1782947160, 0.00021526542759064726, 0.00024091956606813188, 0.00020356329605258276, 0.00020792983634915373, 17293.24350052326], [1782947220, 0.00020792983634915373, 0.0002587400494448479, 0.00020744494734962698, 0.00022509477701430596, 20253.44767986248], [1782947280, 0.00022509477701430596, 0.0002720213574496971, 0.00021884514846447738, 0.00023557750623005104, 17822.51312116092], [1782947340, 0.00023557750623005104, 0.0002532651187530492, 0.0002138943741619449, 0.00021447442718346897, 17442.554170564024], [1782947400, 0.00021447442718346897, 0.00022507042617854543, 0.00017184476235163515, 0.00020015029062145037, 21665.243966490125], [1782947460, 0.00020015029062145037, 0.0002470320681841129, 0.00014965244103132743, 0.00016523071977300082, 20987.91570955517], [1782947520, 0.00016523071977300082, 0.00020909372891482397, 0.00016446093221236, 0.00017129893586730798, 20781.148354919733], [1782947580, 0.00017129893586730798, 0.00020409690459903816, 0.00012236342221421892, 0.0001436582960928026, 16513.68665311535], [1782947640, 0.0001436582960928026, 0.00016080006837302692, 5.981889854425651e-05, 6.238454270743564e-05, 11410.796535656744], [1782947700, 6.238454270743564e-05, 9.17202761524702e-05, 6.238454270743564e-05, 8.564264216053633e-05, 7596.819342810448], [1782947760, 8.564264216053633e-05, 0.0001094084177753615, 6.626350165518945e-05, 8.316494873285864e-05, 10860.005666434461], [1782947820, 8.316494873285864e-05, 0.0001330542866678652, 8.316494873285864e-05, 0.00012151213249863486, 10179.39838815735], [1782947880, 0.00012151213249863486, 0.00012151213249863486, 8.017908080156634e-05, 9.348001951586956e-05, 14606.598583353338], [1782947940, 9.348001951586956e-05, 0.00010242378551467554, 5.776656558172883e-05, 6.735575323191744e-05, 15518.290357997272], [1782948000, 6.735575323191744e-05, 8.705680808980052e-05, 6.141851243711211e-05, 7.340088893831015e-05, 15816.140631917178], [1782948060, 7.340088893831015e-05, 7.552414912076388e-05, 2.9335604938567077e-05, 2.9441667558338724e-05, 6363.535934460325], [1782948120, 2.9441667558338724e-05, 3.725693834254624e-05, 2.9441667558338724e-05, 3.434282779376905e-05, 1381.1930498471283], [1782948180, 3.434282779376905e-05, 3.8845498944869766e-05, 2.014779438073123e-06, 2.4709073893169897e-06, 7060.040933494054], [1782948240, 2.4709073893169897e-06, 2.4709073893169897e-06, 2.2438452901654422e-06, 2.4108414886072354e-06, 144.30224709463107], [1782948300, 2.4108414886072354e-06, 3.0874088502205598e-06, 2.3743619471395633e-06, 2.9893094987739538e-06, 572.1160318721787], [1782948360, 2.9893094987739538e-06, 2.9893094987739538e-06, 2.6969401024487415e-06, 2.69881741667032e-06, 108.53377313443082], [1782948420, 2.69881741667032e-06, 2.69881741667032e-06, 2.5220129139598284e-06, 2.5220129139598284e-06, 85.82648062471034], [1782948480, 2.5220129139598284e-06, 2.5220129139598284e-06, 2.257228728259989e-06, 2.257228728259989e-06, 87.95067983682513], [1782948540, 2.257228728259989e-06, 2.283715916900834e-06, 2.2547271971402505e-06, 2.2547271971402505e-06, 1.4227473227471685], [1782948600, 2.2547271971402505e-06, 2.2844756071595446e-06, 2.2547271971402505e-06, 