{"pair": "AJfwQvZpumVVSsehVXgUJqWP271E9nz2mB6er6DBwdqe", "n_bars": 124, "span": [1782923864.0, 1782946277.0], "bars": [[1782923880, 5.072182620358839e-05, 5.11395998612326e-05, 5.072182620358839e-05, 5.11395998612326e-05, 51.805030088050415], [1782923940, 5.11395998612326e-05, 5.305791233971861e-05, 5.11395998612326e-05, 5.235166910149898e-05, 203.09003738780137], [1782924000, 5.235166910149898e-05, 5.327614053023467e-05, 5.235166910149898e-05, 5.327614053023467e-05, 39.71347026820433], [1782924060, 5.327614053023467e-05, 5.348331094598833e-05, 5.1755323399413316e-05, 5.1755323399413316e-05, 177.66886088420563], [1782924120, 5.1755323399413316e-05, 5.1755323399413316e-05, 4.7416266695486016e-05, 4.7416266695486016e-05, 402.23734803575775], [1782924180, 4.7416266695486016e-05, 5.0567023934101966e-05, 4.673727168571717e-05, 5.0567023934101966e-05, 355.18375263315363], [1782924240, 5.0567023934101966e-05, 5.1137843515627466e-05, 5.0567023934101966e-05, 5.1137843515627466e-05, 19.667529487402465], [1782924300, 5.1137843515627466e-05, 5.130778205239682e-05, 5.047408758117631e-05, 5.130778205239682e-05, 24.262561251090197], [1782924360, 5.130778205239682e-05, 5.130778205239682e-05, 2.3805368303519098e-05, 2.383039775135803e-05, 3775.449432041902], [1782924420, 2.383039775135803e-05, 2.4467738376013436e-05, 2.383039775135803e-05, 2.4467738376013436e-05, 86.93690984170888], [1782924480, 2.4467738376013436e-05, 2.4493511944726392e-05, 2.4110288519199473e-05, 2.4493511944726392e-05, 20.623362209730026], [1782924540, 2.4493511944726392e-05, 2.507228103698327e-05, 2.421616665777707e-05, 2.498346746708485e-05, 94.29512238195588], [1782924600, 2.498346746708485e-05, 2.498346746708485e-05, 2.4703488752052895e-05, 2.4703488752052895e-05, 0.3233408131480021], [1782924660, 2.4703488752052895e-05, 2.503797983502828e-05, 2.470261027827364e-05, 2.503797983502828e-05, 7.001638970757941], [1782924720, 2.503797983502828e-05, 2.503797983502828e-05, 2.502834530334438e-05, 2.502834530334438e-05, 2.526837512635411], [1782924780, 2.502834530334438e-05, 2.5100364958966348e-05, 2.4813061824966914e-05, 2.4813061824966914e-05, 23.8443741439756], [1782924840, 2.4813061824966914e-05, 2.5061444078250446e-05, 2.477863850682965e-05, 2.5061444078250446e-05, 11.776608119688177], [1782924900, 2.5061444078250446e-05, 2.5061444078250446e-05, 2.4628452642927086e-05, 2.4628452642927086e-05, 24.071580839614608], [1782924960, 2.4628452642927086e-05, 2.48362892205665e-05, 2.456852187010672e-05, 2.456852187010672e-05, 6.717983716549148], [1782925020, 2.456852187010672e-05, 2.4925717119176723e-05, 2.456852187010672e-05, 2.4584602041767473e-05, 6.923305365201415], [1782925080, 2.4584602041767473e-05, 2.500209616534982e-05, 2.4584602041767473e-05, 2.500209616534982e-05, 5.365711937633473], [1782925140, 2.500209616534982e-05, 2.501921358184647e-05, 2.500209616534982e-05, 2.501921358184647e-05, 4.901173797182745], [1782925200, 2.501921358184647e-05, 2.508824869220502e-05, 2.501921358184647e-05, 2.508824869220502e-05, 6.952165945370322], [1782925260, 2.508824869220502e-05, 2.5112786742805143e-05, 2.4377266899462377e-05, 2.441486777812324e-05, 77.82593346615207], [1782925320, 2.441486777812324e-05, 2.441486777812324e-05, 2.3629882030176934e-05, 2.3629882030176934e-05, 158.78050075495014], [1782925380, 2.3629882030176934e-05, 2.3629882030176934e-05, 2.314645621547454e-05, 2.314645621547454e-05, 7.8626825233568765], [1782925440, 2.314645621547454e-05, 2.3471033311622306e-05, 2.314645621547454e-05, 2.3471033311622306e-05, 3.7494211122899355], [1782925620, 2.3471033311622306e-05, 2.3532054194025472e-05, 2.3155713643494618e-05, 2.3155713643494618e-05, 57.466838868867406], [1782925800, 2.3155713643494618e-05, 2.338479334916e-05, 2.3075843283017273e-05, 2.3075843283017273e-05, 8.06393808141725], [1782925860, 2.3075843283017273e-05, 2.332798714554717e-05, 2.290274710210993e-05, 2.332798714554717e-05, 54.3229732218034], [1782925920, 2.332798714554717e-05, 2.332798714554717e-05, 2.294201278460325e-05, 2.2955999692861146e-05, 30.974696681807114], [1782926040, 2.2955999692861146e-05, 2.2955999692861146e-05, 2.282821197239521e-05, 2.282821197239521e-05, 32.51343594913862], [1782926100, 2.282821197239521e-05, 2.282821197239521e-05, 2.262042367160301e-05, 2.262042367160301e-05, 33.38722804830426], [1782926160, 2.262042367160301e-05, 2.262042367160301e-05, 2.2229470030332422e-05, 2.2229470030332422e-05, 79.58090690690968], [1782926220, 2.2229470030332422e-05, 2.2229470030332422e-05, 2.18172971228318e-05, 2.18172971228318e-05, 17.664702158247454], [1782926280, 2.18172971228318e-05, 2.2519741361049775e-05, 2.18172971228318e-05, 2.2519741361049775e-05, 64.58944726686964], [1782926340, 2.2519741361049775e-05, 2.2619412684494692e-05, 2.226827721332324e-05, 2.232087634194906e-05, 19.822413997266796], [1782926400, 2.232087634194906e-05, 2.260651683891808e-05, 2.232087634194906e-05, 2.260651683891808e-05, 7.187514447003974], [1782926460, 2.260651683891808e-05, 2.2741176271442736e-05, 2.242267388964315e-05, 2.2741176271442736e-05, 24.528133730040565], [1782926520, 2.2741176271442736e-05, 2.2766647703015017e-05, 2.2741176271442736e-05, 2.2766647703015017e-05, 4.243359054031268], [1782926580, 2.2766647703015017e-05, 2.3734910923018734e-05, 2.2766647703015017e-05, 2.3625616545962445e-05, 133.46138484768645], [1782926640, 2.3625616545962445e-05, 2.394762137848823e-05, 2.3625616545962445e-05, 2.394762137848823e-05, 18.34289230376641], [1782926700, 2.394762137848823e-05, 2.3972645066910224e-05, 2.366545370069072e-05, 2.3972645066910224e-05, 6.068250887291724], [1782926760, 2.3972645066910224e-05, 2.485022865414264e-05, 2.350102479542231e-05, 2.485022865414264e-05, 182.8928808971419], [1782926820, 2.485022865414264e-05, 2.4915809431618097e-05, 2.485022865414264e-05, 2.4915809431618097e-05, 7.648312077509799], [1782926940, 2.4915809431618097e-05, 2.500009168860798e-05, 2.4915809431618097e-05, 2.500009168860798e-05, 7.292371496622568], [1782927000, 2.500009168860798e-05, 2.5092103613967246e-05, 2.500009168860798e-05, 2.5092103613967246e-05, 10.482692224508897], [1782927060, 2.5092103613967246e-05, 2.5092103613967246e-05, 2.384379402843575e-05, 2.416645045380928e-05, 139.272610583353], [1782927120, 2.416645045380928e-05, 2.4257059213346105e-05, 2.416645045380928e-05, 2.4257059213346105e-05, 33.13101007140519], [1782927180, 2.4257059213346105e-05, 2.4469598046746564e-05, 2.4257059213346105e-05, 2.4469598046746564e-05, 34.863283694201805], [1782927240, 2.4469598046746564e-05, 2.4982860189234677e-05, 2.4469598046746564e-05, 2.4982860189234677e-05, 57.51472427633862], [1782927300, 2.4982860189234677e-05, 2.635599083811111e-05, 2.4982860189234677e-05, 2.635599083811111e-05, 196.03656653526477], [1782927360, 2.635599083811111e-05, 2.6544228873152136e-05, 2.825301209365634e-06, 3.1537906378550505e-06, 5116.678482374244], [1782927420, 3.1537906378550505e-06, 3.1537906378550505e-06, 2.866853008082865e-06, 2.8992147605956796e-06, 115.00228572622973], [1782927480, 2.8992147605956796e-06, 2.9193348476423695e-06, 2.8992147605956796e-06, 2.9193348476423695e-06, 16.727984012877098], [1782927540, 2.9193348476423695e-06, 2.9971871191032777e-06, 2.9193348476423695e-06, 2.994949773967968e-06, 40.6041057092561], [1782927600, 2.994949773967968e-06, 3.050613309906816e-06, 2.994949773967968e-06, 3.050613309906816e-06, 10.80730267728258], [1782927660, 3.050613309906816e-06, 3.085622385500029e-06, 3.050613309906816e-06, 3.085622385500029e-06, 21.14418609703924], [1782927840, 3.085622385500029e-06, 3.1174801077740252e-06, 3.085622385500029e-06, 3.1174801077740252e-06, 3.8369325170830164], [1782928080, 3.1174801077740252e-06, 3.1174801077740252e-06, 3.074839032709371e-06, 3.074839032709371e-06, 9.965335943520607], [1782928200, 3.074839032709371e-06, 3.074839032709371e-06, 2.9721123506484914e-06, 2.9721123506484914e-06, 69.07125826565304], [1782928260, 2.9721123506484914e-06, 2.9721123506484914e-06, 2.9707490594640563e-06, 2.9707490594640563e-06, 