{"pair": "F3zKnVo4dG8ughj2MWseTGvHXqF1D8LUTm6PXJWSxnqA", "n_bars": 58, "span": [1782881306.0, 1782940856.0], "bars": [[1782883380, 1.049207367430517e-05, 1.049207367430517e-05, 1.0261589000839522e-05, 1.0261589000839522e-05, 78.81653361029623], [1782884340, 1.0261589000839522e-05, 1.0261589000839522e-05, 9.96460838023211e-06, 9.96460838023211e-06, 32.28760858988256], [1782884940, 9.96460838023211e-06, 1.1084718076920214e-05, 9.96460838023211e-06, 1.1084718076920214e-05, 0.1427755728557326], [1782885720, 1.1084718076920214e-05, 1.1222807723924919e-05, 1.1084718076920214e-05, 1.1222807723924919e-05, 2.965326592832673], [1782886620, 1.1222807723924919e-05, 1.1222807723924919e-05, 1.1210724403923366e-05, 1.1210724403923366e-05, 1.8362047467547142], [1782887760, 1.1210724403923366e-05, 1.1210724403923366e-05, 1.089536209407726e-05, 1.0931584307885914e-05, 14.866478453949275], [1782887940, 1.0931584307885914e-05, 1.0931584307885914e-05, 1.0827917394559502e-05, 1.0827917394559502e-05, 10.796833488410986], [1782888360, 1.0827917394559502e-05, 1.0827917394559502e-05, 1.0683742693780688e-05, 1.0683742693780688e-05, 40.374830214857674], [1782888480, 1.0683742693780688e-05, 1.0683742693780688e-05, 1.0580746068704429e-05, 1.0580746068704429e-05, 1.1531296007096812], [1782890100, 1.0580746068704429e-05, 1.0580746068704429e-05, 9.974828063720884e-06, 1.0225115346149822e-05, 145.4024345769064], [1782890160, 1.0225115346149822e-05, 1.0225115346149822e-05, 9.261695480278179e-06, 9.488523428658838e-06, 139.0472434172622], [1782890280, 9.488523428658838e-06, 9.488523428658838e-06, 8.394406124659985e-06, 8.394406124659985e-06, 177.98275126973306], [1782890580, 8.394406124659985e-06, 8.44639812516799e-06, 8.394406124659985e-06, 8.44639812516799e-06, 3.9113625724819525], [1782891060, 8.44639812516799e-06, 8.44639812516799e-06, 8.334380436268954e-06, 8.334380436268954e-06, 0.023012604657951394], [1782892440, 8.334380436268954e-06, 8.458233554792745e-06, 8.334380436268954e-06, 8.458233554792745e-06, 0.7725370747369259], [1782893160, 8.458233554792745e-06, 8.458233554792745e-06, 8.232014336283742e-06, 8.232014336283742e-06, 29.262835913695138], [1782894720, 8.232014336283742e-06, 8.232014336283742e-06, 7.12228478418277e-06, 7.12228478418277e-06, 239.74950766709227], [1782894780, 7.12228478418277e-06, 7.197641530703216e-06, 7.12228478418277e-06, 7.197641530703216e-06, 0.055347298606710525], [1782894960, 7.197641530703216e-06, 7.204466315396616e-06, 7.197641530703216e-06, 7.204466315396616e-06, 0.18006296268095565], [1782895260, 7.204466315396616e-06, 7.5928608343537605e-06, 7.204466315396616e-06, 7.558960632791607e-06, 88.81849535307346], [1782895320, 7.558960632791607e-06, 7.619250608161229e-06, 7.558960632791607e-06, 7.619250608161229e-06, 1.4773498183473324], [1782895380, 7.619250608161229e-06, 7.619250608161229e-06, 7.491456214823841e-06, 7.491456214823841e-06, 11.070994277709449], [1782895440, 7.491456214823841e-06, 7.5848034193651496e-06, 7.491456214823841e-06, 7.5848034193651496e-06, 1.9366991783989989], [1782897060, 7.5848034193651496e-06, 7.709085608344624e-06, 7.5848034193651496e-06, 7.709085608344624e-06, 37.151127218796056], [1782897360, 7.709085608344624e-06, 7.8101981670444e-06, 7.709085608344624e-06, 7.8101981670444e-06, 4.900993349679086], [1782898080, 7.8101981670444e-06, 7.88521487372309e-06, 7.8101981670444e-06, 7.88521487372309e-06, 37.53417763538772], [1782898200, 7.88521487372309e-06, 8.748926636405802e-06, 7.88521487372309e-06, 8.665042167410688e-06, 164.35130260381655], [1782898260, 8.665042167410688e-06, 8.665042167410688e-06, 8.658807326778535e-06, 8.658807326778535e-06, 0.08847585419761606], [1782898980, 8.658807326778535e-06, 8.658807326778535e-06, 7.8244796661115e-06, 7.8244796661115e-06, 189.90955132741038], [1782899040, 7.8244796661115e-06, 7.864297018608623e-06, 7.8244796661115e-06, 7.864297018608623e-06, 3.7134021926174263], [1782902280, 7.864297018608623e-06, 7.930258935975179e-06, 7.864297018608623e-06, 7.930258935975179e-06, 22.209516944911012], [1782902700, 7.930258935975179e-06, 7.930258935975179e-06, 7.81427712099921e-06, 7.81427712099921e-06, 21.884697780012768], [1782905280, 7.81427712099921e-06, 7.81427712099921e-06, 7.759756419770073e-06, 7.759756419770073e-06, 0.040147058043252026], [1782906600, 7.759756419770073e-06, 7.759756419770073e-06, 7.584959315954526e-06, 7.584959315954526e-06, 33.296719822852424], [1782907620, 7.584959315954526e-06, 7.665894699129267e-06, 7.584959315954526e-06, 7.665894699129267e-06, 0.06775032011222973], [1782907740, 7.665894699129267e-06, 7.665894699129267e-06, 7.465434247851e-06, 7.465434247851e-06, 47.587455579004526], [1782907800, 7.465434247851e-06, 7.465434247851e-06, 7.463472977408122e-06, 7.463472977408122e-06, 0.06609127979284227], [1782908280, 7.463472977408122e-06, 7.463472977408122e-06, 7.010718451328192e-06, 7.010718451328192e-06, 76.09576433083173], [1782908760, 7.010718451328192e-06, 7.010718451328192e-06, 7.0008894579385315e-06, 7.0008894579385315e-06, 3.29041804523111], [1782909060, 7.0008894579385315e-06, 7.0008894579385315e-06, 6.995932709680303e-06, 6.995932709680303e-06, 0.029167748956120947], [1782909240, 6.995932709680303e-06, 7.0751466388339355e-06, 6.995932709680303e-06, 7.0751466388339355e-06, 0.06823313624571208], [1782909840, 7.0751466388339355e-06, 7.076401901640311e-06, 7.0751466388339355e-06, 7.076401901640311e-06, 0.5143531488877146], [1782909960, 7.076401901640311e-06, 7.076401901640311e-06, 6.990243036382673e-06, 6.990243036382673e-06, 0.019916571904118708], [1782910260, 6.990243036382673e-06, 6.990465551953271e-06, 6.990243036382673e-06, 6.990465551953271e-06, 2.743391899568572], [1782910800, 6.990465551953271e-06, 6.990465551953271e-06, 6.980566703710673e-06, 6.980566703710673e-06, 4.3821206223588876], [1782913860, 6.980566703710673e-06, 7.069527212366057e-06, 6.980566703710673e-06, 7.069527212366057e-06, 0.11557764693061187], [1782917460, 7.069527212366057e-06, 7.1228466612501945e-06, 7.069527212366057e-06, 7.1228466612501945e-06, 33.90525130062319], [1782918180, 7.1228466612501945e-06, 7.1228466612501945e-06, 6.9823505276702166e-06, 6.9823505276702166e-06, 33.648892478106184], [1782919680, 6.9823505276702166e-06, 6.9823505276702166e-06, 6.951251065441326e-06, 6.951251065441326e-06, 4.2070751425855], [1782919800, 6.951251065441326e-06, 6.951251065441326e-06, 6.9151916126110055e-06, 6.9151916126110055e-06, 9.063522379795083], [1782921180, 6.9151916126110055e-06, 6.9151916126110055e-06, 6.694231802249976e-06, 6.734455699152521e-06, 61.456991353442426], [1782922560, 6.734455699152521e-06, 6.734455699152521e-06, 6.6253297793325126e-06, 6.6253297793325126e-06, 0.34513916086041224], [1782924000, 6.6253297793325126e-06, 6.6253297793325126e-06, 6.562075306078679e-06, 6.562075306078679e-06, 34.6713673407979], [1782927180, 6.562075306078679e-06, 6.582712983607748e-06, 6.504012104450886e-06, 6.582712983607748e-06, 0.5583353354660249], [1782931020, 6.582712983607748e-06, 6.582712983607748e-06, 6.5078649572514636e-06, 6.5078649572514636e-06, 0.17255458612876973], [1782931860, 6.5078649572514636e-06, 6.5829304251276824e-06, 6.5078649572514636e-06, 6.5829304251276824e-06, 0.13886461241030698], [1782932760, 6.5829304251276824e-06, 6.5829304251276824e-06, 6.486925476006546e-06, 6.486925476006546e-06, 6.830129914911692], [1782935400, 6.486925476006546e-06, 6.520927153870473e-06, 6.486925476006546e-06, 6.520927153870473e-06, 0.15096793230759153]]}