{"pair": "4fq2E5Een15nc3CarmgWGyoEtp5ajy86sEsZNG3gfjgn", "n_bars": 69, "span": [1782887228.0, 1782941009.0], "bars": [[1782887760, 2.685801728489661e-05, 2.685801728489661e-05, 2.6615470667239658e-05, 2.6615470667239658e-05, 7.0211939097727765], [1782887880, 2.6615470667239658e-05, 2.6615470667239658e-05, 2.5677852026728086e-05, 2.5677852026728086e-05, 92.44299869648468], [1782887940, 2.5677852026728086e-05, 2.5677852026728086e-05, 2.5504279099399216e-05, 2.5504279099399216e-05, 44.98416337195504], [1782888120, 2.5504279099399216e-05, 2.5504279099399216e-05, 2.479684599260445e-05, 2.479684599260445e-05, 126.48129747120282], [1782889380, 2.479684599260445e-05, 2.5414878866557395e-05, 2.479684599260445e-05, 2.524689387995592e-05, 99.69645244050157], [1782889500, 2.524689387995592e-05, 2.624268440965747e-05, 2.524689387995592e-05, 2.624268440965747e-05, 26.77452448841057], [1782889560, 2.624268440965747e-05, 2.698191042853414e-05, 2.624268440965747e-05, 2.698191042853414e-05, 168.96606356917272], [1782889620, 2.698191042853414e-05, 2.7714231550327854e-05, 2.698191042853414e-05, 2.7714231550327854e-05, 1.8611070377041352], [1782890760, 2.7714231550327854e-05, 2.7714231550327854e-05, 2.7228892216061002e-05, 2.7367746789565463e-05, 38.316556724037596], [1782890820, 2.7367746789565463e-05, 2.957541971171338e-05, 2.700892842174548e-05, 2.9521565782177386e-05, 282.1185275593288], [1782892200, 2.9521565782177386e-05, 2.9521565782177386e-05, 2.884948116283312e-05, 2.884948116283312e-05, 61.39950100058106], [1782892980, 2.884948116283312e-05, 2.884948116283312e-05, 2.87599275033028e-05, 2.87599275033028e-05, 1.026247203654238], [1782893040, 2.87599275033028e-05, 2.878693327623953e-05, 2.87599275033028e-05, 2.878693327623953e-05, 0.3061713904903687], [1782894360, 2.878693327623953e-05, 2.878693327623953e-05, 2.869012002081905e-05, 2.869012002081905e-05, 0.4910405870317232], [1782894600, 2.869012002081905e-05, 2.869616360243783e-05, 2.869012002081905e-05, 2.869616360243783e-05, 2.914198483416661], [1782894780, 2.869616360243783e-05, 2.869616360243783e-05, 2.4515633723649852e-05, 2.4515633723649852e-05, 623.668590349548], [1782894960, 2.4515633723649852e-05, 2.4515633723649852e-05, 2.393921214479663e-05, 2.393921214479663e-05, 73.68338986000151], [1782895080, 2.393921214479663e-05, 2.393921214479663e-05, 2.3840237585876424e-05, 2.3840237585876424e-05, 22.32167689393486], [1782897480, 2.3840237585876424e-05, 2.3922900535348564e-05, 2.3840237585876424e-05, 2.3922900535348564e-05, 6.885096251290693], [1782897660, 2.3922900535348564e-05, 2.425400116652925e-05, 2.3922900535348564e-05, 2.425400116652925e-05, 20.568507193048774], [1782898740, 2.425400116652925e-05, 2.425400116652925e-05, 2.3956838387571144e-05, 2.3956838387571144e-05, 24.63258621931339], [1782899340, 2.3956838387571144e-05, 2.3956838387571144e-05, 2.3840990479811083e-05, 2.3840990479811083e-05, 0.7647906769578273], [1782899460, 2.3840990479811083e-05, 2.4848835440103246e-05, 2.3840990479811083e-05, 2.4848835440103246e-05, 88.9978631591182], [1782899760, 2.4848835440103246e-05, 2.4848835440103246e-05, 2.4662832896586182e-05, 2.4662832896586182e-05, 1.3342344538526478], [1782901440, 2.4662832896586182e-05, 2.711255993790129e-05, 2.4662832896586182e-05, 2.711255993790129e-05, 265.3704548105939], [1782902400, 2.711255993790129e-05, 2.711255993790129e-05, 2.6731680788567385e-05, 2.6731680788567385e-05, 1.7456718889900977], [1782902940, 2.6731680788567385e-05, 2.6731680788567385e-05, 2.626218475476341e-05, 2.662301092095655e-05, 62.205977059800865], [1782903000, 2.662301092095655e-05, 2.673509184251762e-05, 2.662301092095655e-05, 2.673509184251762e-05, 11.081444348409144], [1782903060, 2.673509184251762e-05, 2.673509184251762e-05, 2.5393779841555012e-05, 2.5393779841555012e-05, 236.17439508928396], [1782903120, 2.5393779841555012e-05, 2.5393779841555012e-05, 2.4824885278723685e-05, 2.4824885278723685e-05, 22.150190824976615], [1782904320, 2.4824885278723685e-05, 2.4824885278723685e-05, 2.4549190965680235e-05, 2.4549190965680235e-05, 2.2767783925644287], [1782905160, 2.4549190965680235e-05, 2.4549190965680235e-05, 2.3796676871172065e-05, 2.3796676871172065e-05, 193.40637008226247], [1782905280, 2.3796676871172065e-05, 2.3796676871172065e-05, 2.330671805563572e-05, 2.3356476470634467e-05, 11.064769918527496], [1782905400, 2.3356476470634467e-05, 2.360621269659941e-05, 2.3054333012499622e-05, 2.360621269659941e-05, 59.68519212205563], [1782905580, 2.360621269659941e-05, 2.3897479178903196e-05, 2.360621269659941e-05, 2.3897479178903196e-05, 20.38210060824309], [1782906540, 2.3897479178903196e-05, 2.4057445589621218e-05, 2.3897479178903196e-05, 2.4057445589621218e-05, 24.15588428953716], [1782907380, 2.4057445589621218e-05, 2.4057445589621218e-05, 2.355861991296133e-05, 2.355861991296133e-05, 59.1204097587826], [1782908520, 2.355861991296133e-05, 2.355861991296133e-05, 2.3161592947150266e-05, 2.3161592947150266e-05, 23.2563659806881], [1782909420, 2.3161592947150266e-05, 2.4277719841742435e-05, 2.3161592947150266e-05, 2.4277719841742435e-05, 120.93198214843008], [1782909720, 2.4277719841742435e-05, 2.4365318899202968e-05, 2.4277719841742435e-05, 2.4365318899202968e-05, 3.882336333506339], [1782911100, 2.4365318899202968e-05, 2.4365318899202968e-05, 2.417878032125978e-05, 2.417878032125978e-05, 0.07775974740974577], [1782912360, 2.417878032125978e-05, 2.484837562676776e-05, 2.417878032125978e-05, 2.484837562676776e-05, 74.0396698345827], [1782912540, 2.484837562676776e-05, 2.4854370072127114e-05, 2.484837562676776e-05, 2.4854370072127114e-05, 20.972259367319406], [1782912900, 2.4854370072127114e-05, 2.4854370072127114e-05, 2.4665624068631843e-05, 2.4665624068631843e-05, 12.935277689351762], [1782913620, 2.4665624068631843e-05, 2.4665624068631843e-05, 2.441223169860802e-05, 2.4473834321028607e-05, 39.78006929769921], [1782917220, 2.4473834321028607e-05, 2.4703527597560062e-05, 2.4473834321028607e-05, 2.4703527597560062e-05, 3.011522877459517], [1782918060, 2.4703527597560062e-05, 2.478093250533878e-05, 2.4703527597560062e-05, 2.478093250533878e-05, 6.212201441603651], [1782919680, 2.478093250533878e-05, 2.4931727485651583e-05, 2.478093250533878e-05, 2.4931727485651583e-05, 14.967568549259441], [1782921180, 2.4931727485651583e-05, 2.4931727485651583e-05, 2.4737329419010957e-05, 2.4737329419010957e-05, 3.9416119770335976], [1782921240, 2.4737329419010957e-05, 2.4737329419010957e-05, 2.461475019964115e-05, 2.461475019964115e-05, 24.410511946099373], [1782921720, 2.461475019964115e-05, 2.461475019964115e-05, 2.4549612749721295e-05, 2.4549612749721295e-05, 0.020682969372742173], [1782922020, 2.4549612749721295e-05, 2.456681807299294e-05, 2.4549612749721295e-05, 2.456681807299294e-05, 1.9596208324592368], [1782922260, 2.456681807299294e-05, 2.4571927916271157e-05, 2.456681807299294e-05, 2.4571927916271157e-05, 2.0169445374068102], [1782922320, 2.4571927916271157e-05, 2.4571927916271157e-05, 2.441567985070309e-05, 2.441567985070309e-05, 34.10948592930228], [1782922560, 2.441567985070309e-05, 2.441567985070309e-05, 2.4241419703742264e-05, 2.4241419703742264e-05, 2.840780430603859], [1782923820, 2.4241419703742264e-05, 2.4241419703742264e-05, 2.4219824179615356e-05, 2.4219824179615356e-05, 24.470311216622957], [1782925560, 2.4219824179615356e-05, 2.4219824179615356e-05, 2.3886427457374508e-05, 2.3886427457374508e-05, 1.1943213728687254], [1782928260, 2.3886427457374508e-05, 2.7471542333464255e-05, 2.3886427457374508e-05, 2.5743705695570516e-05, 696.2111508175223], [1782928620, 2.5743705695570516e-05, 2.5743705695570516e-05, 2.4276491136951945e-05, 2.4331834018389762e-05, 13.997020991678822], [1782928680, 2.4331834018389762e-05, 2.4648000619686325e-05, 2.4263601633357318e-05, 2.4263601633357318e-05, 39.20680283128226], [1782928740, 2.4263601633357318e-05, 2.446452592014508e-05, 2.4263601633357318e-05, 2.446452592014508e-05, 3.8386063380215107], [1782928860, 2.446452592014508e-05, 2.446452592014508e-05, 2.417731220424532e-05, 