{"pair": "5xKxYzu4UdRKQ7Q1LFYivCDgRwdGhZC5UrDza8WEdDKx", "n_bars": 91, "span": [1782927626.0, 1782944515.0], "bars": [[1782928080, 4.7994177286007145e-05, 4.874268840694451e-05, 4.7994177286007145e-05, 4.874268840694451e-05, 134.84001005218167], [1782928380, 4.874268840694451e-05, 4.874268840694451e-05, 4.8227864497643337e-05, 4.8227864497643337e-05, 96.44561044728306], [1782928440, 4.8227864497643337e-05, 4.8227864497643337e-05, 4.776516253357106e-05, 4.776516253357106e-05, 9.308414357800945], [1782928620, 4.776516253357106e-05, 4.8338148434207075e-05, 4.776516253357106e-05, 4.8338148434207075e-05, 4.912122566204718], [1782928680, 4.8338148434207075e-05, 4.842197293426867e-05, 4.694101507002074e-05, 4.694101507002074e-05, 182.25835209121385], [1782928740, 4.694101507002074e-05, 4.694101507002074e-05, 4.673000420389474e-05, 4.673000420389474e-05, 0.0861891136853899], [1782928800, 4.673000420389474e-05, 4.673000420389474e-05, 4.5945431706706266e-05, 4.6451981333770504e-05, 31.40819338264299], [1782929040, 4.6451981333770504e-05, 4.6451981333770504e-05, 4.578968534813081e-05, 4.578968534813081e-05, 13.261119069901401], [1782929100, 4.578968534813081e-05, 4.578968534813081e-05, 4.574588562031713e-05, 4.574588562031713e-05, 3.8166089721287104], [1782929400, 4.574588562031713e-05, 4.6269416361332375e-05, 4.574588562031713e-05, 4.6269416361332375e-05, 0.7684606375303156], [1782929580, 4.6269416361332375e-05, 4.6269416361332375e-05, 4.500958231827556e-05, 4.500958231827556e-05, 66.5856395890777], [1782929700, 4.500958231827556e-05, 4.500958231827556e-05, 4.466532971364384e-05, 4.466532971364384e-05, 70.22164140002201], [1782929820, 4.466532971364384e-05, 4.49717228659772e-05, 4.466532971364384e-05, 4.49717228659772e-05, 0.04404085834612247], [1782929880, 4.49717228659772e-05, 4.49717228659772e-05, 4.4273438672822616e-05, 4.4273438672822616e-05, 11.57050979349404], [1782930060, 4.4273438672822616e-05, 4.4273438672822616e-05, 4.4161458756309714e-05, 4.4161458756309714e-05, 6.8535187871159735], [1782930360, 4.4161458756309714e-05, 4.4769784448202065e-05, 4.4161458756309714e-05, 4.4769784448202065e-05, 0.015321953142221383], [1782930420, 4.4769784448202065e-05, 4.4769784448202065e-05, 4.474692533260628e-05, 4.474692533260628e-05, 1.3519626566348217], [1782930480, 4.474692533260628e-05, 4.499724680638971e-05, 4.474692533260628e-05, 4.499724680638971e-05, 40.885980187926656], [1782930660, 4.499724680638971e-05, 4.521532758212678e-05, 4.499724680638971e-05, 4.521532758212678e-05, 32.40846626424839], [1782931080, 4.521532758212678e-05, 4.887678035811803e-05, 4.521532758212678e-05, 4.887678035811803e-05, 360.5470646344442], [1782931140, 4.887678035811803e-05, 5.1550935602013784e-05, 4.887678035811803e-05, 5.1148992382785186e-05, 346.37912596585846], [1782931200, 5.1148992382785186e-05, 5.1857738247682226e-05, 5.0653523638195146e-05, 5.107847833247874e-05, 238.20365407936353], [1782931380, 5.107847833247874e-05, 5.107847833247874e-05, 5.0600511062422636e-05, 5.0600511062422636e-05, 32.271006101316935], [1782931500, 5.0600511062422636e-05, 5.124229146375128e-05, 5.0600511062422636e-05, 5.124229146375128e-05, 32.47140681216834], [1782931560, 5.124229146375128e-05, 5.124229146375128e-05, 4.9708323891385465e-05, 5.0395324232218725e-05, 103.81819728713516], [1782932040, 5.0395324232218725e-05, 5.0395324232218725e-05, 4.830382643858615e-05, 4.837775844647201e-05, 133.8300862204053], [1782932100, 4.837775844647201e-05, 4.837775844647201e-05, 4.8292404780752764e-05, 4.8292404780752764e-05, 2.4380835844097946], [1782932280, 4.8292404780752764e-05, 5.1415205677788665e-05, 4.8292404780752764e-05, 5.133757133904789e-05, 253.12938076520786], [1782932340, 5.133757133904789e-05, 5.133757133904789e-05, 5.0677419444840415e-05, 5.0677419444840415e-05, 11.892131414773583], [1782932400, 5.0677419444840415e-05, 5.0677419444840415e-05, 5.058577152618076e-05, 5.058577152618076e-05, 4.483852726888271], [1782932580, 5.058577152618076e-05, 5.058577152618076e-05, 5.013300166386686e-05, 5.013300166386686e-05, 67.56808072547331], [1782933000, 5.013300166386686e-05, 5.6787639207165006e-05, 5.013300166386686e-05, 5.6787639207165006e-05, 596.893046979438], [1782933060, 5.6787639207165006e-05, 5.684440867872116e-05, 5.5395194173124805e-05, 5.547477647092894e-05, 155.85455766942565], [1782933180, 5.547477647092894e-05, 5.5495718822794334e-05, 5.547477647092894e-05, 5.5495718822794334e-05, 11.157769334650041], [1782933420, 5.5495718822794334e-05, 5.641780306409903e-05, 5.5495718822794334e-05, 5.641780306409903e-05, 108.83303124213916], [1782933600, 5.641780306409903e-05, 5.777997371926443e-05, 5.641780306409903e-05, 5.699764321334341e-05, 103.94788675982448], [1782933660, 5.699764321334341e-05, 5.699764321334341e-05, 5.686193709198759e-05, 5.686193709198759e-05, 8.548544015697486e-05], [1782933720, 5.686193709198759e-05, 5.686193709198759e-05, 5.6437266875610575e-05, 5.6437266875610575e-05, 54.56829248680151], [1782933840, 5.6437266875610575e-05, 5.728793063918034e-05, 5.6437266875610575e-05, 5.728793063918034e-05, 11.465256405952077], [1782933960, 5.728793063918034e-05, 5.728793063918034e-05, 5.714882971471604e-05, 5.714882971471604e-05, 7.6409921128026825], [1782934020, 5.714882971471604e-05, 5.714882971471604e-05, 5.6383179372732507e-05, 5.6383179372732507e-05, 1.091126142247896], [1782934080, 5.6383179372732507e-05, 5.6383744524533176e-05, 5.6383179372732507e-05, 5.6383744524533176e-05, 12.22386540036243], [1782934140, 5.6383744524533176e-05, 5.6383744524533176e-05, 5.619311449412824e-05, 5.619311449412824e-05, 24.67589612943966], [1782934200, 5.619311449412824e-05, 5.619311449412824e-05, 5.588012277611317e-05, 5.588012277611317e-05, 35.41032509564221], [1782934260, 5.588012277611317e-05, 5.649280999364311e-05, 5.588012277611317e-05, 5.649280999364311e-05, 0.20485692642996048], [1782934320, 5.649280999364311e-05, 5.653312842944029e-05, 5.649280999364311e-05, 5.653312842944029e-05, 3.8274713436483587], [1782934440, 5.653312842944029e-05, 5.653312842944029e-05, 5.499948863012518e-05, 5.499948863012518e-05, 154.95872148015332], [1782934560, 5.499948863012518e-05, 5.499948863012518e-05, 5.399595118552913e-05, 5.399595118552913e-05, 16.568065318794627], [1782934620, 5.399595118552913e-05, 5.399595118552913e-05, 5.346533575503679e-05, 5.382978761635516e-05, 115.37364474186785], [1782934680, 5.382978761635516e-05, 5.420361269260037e-05, 5.382978761635516e-05, 5.420361269260037e-05, 53.200542600661656], [1782934800, 5.420361269260037e-05, 5.420361269260037e-05, 5.0766749024911886e-05, 5.07680025971454e-05, 363.2556494406117], [1782934860, 5.07680025971454e-05, 5.07680025971454e-05, 5.075797328714708e-05, 5.075797328714708e-05, 0.03825642283275793], [1782934920, 5.075797328714708e-05, 5.076071137097121e-05, 5.075797328714708e-05, 5.076071137097121e-05, 0.061213152338532646], [1782935100, 5.076071137097121e-05, 5.076071137097121e-05, 5.074252426733026e-05, 5.074252426733026e-05, 0.9846504971161036], [1782935220, 5.074252426733026e-05, 5.074252426733026e-05, 4.8135346425670945e-05, 4.8135346425670945e-05, 256.68910608562766], [1782935280, 4.8135346425670945e-05, 4.819242498162921e-05, 4.8135346425670945e-05, 4.819242498162921e-05, 1.5889803057511624], [1782935460, 4.819242498162921e-05, 4.819242498162921e-05, 4.813654996552576e-05, 4.813654996552576e-05, 0.034084927303452146], [1782935520, 4.813654996552576e-05, 4.924097677547999e-05, 4.813654996552576e-05, 4.916512745164935e-05, 120.45308821843759], [1782935580, 4.916512745164935e-05, 4.94445730489972e-05, 4.916512745164935e-05, 4.94445730489972e-05, 33.95874043577475], [1782935640, 4.94445730489972e-05, 5.0797434141285504e-05, 4.94445730489972e-05, 5.0797434141285504e-05, 124.69562657822141], [1782935700, 5.0797434141285504e-05, 5.1358614591192044e-05, 5.0797434141285504e-05, 5.1358614591192044e-05, 106.79000449057108], [1782935760, 5.1358614591192044e-05, 5.232139288833946e-05, 5.1358614591192044e-05, 5.232139288833946e-05, 73.91327678815222], 