{"pair": "3DH4ju9dfuGBoUBnALunfDaDFSEm4HCzvogp3Xb8449t", "n_bars": 95, "span": [1782885055.0, 1782943378.0], "bars": [[1782885180, 4.740407723423752e-06, 4.740407723423752e-06, 4.718557725886026e-06, 4.718557725886026e-06, 4.464757702462089], [1782886560, 4.718557725886026e-06, 4.718557725886026e-06, 4.301834929611925e-06, 4.301834929611925e-06, 112.90667730489253], [1782886920, 4.301834929611925e-06, 4.327988048602812e-06, 4.301834929611925e-06, 4.327988048602812e-06, 1.957347449882065], [1782886980, 4.327988048602812e-06, 4.355866995463815e-06, 4.327988048602812e-06, 4.355866995463815e-06, 8.024711639505652], [1782887220, 4.355866995463815e-06, 4.368548506807159e-06, 4.355866995463815e-06, 4.368548506807159e-06, 1.9559711584889752], [1782887700, 4.368548506807159e-06, 4.368548506807159e-06, 4.292803964068003e-06, 4.292803964068003e-06, 0.1975386769767801], [1782887880, 4.292803964068003e-06, 4.333491036959171e-06, 4.292803964068003e-06, 4.333491036959171e-06, 1.3714143030698116], [1782888000, 4.333491036959171e-06, 4.347173705570357e-06, 4.333491036959171e-06, 4.347173705570357e-06, 1.9619042094451826], [1782888120, 4.347173705570357e-06, 4.347173705570357e-06, 4.2927219836852965e-06, 4.2927219836852965e-06, 0.01903659630519457], [1782888180, 4.2927219836852965e-06, 4.2927219836852965e-06, 4.286389260066831e-06, 4.286389260066831e-06, 5.5429646329516995], [1782888360, 4.286389260066831e-06, 4.286389260066831e-06, 4.26155767120273e-06, 4.26155767120273e-06, 4.395658448385746], [1782888480, 4.26155767120273e-06, 4.26155767120273e-06, 4.248947098517976e-06, 4.248947098517976e-06, 3.290020031672616], [1782888600, 4.248947098517976e-06, 4.304851711776962e-06, 4.248947098517976e-06, 4.304851711776962e-06, 0.08667502131912656], [1782889440, 4.304851711776962e-06, 4.3119000202484185e-06, 4.304851711776962e-06, 4.3119000202484185e-06, 2.7083211387499824], [1782889860, 4.3119000202484185e-06, 4.3119000202484185e-06, 4.260212805230248e-06, 4.260212805230248e-06, 1.0719270004362922], [1782890580, 4.260212805230248e-06, 4.34371543816737e-06, 4.260212805230248e-06, 4.34371543816737e-06, 5.123274414431287], [1782891240, 4.34371543816737e-06, 4.3547632790462875e-06, 4.34371543816737e-06, 4.3547632790462875e-06, 0.73090614289768], [1782894420, 4.3547632790462875e-06, 4.3547632790462875e-06, 4.2712218206876805e-06, 4.2712218206876805e-06, 18.782281578409545], [1782894600, 4.2712218206876805e-06, 4.2712218206876805e-06, 4.239808722938719e-06, 4.239808722938719e-06, 0.4241562244229396], [1782895140, 4.239808722938719e-06, 4.3033417721720394e-06, 4.239808722938719e-06, 4.3033417721720394e-06, 6.484367317706121], [1782895860, 4.3033417721720394e-06, 4.3033417721720394e-06, 4.246748153076167e-06, 4.246748153076167e-06, 10.308143705678633], [1782896100, 4.246748153076167e-06, 4.246748153076167e-06, 4.234751614766743e-06, 4.234751614766743e-06, 0.704721823324219], [1782896280, 4.234751614766743e-06, 4.250614479868214e-06, 4.234751614766743e-06, 4.250614479868214e-06, 6.190517070926776], [1782896700, 4.250614479868214e-06, 4.250614479868214e-06, 4.221810319615911e-06, 4.221810319615911e-06, 5.266947871371499], [1782897120, 4.221810319615911e-06, 4.221810319615911e-06, 4.205162353485444e-06, 4.205162353485444e-06, 4.593241069949496], [1782898140, 4.205162353485444e-06, 4.229150819543837e-06, 4.180391196842503e-06, 4.229150819543837e-06, 2.8751516907415073], [1782898920, 4.229150819543837e-06, 4.253242426011603e-06, 4.229150819543837e-06, 4.253242426011603e-06, 9.60691012014986], [1782899520, 4.253242426011603e-06, 4.253242426011603e-06, 4.197709806538466e-06, 4.197709806538466e-06, 14.651242178820544], [1782900420, 4.197709806538466e-06, 4.197709806538466e-06, 4.165393124919915e-06, 4.165393124919915e-06, 5.58814495682578], [1782900540, 4.165393124919915e-06, 4.165393124919915e-06, 4.155812635913101e-06, 4.155812635913101e-06, 3.7402313723217904], [1782901500, 4.155812635913101e-06, 4.198423113201025e-06, 4.155812635913101e-06, 4.198423113201025e-06, 5.281350692540801], [1782901560, 4.198423113201025e-06, 4.270811470300762e-06, 4.198423113201025e-06, 4.270811470300762e-06, 37.758096963803226], [1782901740, 4.270811470300762e-06, 4.275015289273145e-06, 4.270811470300762e-06, 4.275015289273145e-06, 7.095301760740262], [1782901980, 4.275015289273145e-06, 4.275015289273145e-06, 4.239927692515461e-06, 4.239927692515461e-06, 14.32185056298009], [1782902760, 4.239927692515461e-06, 4.239927692515461e-06, 4.191015221879169e-06, 4.191015221879169e-06, 5.272032033866325], [1782903960, 4.191015221879169e-06, 4.227237638191089e-06, 4.191015221879169e-06, 4.227237638191089e-06, 0.6288037878193441], [1782904260, 4.227237638191089e-06, 4.227237638191089e-06, 4.173160779602242e-06, 4.173160779602242e-06, 0.7144171655327239], [1782904320, 4.173160779602242e-06, 4.173737266458821e-06, 4.168101148350284e-06, 4.168101148350284e-06, 3.2418757424236904], [1782904680, 4.168101148350284e-06, 4.234534861895205e-06, 4.168101148350284e-06, 4.234534861895205e-06, 5.100194959952996], [1782904740, 4.234534861895205e-06, 4.234534861895205e-06, 4.19000352054749e-06, 4.19000352054749e-06, 1.021469451376544], [1782904800, 4.19000352054749e-06, 4.257927747713291e-06, 4.19000352054749e-06, 4.257927747713291e-06, 9.601054119119778], [1782904920, 4.257927747713291e-06, 4.257927747713291e-06, 4.21703386079584e-06, 4.21703386079584e-06, 0.618817725460627], [1782905400, 4.21703386079584e-06, 4.21703386079584e-06, 4.147874002131988e-06, 4.147874002131988e-06, 37.0135536580248], [1782905460, 4.147874002131988e-06, 4.147874002131988e-06, 4.075587847277426e-06, 4.075587847277426e-06, 4.908754627238306], [1782906360, 4.075587847277426e-06, 4.075587847277426e-06, 4.049383275913655e-06, 4.049383275913655e-06, 9.053202474837274], [1782906840, 4.049383275913655e-06, 4.049383275913655e-06, 3.949294336803857e-06, 3.949294336803857e-06, 42.557229441219654], [1782909120, 3.949294336803857e-06, 3.949294336803857e-06, 3.840128081237878e-06, 3.865633730148665e-06, 14.185848891201367], [1782909840, 3.865633730148665e-06, 3.865633730148665e-06, 3.761165939381352e-06, 3.761165939381352e-06, 33.2523383960365], [1782910560, 3.761165939381352e-06, 4.1424803703595344e-06, 3.761165939381352e-06, 4.1424803703595344e-06, 235.556453464348], [1782911220, 4.1424803703595344e-06, 4.5822932326078336e-06, 4.1424803703595344e-06, 4.5822932326078336e-06, 2.7621777161220846], [1782912180, 4.5822932326078336e-06, 4.615309016181724e-06, 4.5822932326078336e-06, 4.615309016181724e-06, 2.260806613151552], [1782912240, 4.615309016181724e-06, 4.621307562978104e-06, 4.615309016181724e-06, 4.621307562978104e-06, 1.0475071496481452], [1782912660, 4.621307562978104e-06, 4.621307562978104e-06, 4.544569589402051e-06, 4.544569589402051e-06, 1.1669997980339955], [1782913080, 4.544569589402051e-06, 4.5557014450494645e-06, 4.544569589402051e-06, 4.5557014450494645e-06, 3.264244153536209], [1782913440, 4.5557014450494645e-06, 4.5625181600672135e-06, 4.5557014450494645e-06, 4.5595829678113314e-06, 1.6204801994779088], [1782913620, 4.5595829678113314e-06, 4.618672505948785e-06, 4.5595829678113314e-06, 4.618672505948785e-06, 2.5953199866905767], [1782914040, 4.618672505948785e-06, 4.618672505948785e-06, 4.578068696282481e-06, 4.578068696282481e-06, 0.33732978246915857], [1782914100, 4.578068696282481e-06, 4.578068696282481e-06, 4.551048976060673e-06, 4.551048976060673e-06, 16.668104816850903], [1782915900, 4.551048976060673e-06, 4.570402585239869e-06, 4.551048976060673e-06, 4.570402585239869e-06, 1.0866239593269689], [1782916260, 4.570402585239869e-06, 4.636285228008767e-06, 4.570402585239869e-06, 4.636285228008767e-06, 6.0626369619300435], [1782916500, 4.636285228008767e-06, 4.636285228008767e-06, 4.63500493993033e-06, 4.63500493993033e-06, 1.5010428980572736], [1782916740, 4.63500493993033e-06, 4.63500493993033e-06, 4.587464912536725e-06, 4.587464912536725e-06, 0.07891941503459911], [1782917640, 4.587464912536725e-06, 4.5983997079462855e-06, 4.587464912536725e-06, 