{"pair": "7YbttTQzRZcZ3MxQh2WhPHXuGzF3w5tc4cPuv53Euq2C", "n_bars": 92, "span": [1782929346.0, 1782944576.0], "bars": [[1782929640, 8.316204477828063e-05, 8.533582272246662e-05, 8.316204477828063e-05, 8.533582272246662e-05, 230.56252294004832], [1782930180, 8.533582272246662e-05, 8.699317489584809e-05, 8.533582272246662e-05, 8.699317489584809e-05, 5.907242644605674], [1782930300, 8.699317489584809e-05, 8.754469341333927e-05, 8.699317489584809e-05, 8.730260645855648e-05, 30.983901420021397], [1782930840, 8.730260645855648e-05, 8.730260645855648e-05, 8.398713424591989e-05, 8.410859750606923e-05, 154.3909645754849], [1782931440, 8.410859750606923e-05, 8.931444165760978e-05, 8.410859750606923e-05, 8.894405963207309e-05, 299.5149560521177], [1782932100, 8.894405963207309e-05, 0.00011943286838869539, 8.894405963207309e-05, 0.00011904951249716354, 1944.7707365890835], [1782932220, 0.00011904951249716354, 0.00012214546411916407, 0.00011904951249716354, 0.00012214546411916407, 91.89874001718577], [1782932280, 0.00012214546411916407, 0.00012319085609409272, 0.00012214546411916407, 0.00012319085609409272, 95.74423779037687], [1782932400, 0.00012319085609409272, 0.00012639446929337851, 0.00012319085609409272, 0.00012639446929337851, 130.4422323236615], [1782932580, 0.00012639446929337851, 0.0001277570681658138, 0.00012639446929337851, 0.0001277570681658138, 98.25035859103751], [1782932640, 0.0001277570681658138, 0.00012877676369715615, 0.00012626521591936013, 0.00012626521591936013, 112.45232815974043], [1782932880, 0.00012626521591936013, 0.00012756442789054408, 0.00012626521591936013, 0.00012756442789054408, 46.83703390058506], [1782932940, 0.00012756442789054408, 0.00012828150238499523, 0.00012756442789054408, 0.00012828150238499523, 24.53601398164494], [1782933000, 0.00012828150238499523, 0.00012860948514727927, 0.00012828150238499523, 0.00012860948514727927, 19.208074593999], [1782933060, 0.00012860948514727927, 0.00012860948514727927, 0.00012598407562415447, 0.00012598407562415447, 49.88650031585428], [1782933420, 0.00012598407562415447, 0.0001277114455457176, 0.00012598407562415447, 0.0001277114455457176, 0.7598546016771005], [1782933780, 0.0001277114455457176, 0.00013617691536980158, 0.0001277114455457176, 0.00013602529491734582, 448.5564783806426], [1782933840, 0.00013602529491734582, 0.0001420835863269939, 0.00013602529491734582, 0.0001420835863269939, 357.03441591352356], [1782933960, 0.0001420835863269939, 0.00014299240825899978, 0.00014072955889174308, 0.00014072955889174308, 43.606403419213684], [1782934080, 0.00014072955889174308, 0.00015726688416193554, 0.00014072955889174308, 0.00015726688416193554, 748.7631856682085], [1782934260, 0.00015726688416193554, 0.00015726688416193554, 0.0001530494627857732, 0.0001530494627857732, 152.1139932374733], [1782934380, 0.0001530494627857732, 0.00015512524920652848, 0.0001530494627857732, 0.00015512524920652848, 4.399709452337156], [1782934560, 0.00015512524920652848, 0.00015512524920652848, 0.00015260240126057078, 0.00015260240126057078, 16.120542168678444], [1782935220, 0.00015260240126057078, 0.00015260240126057078, 0.00015216021423584657, 0.00015216021423584657, 29.103221609839096], [1782935460, 0.00015216021423584657, 0.00015544408119434302, 0.00015216021423584657, 0.00015544408119434302, 127.27566925561713], [1782935520, 0.00015544408119434302, 0.0001673154758070571, 0.00015544408119434302, 0.0001673154758070571, 516.3198015719881], [1782935580, 0.0001673154758070571, 0.00017095907888273028, 0.0001673154758070571, 0.00017095907888273028, 178.52623235833028], [1782935640, 0.00017095907888273028, 0.00017095907888273028, 0.0001687693585385872, 0.0001687693585385872, 8.273092345852238], [1782935700, 0.0001687693585385872, 0.0001687693585385872, 0.00016849887230822627, 0.00016849887230822627, 4.02257376918651], [1782935760, 0.00016849887230822627, 0.00016849887230822627, 0.00016510303248850136, 0.00016673131463346754, 150.42180650358625], [1782935820, 0.00016673131463346754, 0.00016739687532037979, 0.00016673131463346754, 0.00016734674243175027, 7.809846092114516], [1782935880, 0.00016734674243175027, 0.00016737879423163617, 0.00016734674243175027, 0.00016737879423163617, 5.259553790447148], [1782936060, 0.00016737879423163617, 0.00016737879423163617, 0.0001649777143702417, 0.0001649777143702417, 8.0025831046306], [1782936120, 0.0001649777143702417, 0.0001671128148899965, 0.0001649777143702417, 0.0001671128148899965, 4.912059152398318], [1782936240, 0.0001671128148899965, 0.0001671128148899965, 0.00015391632550180716, 0.00015391632550180716, 1103.4963853072252], [1782936300, 0.00015391632550180716, 0.00015828966458231197, 0.00015391632550180716, 0.00015828966458231197, 200.70708341505326], [1782936360, 0.00015828966458231197, 0.0001592617230388573, 0.00015610619008153833, 0.00015610619008153833, 136.9810521123293], [1782936420, 0.00015610619008153833, 0.00015610619008153833, 0.0001539455686217045, 0.0001539455686217045, 98.10946841919029], [1782936540, 0.0001539455686217045, 0.0001539455686217045, 0.00015243540131865935, 0.00015243540131865935, 3.651007442374606], [1782936600, 0.00015243540131865935, 0.00015243540131865935, 0.00015006578272398915, 0.00015006578272398915, 125.09291295904882], [1782936720, 0.00015006578272398915, 0.00015006578272398915, 0.0001499020406780736, 0.0001499020406780736, 3.6222507392443744], [1782936900, 0.0001499020406780736, 0.0001499020406780736, 0.0001496733774022649, 0.0001496733774022649, 3.617629473865538], [1782937080, 0.0001496733774022649, 0.0001496733774022649, 0.00014735216413288717, 0.00014735216413288717, 104.12447204224387], [1782937140, 0.00014735216413288717, 0.0001494830769590413, 0.00014735216413288717, 0.0001494830769590413, 1.0227872017474342], [1782937260, 0.0001494830769590413, 0.0001494830769590413, 0.0001474180462916426, 0.0001474180462916426, 5.308729872404568], [1782937440, 0.0001474180462916426, 0.0001474335138753345, 0.0001474180462916426, 0.0001474335138753345, 3.5913096024695315], [1782937620, 0.0001474335138753345, 0.0001475077738579787, 0.0001474335138753345, 0.0001475077738579787, 3.594016769332722], [1782937680, 0.0001475077738579787, 0.0001475077738579787, 0.00013830727867668834, 0.00014046733262797458, 490.3156977721666], [1782937740, 0.00014046733262797458, 0.00014046733262797458, 0.0001389105089608943, 0.0001389105089608943, 3.4888799998809694], [1782937800, 0.0001389105089608943, 0.0001389105089608943, 0.00013569183981225371, 0.00013569183981225371, 168.77916743773048], [1782937860, 0.00013569183981225371, 0.00013569183981225371, 0.0001316144046394855, 0.0001316144046394855, 404.97668852599855], [1782937920, 0.0001316144046394855, 0.0001316144046394855, 0.0001277148561014563, 0.0001277148561014563, 7.3605721284286965], [1782937980, 0.0001277148561014563, 0.0001277148561014563, 0.00012722097765636157, 0.00012722097765636157, 62.72370394197301], [1782938100, 0.00012722097765636157, 0.00012722097765636157, 0.0001264713821994383, 0.0001264713821994383, 3.3308220750166266], [1782938280, 0.0001264713821994383, 0.00012651522160931836, 0.0001264713821994383, 0.00012648218007075594, 3.9084289868115505], [1782938460, 0.00012648218007075594, 0.00012839049347761504, 0.00012648218007075594, 0.00012839049347761504, 4.102377594982239], [1782938520, 0.00012839049347761504, 0.00012839049347761504, 0.0001261698852001547, 0.0001261698852001547, 38.63296477809699], [1782938580, 0.0001261698852001547, 0.0001261698852001547, 0.00012593305300596916, 0.00012593305300596916, 3.328728492694715], [1782938700, 0.00012593305300596916, 0.00012794277119641172, 0.00012593305300596916, 0.00012622069648958838, 20.30233084641591], [1782938760, 0.00012622069648958838, 0.00012622069648958838, 0.00012609397561806716, 0.00012609397561806716, 3.333815329070035], [1782938940, 0.00012609397561806716, 0.00012622183365980838, 0.00012609397561806716, 0.00012622183365980838, 3.338030083707431], [1782939120, 0.00012622183365980838, 0.000126234875385158, 0.00012622183365980838, 