{"pair": "4mDZjRSzc1PpvgPEU5bsWk2SooKwNPgKnP2ATh8AtduT", "n_bars": 146, "span": [1782933049.0, 1782946334.0], "bars": [[1782933060, 8.742702744312296e-05, 8.742702744312296e-05, 8.660287038558391e-05, 8.660287038558391e-05, 72.61346137625678], [1782933120, 8.660287038558391e-05, 8.97601895941583e-05, 8.660287038558391e-05, 8.97601895941583e-05, 161.08599722556187], [1782933180, 8.97601895941583e-05, 8.97601895941583e-05, 8.795624160280112e-05, 8.795624160280112e-05, 80.99470347892695], [1782933300, 8.795624160280112e-05, 8.839470994000386e-05, 8.725104673165435e-05, 8.839470994000386e-05, 32.511915767492106], [1782933360, 8.839470994000386e-05, 8.883739612566821e-05, 8.839470994000386e-05, 8.883739612566821e-05, 38.000519111181575], [1782933420, 8.883739612566821e-05, 9.290119976417375e-05, 8.883739612566821e-05, 9.290119976417375e-05, 244.45464788216785], [1782933480, 9.290119976417375e-05, 9.302593960154037e-05, 9.172690938600906e-05, 9.302593960154037e-05, 15.386853152676773], [1782933600, 9.302593960154037e-05, 9.302593960154037e-05, 9.135369566598432e-05, 9.135369566598432e-05, 23.636172934480037], [1782933720, 9.135369566598432e-05, 9.345929112219623e-05, 9.135369566598432e-05, 9.345929112219623e-05, 114.4493572597955], [1782933840, 9.345929112219623e-05, 9.43618530826548e-05, 9.303351422716091e-05, 9.43618530826548e-05, 3.147031801629095], [1782934020, 9.43618530826548e-05, 9.43618530826548e-05, 9.228379434369164e-05, 9.228379434369164e-05, 57.69271046009611], [1782934080, 9.228379434369164e-05, 9.228379434369164e-05, 9.126655562753449e-05, 9.126655562753449e-05, 38.75327576719142], [1782934140, 9.126655562753449e-05, 9.126655562753449e-05, 8.941213409087178e-05, 8.941213409087178e-05, 120.05713621709397], [1782934200, 8.941213409087178e-05, 8.941213409087178e-05, 8.772096375611243e-05, 8.772096375611243e-05, 203.08478455439493], [1782934320, 8.772096375611243e-05, 8.772096375611243e-05, 8.618729348713858e-05, 8.618729348713858e-05, 8.25613664377959], [1782934380, 8.618729348713858e-05, 8.691394054376306e-05, 8.589135996912854e-05, 8.691394054376306e-05, 31.65780895706523], [1782934560, 8.691394054376306e-05, 8.698833091285524e-05, 8.691394054376306e-05, 8.698833091285524e-05, 21.199694036511797], [1782934620, 8.698833091285524e-05, 8.72623050207183e-05, 8.698833091285524e-05, 8.72623050207183e-05, 1.386424145205098], [1782934680, 8.72623050207183e-05, 8.72623050207183e-05, 8.602150662071239e-05, 8.724288272678636e-05, 27.185525476372334], [1782934860, 8.724288272678636e-05, 8.724288272678636e-05, 8.722784976761008e-05, 8.722784976761008e-05, 1.4238754770295656], [1782935160, 8.722784976761008e-05, 8.722784976761008e-05, 8.710734625954402e-05, 8.710734625954402e-05, 0.7784003137887089], [1782935520, 8.710734625954402e-05, 8.710734625954402e-05, 8.704669200915735e-05, 8.705860824179377e-05, 6.583029933826335], [1782935580, 8.705860824179377e-05, 8.705860824179377e-05, 8.532772451245329e-05, 8.532772451245329e-05, 80.6769808678591], [1782935760, 8.532772451245329e-05, 8.586683978807866e-05, 8.532772451245329e-05, 8.586683978807866e-05, 0.41332657706004317], [1782935820, 8.586683978807866e-05, 8.586683978807866e-05, 8.567539710127448e-05, 8.567539710127448e-05, 0.979925425926838], [1782935880, 8.567539710127448e-05, 0.00010097764343240706, 8.408482917556152e-05, 0.00010097764343240706, 1207.199231420352], [1782935940, 0.00010097764343240706, 0.00010490635176744283, 0.00010097764343240706, 0.00010490635176744283, 150.67125740745047], [1782936000, 0.00010490635176744283, 0.00010490635176744283, 9.791951397861792e-05, 9.791951397861792e-05, 737.0026988820026], [1782936060, 9.791951397861792e-05, 0.00010005291850309992, 9.703033017255242e-05, 9.703033017255242e-05, 264.3753089144544], [1782936120, 9.703033017255242e-05, 9.703033017255242e-05, 9.662883131597932e-05, 9.662883131597932e-05, 15.130963434323485], [1782936180, 9.662883131597932e-05, 9.676818389414822e-05, 9.662883131597932e-05, 9.676818389414822e-05, 1.6756406607830578], [1782936240, 9.676818389414822e-05, 9.737295390538734e-05, 9.676818389414822e-05, 9.737295390538734e-05, 58.97366812283409], [1782936480, 9.737295390538734e-05, 9.804967487047361e-05, 9.690382770763562e-05, 9.690382770763562e-05, 42.11825767646892], [1782936540, 9.690382770763562e-05, 9.690382770763562e-05, 9.645459796625858e-05, 9.645459796625858e-05, 17.54672705494757], [1782936600, 9.645459796625858e-05, 9.819015205262566e-05, 9.629122800581428e-05, 9.819015205262566e-05, 100.47172875815495], [1782936660, 9.819015205262566e-05, 9.819015205262566e-05, 9.522674149291474e-05, 9.522674149291474e-05, 266.54618593123666], [1782936780, 9.522674149291474e-05, 9.522674149291474e-05, 9.271717617471264e-05, 9.271717617471264e-05, 39.05025293731553], [1782936840, 9.271717617471264e-05, 9.271717617471264e-05, 9.237661233011509e-05, 9.237661233011509e-05, 20.32285471262532], [1782936900, 9.237661233011509e-05, 9.237661233011509e-05, 8.904332882660702e-05, 9.08416659523855e-05, 310.1051926243499], [1782936960, 9.08416659523855e-05, 9.08416659523855e-05, 8.642297492848397e-05, 8.642297492848397e-05, 392.72825863285374], [1782937020, 8.642297492848397e-05, 8.642297492848397e-05, 8.215170810936141e-05, 8.215170810936141e-05, 128.02134354006415], [1782937140, 8.215170810936141e-05, 8.267639210330622e-05, 7.738830270917204e-05, 7.886995932233459e-05, 630.5962687855657], [1782937200, 7.886995932233459e-05, 7.886995932233459e-05, 7.670686336153536e-05, 7.670686336153536e-05, 161.0822645669466], [1782937260, 7.670686336153536e-05, 7.670686336153536e-05, 7.548665073474841e-05, 7.651627556366109e-05, 7.355662847895522], [1782937320, 7.651627556366109e-05, 7.655966578110831e-05, 7.651627556366109e-05, 7.655966578110831e-05, 5.316813666044101], [1782937380, 7.655966578110831e-05, 7.655966578110831e-05, 7.279919320592103e-05, 7.36681029770446e-05, 436.1996882021615], [1782937440, 7.36681029770446e-05, 7.37449992960592e-05, 7.36681029770446e-05, 7.37449992960592e-05, 3.7768353483556325], [1782937500, 7.37449992960592e-05, 7.37449992960592e-05, 7.196090506603477e-05, 7.196090506603477e-05, 71.37548789178078], [1782937560, 7.196090506603477e-05, 7.300764005449604e-05, 7.196090506603477e-05, 7.300764005449604e-05, 0.6843654914634391], [1782937620, 7.300764005449604e-05, 7.300764005449604e-05, 7.014299923430627e-05, 7.014299923430627e-05, 145.79437683161586], [1782937680, 7.014299923430627e-05, 7.140654792978717e-05, 6.920881942689558e-05, 6.920881942689558e-05, 239.01727608546597], [1782937740, 6.920881942689558e-05, 7.020655946412071e-05, 6.857847142104316e-05, 6.857847142104316e-05, 107.91520574123189], [1782937800, 6.857847142104316e-05, 7.008466944437743e-05, 6.519172037660989e-05, 6.72213623544438e-05, 657.8556304032215], [1782937860, 6.72213623544438e-05, 6.72213623544438e-05, 6.693369097652481e-05, 6.693369097652481e-05, 20.749444202722692], [1782937920, 6.693369097652481e-05, 6.693369097652481e-05, 6.666727961824118e-05, 6.666727961824118e-05, 18.2580917694147], [1782937980, 6.666727961824118e-05, 7.360732805470214e-05, 6.666727961824118e-05, 7.360732805470214e-05, 584.5013330420744], [1782938040, 7.360732805470214e-05, 7.623770147788773e-05, 7.228031403038264e-05, 7.498920054229608e-05, 367.9100761855627], [1782938160, 7.498920054229608e-05, 7.656830709505208e-05, 7.464721213936729e-05, 7.549691756231805e-05, 256.3528218576408], [1782938220, 7.549691756231805e-05, 7.549691756231805e-05, 7.331094497854627e-05, 7.331094497854627e-05, 101.5444579400839], [1782938280, 7.331094497854627e-05, 7.438825914471997e-05, 7.331094497854627e-05, 7.438825914471997e-05, 3.38463967808463], [1782938340, 7.438825914471997e-05, 7.438825914471997e-05, 7.304525605274139e-05, 7.389738973424198e-05, 44.13649853014926], [1782938400, 7.389738973424198e-05, 7.389738973424198e-05, 7.207780739870838e-05, 7.231044128038274e-05, 155.03790175115503], [1782938520, 7.231044128038274e-05, 7.231044128038274e-05, 7.231023383831292e-05, 7.231023383831292e-05, 