{"pair": "jpqfphDxnEjSAguhGCeTZ74PU5A5ef1FBoV5u3an16b", "n_bars": 109, "span": [1782913525.0, 1782945842.0], "bars": [[1782913620, 1.7560200625875797e-05, 1.7560200625875797e-05, 1.749680533710441e-05, 1.749680533710441e-05, 14.801299360174943], [1782913800, 1.749680533710441e-05, 1.779634782436321e-05, 1.749680533710441e-05, 1.779634782436321e-05, 49.13891457814118], [1782913920, 1.779634782436321e-05, 1.845047822811931e-05, 1.779634782436321e-05, 1.845047822811931e-05, 100.1285208531701], [1782913980, 1.845047822811931e-05, 1.845047822811931e-05, 1.817382928814831e-05, 1.817382928814831e-05, 52.11739610413832], [1782914280, 1.817382928814831e-05, 1.8314392385541256e-05, 1.817382928814831e-05, 1.8314392385541256e-05, 11.039380492729263], [1782914340, 1.8314392385541256e-05, 1.8314392385541256e-05, 1.8106082537391082e-05, 1.8106082537391082e-05, 0.46880134980552285], [1782914700, 1.8106082537391082e-05, 1.8106082537391082e-05, 1.7816495531600874e-05, 1.7816495531600874e-05, 88.38551580496487], [1782914820, 1.7816495531600874e-05, 1.7816495531600874e-05, 1.7499648353443775e-05, 1.7499648353443775e-05, 32.47234910347274], [1782915000, 1.7499648353443775e-05, 1.767434422177926e-05, 1.7499648353443775e-05, 1.767434422177926e-05, 0.003336694252331532], [1782915120, 1.767434422177926e-05, 1.767434422177926e-05, 1.7349146172538418e-05, 1.742299200707336e-05, 58.324017900470615], [1782915240, 1.742299200707336e-05, 1.7450233725774846e-05, 1.742299200707336e-05, 1.7450233725774846e-05, 1.1145930592429103], [1782915780, 1.7450233725774846e-05, 1.7450233725774846e-05, 1.7398231929049142e-05, 1.7398231929049142e-05, 0.057065547475866944], [1782915900, 1.7398231929049142e-05, 1.7584160596050865e-05, 1.7398231929049142e-05, 1.7584160596050865e-05, 0.07529120054195036], [1782916080, 1.7584160596050865e-05, 1.7584160596050865e-05, 1.7360334649231455e-05, 1.7360334649231455e-05, 8.533860020472625], [1782916200, 1.7360334649231455e-05, 1.7604063696351266e-05, 1.7360334649231455e-05, 1.7604063696351266e-05, 0.9863920986169258], [1782916380, 1.7604063696351266e-05, 1.7604063696351266e-05, 1.753531601053612e-05, 1.753531601053612e-05, 1.3678403333899714], [1782916440, 1.753531601053612e-05, 2.3058299822377515e-05, 1.753531601053612e-05, 2.2784855835164575e-05, 1566.906613529653], [1782916500, 2.2784855835164575e-05, 2.2784855835164575e-05, 2.1493393666744648e-05, 2.1493393666744648e-05, 244.79595289954986], [1782916560, 2.1493393666744648e-05, 2.1493393666744648e-05, 2.102867407749314e-05, 2.102867407749314e-05, 67.63576625403604], [1782916620, 2.102867407749314e-05, 2.102867407749314e-05, 1.9282509890744633e-05, 1.9282509890744633e-05, 305.4031141885435], [1782916680, 1.9282509890744633e-05, 1.9282509890744633e-05, 1.9205549988472286e-05, 1.9205549988472286e-05, 14.928338537045285], [1782916860, 1.9205549988472286e-05, 1.9205549988472286e-05, 1.9051755051303037e-05, 1.9051755051303037e-05, 66.08832917920085], [1782916920, 1.9051755051303037e-05, 1.913142113329022e-05, 1.9051755051303037e-05, 1.913142113329022e-05, 0.009080930284335103], [1782917100, 1.913142113329022e-05, 1.913142113329022e-05, 1.8606434036258785e-05, 1.8606434036258785e-05, 79.18903967875531], [1782917220, 1.8606434036258785e-05, 1.874787128608506e-05, 1.8606434036258785e-05, 1.874787128608506e-05, 8.845851326204377], [1782917340, 1.874787128608506e-05, 1.8788013293150198e-05, 1.874787128608506e-05, 1.8788013293150198e-05, 13.561793650746916], [1782917400, 1.8788013293150198e-05, 1.8836242909425227e-05, 1.8788013293150198e-05, 1.8836242909425227e-05, 3.4411244883062344], [1782917520, 1.8836242909425227e-05, 1.8895016411930454e-05, 1.8836242909425227e-05, 1.8895016411930454e-05, 5.474975955036361], [1782917700, 1.8895016411930454e-05, 1.89253088276235e-05, 1.8895016411930454e-05, 1.89253088276235e-05, 11.084403405366658], [1782917940, 1.89253088276235e-05, 1.926346751966514e-05, 1.89253088276235e-05, 1.926346751966514e-05, 117.77255561616585], [1782918420, 1.926346751966514e-05, 1.9769327897542966e-05, 1.926346751966514e-05, 1.9769327897542966e-05, 26.73499871685695], [1782918720, 1.9769327897542966e-05, 1.9769327897542966e-05, 1.9516532060276748e-05, 1.9516532060276748e-05, 30.244445617488953], [1782919020, 1.9516532060276748e-05, 1.975625843121801e-05, 1.9516532060276748e-05, 1.975625843121801e-05, 11.356054195210318], [1782919200, 1.975625843121801e-05, 1.975625843121801e-05, 1.9519869885930673e-05, 1.9519869885930673e-05, 6.3446511932758], [1782919440, 1.9519869885930673e-05, 1.96401398482864e-05, 1.9519869885930673e-05, 1.96401398482864e-05, 3.9310377267967183], [1782919680, 1.96401398482864e-05, 1.998225932165473e-05, 1.96401398482864e-05, 1.998225932165473e-05, 28.520238707738816], [1782920520, 1.998225932165473e-05, 2.0194608754119105e-05, 1.998225932165473e-05, 2.0194608754119105e-05, 53.52874400539374], [1782921120, 2.0194608754119105e-05, 2.043073970740809e-05, 2.0194608754119105e-05, 2.0400483201198053e-05, 75.56889488750063], [1782921660, 2.0400483201198053e-05, 2.0400483201198053e-05, 2.0225642363966767e-05, 2.034794870513975e-05, 44.05538092937063], [1782921720, 2.034794870513975e-05, 2.034794870513975e-05, 1.9894103753336058e-05, 2.0145542309874817e-05, 61.55613288543401], [1782921780, 2.0145542309874817e-05, 2.0594221986190046e-05, 2.0145542309874817e-05, 2.0594221986190046e-05, 90.38742612529988], [1782921840, 2.0594221986190046e-05, 2.0606428479182635e-05, 2.0344782499218867e-05, 2.0606428479182635e-05, 15.165264157536015], [1782922080, 2.0606428479182635e-05, 2.0606428479182635e-05, 2.0314880835898265e-05, 2.0587623094039653e-05, 59.687166380292204], [1782922200, 2.0587623094039653e-05, 2.0662231862394583e-05, 2.0587623094039653e-05, 2.0662231862394583e-05, 5.029540902113479], [1782922260, 2.0662231862394583e-05, 2.0721947755629904e-05, 2.0662231862394583e-05, 2.0721947755629904e-05, 2.203009296702515], [1782922500, 2.0721947755629904e-05, 2.0932005941648468e-05, 2.0721947755629904e-05, 2.0932005941648468e-05, 48.20509486691731], [1782922620, 2.0932005941648468e-05, 2.0968391417121517e-05, 2.0710134732747925e-05, 2.0968391417121517e-05, 23.92474509151603], [1782922680, 2.0968391417121517e-05, 2.0968391417121517e-05, 2.071507339817369e-05, 2.071507339817369e-05, 2.6423930239415707], [1782922860, 2.071507339817369e-05, 2.071507339817369e-05, 2.0611465587408e-05, 2.0611465587408e-05, 22.23853296175809], [1782923340, 2.0611465587408e-05, 2.177504680268428e-05, 2.0611465587408e-05, 2.177504680268428e-05, 195.6786922125904], [1782923520, 2.177504680268428e-05, 2.218641334252183e-05, 2.177504680268428e-05, 2.218641334252183e-05, 35.00407333637608], [1782923580, 2.218641334252183e-05, 2.218641334252183e-05, 2.1877422247760564e-05, 2.1877422247760564e-05, 10.901764772202123], [1782923700, 2.1877422247760564e-05, 2.1877422247760564e-05, 2.174873674681454e-05, 2.174873674681454e-05, 36.53288299949802], [1782923760, 2.174873674681454e-05, 2.174873674681454e-05, 2.1525784873822085e-05, 2.1525784873822085e-05, 37.502604809964296], [1782924000, 2.1525784873822085e-05, 2.1525784873822085e-05, 2.100995497139173e-05, 2.100995497139173e-05, 140.05768885100235], [1782925140, 2.100995497139173e-05, 2.100995497139173e-05, 2.047303950075295e-05, 2.047303950075295e-05, 6.721820188190632], [1782925200, 2.047303950075295e-05, 2.047303950075295e-05, 2.046466692062333e-05, 2.046466692062333e-05, 2.0621037440563814], [1782925560, 2.046466692062333e-05, 2.046466692062333e-05, 2.0409752973406957e-05, 2.0409752973406957e-05, 0.4773809829259326], [1782926220, 2.0409752973406957e-05, 2.0409752973406957e-05, 1.8571066534097495e-05, 1.857681000344207e-05, 399.9882318715856], [1782926280, 1.857681000344207e-05, 1.8601947904913342e-05, 1.8359060719554362e-05, 1.8601947904913342e-05, 1.0393449350610433], [1782926400, 1.8601947904913342e-05, 1.8601947904913342e-05, 1.8418066996125186e-05, 1.8418066996125186e-05, 7.618295245118047], [1782926760, 1.8418066996125186e-05, 1.8418066996125186e-05, 1.8271207749322494e-05, 