{"pair": "DEAtFrFhDz1J5D2KB9pzQCDHj5bT7tBCcWcBHwYzV4LU", "n_bars": 117, "span": [1782931575.0, 1782946343.0], "bars": [[1782931680, 0.1974361469577942, 0.1974361469577942, 0.19687364309753097, 0.19687364309753097, 34.2728446267188], [1782931800, 0.19687364309753097, 0.20661674971117322, 0.19687364309753097, 0.20661674971117322, 521.65598068552], [1782931920, 0.20661674971117322, 0.20671095289826574, 0.19838466327525708, 0.19838466327525708, 543.6427951335413], [1782931980, 0.19838466327525708, 0.19838466327525708, 0.19498679537113958, 0.19587005983787167, 77.0513882518812], [1782932040, 0.19587005983787167, 0.19587005983787167, 0.1952895339110982, 0.1952895339110982, 25.477236488995374], [1782932100, 0.1952895339110982, 0.19561946522098694, 0.1952895339110982, 0.19561946522098694, 0.3630032168319766], [1782932220, 0.19561946522098694, 0.19561946522098694, 0.19556419769392866, 0.19556419769392866, 2.880343231338712], [1782932460, 0.19556419769392866, 0.19556419769392866, 0.19549601881034476, 0.19549601881034476, 5.234737660390902], [1782932580, 0.19549601881034476, 0.19549601881034476, 0.19425789054903236, 0.19425789054903236, 110.71783679934593], [1782932880, 0.19425789054903236, 0.19425789054903236, 0.1928463947535638, 0.1928463947535638, 1.1466419073301093], [1782933120, 0.1928463947535638, 0.1928463947535638, 0.16649494132750348, 0.16690827214852305, 1205.4699435183736], [1782933180, 0.16690827214852305, 0.17047151816308448, 0.16690827214852305, 0.17047151816308448, 161.81456350376408], [1782933240, 0.17047151816308448, 0.17332355210642403, 0.17047151816308448, 0.17332355210642403, 145.3803357058715], [1782933300, 0.17332355210642403, 0.17380453515846295, 0.17332355210642403, 0.17380453515846295, 6.666276810082522], [1782933360, 0.17380453515846295, 0.17380453515846295, 0.16899680936087727, 0.16899680936087727, 222.73663610655248], [1782933540, 0.16899680936087727, 0.16899680936087727, 0.1493252260458614, 0.15483198026542352, 1212.812464460944], [1782933600, 0.15483198026542352, 0.15512072287866907, 0.15483198026542352, 0.1549400538814215, 24.127772815157506], [1782933660, 0.1549400538814215, 0.15759729156613644, 0.1549400538814215, 0.15759729156613644, 143.6818072399808], [1782933720, 0.15759729156613644, 0.1598572793247339, 0.15759729156613644, 0.1598572793247339, 101.21475509903324], [1782933780, 0.1598572793247339, 0.16039413433040153, 0.1598572793247339, 0.16039413433040153, 30.655893511250834], [1782933900, 0.16039413433040153, 0.16039413433040153, 0.16037385015072608, 0.16037385015072608, 35.48411023983986], [1782933960, 0.16037385015072608, 0.16037385015072608, 0.1599750982063751, 0.16035738005386832, 21.491775817092282], [1782934020, 0.16035738005386832, 0.1620467767446783, 0.16035738005386832, 0.1620467767446783, 151.23437134024223], [1782934080, 0.1620467767446783, 0.1630822102045313, 0.1620467767446783, 0.1630822102045313, 51.652678952904736], [1782934140, 0.1630822102045313, 0.1630822102045313, 0.16270812933310558, 0.16270812933310558, 16.47568850144163], [1782934260, 0.16270812933310558, 0.16270812933310558, 0.16252277996359044, 0.16252277996359044, 31.52702063922706], [1782934320, 0.16252277996359044, 0.16252277996359044, 0.1545350380549703, 0.1545350380549703, 368.4976516584776], [1782934440, 0.1545350380549703, 0.1545350380549703, 0.15425668540007328, 0.15425668540007328, 15.570843837994985], [1782934500, 0.15425668540007328, 0.15434889131586318, 0.15425668540007328, 0.15434889131586318, 7.566009472847557], [1782934620, 0.15434889131586318, 0.15442598782848072, 0.15434889131586318, 0.15442598782848072, 0.09269543460194818], [1782934680, 0.15442598782848072, 0.15442598782848072, 0.15269226333971592, 0.15269226333971592, 155.05926718102023], [1782934740, 0.15269226333971592, 0.15269226333971592, 0.15148113805355184, 0.15148113805355184, 22.111714597573695], [1782934860, 0.15148113805355184, 0.15148113805355184, 0.13949251747236882, 0.139890463213753, 734.1730359201762], [1782934920, 0.139890463213753, 0.1439800417230582, 0.139890463213753, 0.1439800417230582, 104.0195445064133], [1782934980, 0.1439800417230582, 0.15179859036144688, 0.1439800417230582, 0.15179859036144688, 387.3895924311667], [1782935040, 0.15179859036144688, 0.15372610946176393, 0.15179859036144688, 0.15372610946176393, 151.2032451331233], [1782935100, 0.15372610946176393, 0.155916502006561, 0.15372610946176393, 0.155916502006561, 80.7962682946937], [1782935160, 0.155916502006561, 0.1587329059420155, 0.155916502006561, 0.1587329059420155, 115.01720489446724], [1782935220, 0.1587329059420155, 0.1593817750200248, 0.1587329059420155, 0.1593817750200248, 16.413323377715763], [1782935460, 0.1593817750200248, 0.1600395702232251, 0.1593817750200248, 0.1600395702232251, 68.64420718873245], [1782935760, 0.1600395702232251, 0.16084681456244948, 0.1600395702232251, 0.16084681456244948, 7.434819092583812], [1782935820, 0.16084681456244948, 0.16084681456244948, 0.1603427803492641, 0.1603427803492641, 54.7036244560084], [1782935880, 0.1603427803492641, 0.1603427803492641, 0.16009445442725062, 0.16009445442725062, 33.49506709742039], [1782935940, 0.16009445442725062, 0.16009445442725062, 0.15974302010610336, 0.15974302010610336, 68.52196256228247], [1782936000, 0.15974302010610336, 0.15974302010610336, 0.15904177770819236, 0.15904177770819236, 0.687644799190691], [1782936300, 0.15904177770819236, 0.15904177770819236, 0.1581131511742468, 0.1581131511742468, 60.97968915923253], [1782936360, 0.1581131511742468, 0.15820682338242245, 0.1581131511742468, 0.15820682338242245, 45.1428762626337], [1782936480, 0.15820682338242245, 0.15888306387927753, 0.15820682338242245, 0.15888306387927753, 21.18218521356312], [1782936660, 0.15888306387927753, 0.15888306387927753, 0.14170805780208615, 0.14170805780208615, 859.694220775957], [1782936720, 0.14170805780208615, 0.14204096153382725, 0.13567824651833346, 0.13688064314463144, 440.59486448527775], [1782936780, 0.13688064314463144, 0.13820160241414597, 0.13688064314463144, 0.13820160241414597, 57.549247400903056], [1782936840, 0.13820160241414597, 0.14076206552152015, 0.13820160241414597, 0.14071291981163997, 134.1998872733225], [1782936900, 0.14071291981163997, 0.14240802723645768, 0.14071291981163997, 0.14240802723645768, 127.09459283923673], [1782936960, 0.14240802723645768, 0.15877258793975096, 0.14240802723645768, 0.15877258793975096, 756.0526247868063], [1782937020, 0.15877258793975096, 0.1657122911934372, 0.15877258793975096, 0.1657122911934372, 342.91398626342647], [1782937080, 0.1657122911934372, 0.1657122911934372, 0.16558979310458802, 0.16560191272120495, 5.6575540727514095], [1782937140, 0.16560191272120495, 0.16560457952424434, 0.16560191272120495, 0.16560457952424434, 1.1331899085166255], [1782937200, 0.16560457952424434, 0.16560457952424434, 0.16558850924019625, 0.16558850924019625, 1.4821481142775037], [1782937260, 0.16558850924019625, 0.16558850924019625, 0.16451773073442655, 0.16451773073442655, 56.98038674503163], [1782937620, 0.16451773073442655, 0.16515630677656662, 0.16451773073442655, 0.16515630677656662, 75.11845292913922], [1782937680, 0.16515630677656662, 0.16593505850160936, 0.16515630677656662, 0.16571688385603267, 45.108647787900296], [1782937980, 0.16571688385603267, 0.16748593621554425, 0.16571688385603267, 0.16748593621554425, 200.4248747447656], [1782938040, 0.16748593621554425, 0.1676562895743347, 0.16748593621554425, 0.1676562895743347, 182.35084362102748], [1782938100, 0.1676562895743347, 0.17783915281360957, 0.1676562895743347, 0.1758569262380997, 724.9387652360464], [1782938220, 0.1758569262380997, 0.19728184864656598, 0.1758569262380997, 0.19159260395713698, 1041.0097513673982], [1782938280, 0.19159260395713698, 0.19571292021399267, 0.19159260395713698, 0.19565392800185613, 4.969816847512962], [1782938340, 0.19565392800185613, 0.19565392800185613, 0.19319710893839534, 0.19319710893839534, 167.99536472448474], [1782938460, 0.19319710893839534, 0.19319710893839534, 0.19181618842009265, 0.19181618842009265, 