{"pair": "4PAZrRgRChXukqcE51Urkq98qhTnWDW6S7NCsF8TvEZN", "n_bars": 118, "span": [1782776754.0, 1782933149.0], "bars": [[1782776760, 2.7752566827550843e-06, 2.782796252294183e-06, 2.7752566827550843e-06, 2.782796252294183e-06, 1.9616403901474486], [1782776820, 2.782796252294183e-06, 2.799385318056095e-06, 2.7470629086103695e-06, 2.762888953621092e-06, 10.73166639666938], [1782776880, 2.762888953621092e-06, 2.7664404020918774e-06, 2.762888953621092e-06, 2.7656426108007875e-06, 0.6615098694433968], [1782776940, 2.7656426108007875e-06, 2.7656426108007875e-06, 2.7596895792440285e-06, 2.7602709996058335e-06, 2.468122147133292], [1782777000, 2.7602709996058335e-06, 2.7602709996058335e-06, 2.758535434002234e-06, 2.758535434002234e-06, 0.09966403504216563], [1782777060, 2.758535434002234e-06, 2.758535434002234e-06, 2.565028458020727e-06, 2.565028458020727e-06, 85.55441242370365], [1782777120, 2.565028458020727e-06, 2.565028458020727e-06, 2.2689135767321174e-06, 2.2689135767321174e-06, 106.92341148024995], [1782777180, 2.2689135767321174e-06, 2.319690441126354e-06, 2.248586821540947e-06, 2.2731263406029453e-06, 39.08310709049132], [1782777240, 2.2731263406029453e-06, 2.3000892932614734e-06, 2.2716501219496086e-06, 2.2716501219496086e-06, 0.8292368401518528], [1782777300, 2.2716501219496086e-06, 2.3095065735564775e-06, 2.2716501219496086e-06, 2.3095065735564775e-06, 8.44609600713626], [1782777540, 2.3095065735564775e-06, 2.3095065735564775e-06, 2.2539493533173438e-06, 2.2539493533173438e-06, 30.18932393157632], [1782777600, 2.2539493533173438e-06, 2.2539493533173438e-06, 2.2496316807028283e-06, 2.2496316807028283e-06, 0.7372122790322448], [1782777660, 2.2496316807028283e-06, 2.2539914140213977e-06, 2.2249030617205744e-06, 2.2539914140213977e-06, 1.5207566339215008], [1782777720, 2.2539914140213977e-06, 2.259636084349959e-06, 2.2539914140213977e-06, 2.259636084349959e-06, 1.130575387889672], [1782777780, 2.259636084349959e-06, 2.259636084349959e-06, 2.2087507817917327e-06, 2.2249328846069554e-06, 21.091919547591154], [1782777900, 2.2249328846069554e-06, 2.2249328846069554e-06, 2.1964035484474964e-06, 2.1964035484474964e-06, 0.012727369630473464], [1782778020, 2.1964035484474964e-06, 2.1964035484474964e-06, 2.1930621834496673e-06, 2.1930621834496673e-06, 0.07462475696305403], [1782778080, 2.1930621834496673e-06, 2.1930621834496673e-06, 1.9155351086311306e-06, 1.9155351086311306e-06, 135.90365861496502], [1782778140, 1.9155351086311306e-06, 1.9155351086311306e-06, 1.8576451188269172e-06, 1.8576451188269172e-06, 22.980823699824832], [1782778260, 1.8576451188269172e-06, 1.8628047361156768e-06, 1.8576451188269172e-06, 1.8628047361156768e-06, 2.7825758192713095], [1782778560, 1.8628047361156768e-06, 1.8739363429759262e-06, 1.8628047361156768e-06, 1.8739363429759262e-06, 9.126991844892174], [1782778620, 1.8739363429759262e-06, 1.9347804457073193e-06, 1.8739363429759262e-06, 1.9347804457073193e-06, 24.438001675125097], [1782778740, 1.9347804457073193e-06, 1.9347804457073193e-06, 1.9054841656225282e-06, 1.9054841656225282e-06, 3.752269659072153], [1782778860, 1.9054841656225282e-06, 1.9054841656225282e-06, 1.8614269110423857e-06, 1.8614269110423857e-06, 34.51522614604961], [1782778980, 1.8614269110423857e-06, 1.8666327494566579e-06, 1.823590150198279e-06, 1.823590150198279e-06, 18.52460203646917], [1782779160, 1.823590150198279e-06, 1.8603101219757912e-06, 1.823590150198279e-06, 1.8603101219757912e-06, 1.7086201063446786], [1782779280, 1.8603101219757912e-06, 1.8818884723047396e-06, 1.8603101219757912e-06, 1.8818884723047396e-06, 3.731638838290416], [1782779400, 1.8818884723047396e-06, 1.8858782842715389e-06, 1.8818884723047396e-06, 1.8858782842715389e-06, 1.885878284271539], [1782779580, 1.8858782842715389e-06, 1.8858782842715389e-06, 1.864027209258322e-06, 1.864027209258322e-06, 2.123485272644959], [1782779700, 1.864027209258322e-06, 1.864027209258322e-06, 1.8562286243077196e-06, 1.8562286243077196e-06, 0.033352775699547726], [1782779940, 1.8562286243077196e-06, 1.8562286243077196e-06, 1.8517713703189652e-06, 1.8517713703189652e-06, 0.009923148987592811], [1782780000, 1.8517713703189652e-06, 1.8781192602539132e-06, 1.8517713703189652e-06, 1.8781192602539132e-06, 1.6239841900462413], [1782780120, 1.8781192602539132e-06, 1.8781192602539132e-06, 1.85095114961185e-06, 1.85095114961185e-06, 3.6594515994840977], [1782780180, 1.85095114961185e-06, 1.8732803132704413e-06, 1.85095114961185e-06, 1.8732803132704413e-06, 0.14676407439677008], [1782780240, 1.8732803132704413e-06, 1.875929992606254e-06, 1.8732803132704413e-06, 1.875929992606254e-06, 0.22041052681287487], [1782780300, 1.875929992606254e-06, 1.8959086632907717e-06, 1.853866544933378e-06, 1.8959086632907717e-06, 18.41561413626702], [1782780360, 1.8959086632907717e-06, 1.8959086632907717e-06, 1.8623215975868569e-06, 1.8623215975868569e-06, 29.827022699917393], [1782780540, 1.8623215975868569e-06, 1.8623215975868569e-06, 1.8066061755766825e-06, 1.8066061755766825e-06, 19.507905300214297], [1782780720, 1.8066061755766825e-06, 1.810106588993006e-06, 1.7780791770680074e-06, 1.7780791770680074e-06, 9.897513076011832], [1782780840, 1.7780791770680074e-06, 1.7780791770680074e-06, 1.7619250745258536e-06, 1.7619250745258536e-06, 4.581005193767219], [1782780900, 1.7619250745258536e-06, 1.7619250745258536e-06, 1.7549166536476154e-06, 1.7549166536476154e-06, 1.1135724942036784], [1782780960, 1.7549166536476154e-06, 1.7549166536476154e-06, 1.7536455285855715e-06, 1.7536455285855715e-06, 1.330313620500546], [1782781080, 1.7536455285855715e-06, 1.811858609297949e-06, 1.7536455285855715e-06, 1.788750639216409e-06, 73.07364785224253], [1782781140, 1.788750639216409e-06, 1.8351123255958071e-06, 1.788750639216409e-06, 1.8351123255958071e-06, 58.93035949126446], [1782781260, 1.8351123255958071e-06, 1.8745294727462205e-06, 1.8351123255958071e-06, 1.8745294727462205e-06, 0.06163936541929301], [1782781320, 1.8745294727462205e-06, 1.9680917545069964e-06, 1.8745294727462205e-06, 1.9680917545069964e-06, 63.957134894048394], [1782781380, 1.9680917545069964e-06, 1.9680917545069964e-06, 1.87243424187137e-06, 1.87243424187137e-06, 63.16718824909528], [1782781500, 1.87243424187137e-06, 1.87243424187137e-06, 1.8720059716746683e-06, 1.8720059716746683e-06, 0.12118230750985466], [1782781800, 1.8720059716746683e-06, 1.8924845471214553e-06, 1.8720059716746683e-06, 1.8924845471214553e-06, 0.1557059953350989], [1782781920, 1.8924845471214553e-06, 1.8924845471214553e-06, 1.869125615065469e-06, 1.869125615065469e-06, 0.5856041308367084], [1782782520, 1.869125615065469e-06, 1.8700615878334887e-06, 1.869125615065469e-06, 1.8700615878334887e-06, 0.042137663133898245], [1782782760, 1.8700615878334887e-06, 1.8750419055720995e-06, 1.8700615878334887e-06, 1.8750419055720995e-06, 0.7040396613083474], [1782782820, 1.8750419055720995e-06, 1.9109749702339345e-06, 1.8750419055720995e-06, 1.9109749702339345e-06, 8.807558077025798], [1782782880, 1.9109749702339345e-06, 1.9244506160384154e-06, 1.9109749702339345e-06, 1.9244506160384154e-06, 3.1134544672652096], [1782783240, 1.9244506160384154e-06, 1.9244506160384154e-06, 1.8992986348164274e-06, 1.8992986348164274e-06, 2.238295524573171], [1782783840, 1.8992986348164274e-06, 1.8992986348164274e-06, 1.8857502981668415e-06, 1.8857502981668415e-06, 4.995676375588359], [1782783960, 1.8857502981668415e-06, 1.9047147187647608e-06, 1.8857502981668415e-06, 1.9047147187647608e-06, 0.18787312463648975], [1782784680, 1.9047147187647608e-06, 1.9047147187647608e-06, 1.8821674093143091e-06, 1.8821674093143091e-06, 0.01299167643204929], [1782787500, 1.8821674093143091e-06, 1.8869261330118626e-06, 1.8821674093143091e-06, 1.8869261330118626e-06, 0.6188471255895209], [1782787920, 1.8869261330118626e-06, 1.8910063370535397e-06, 1.8869261330118626e-06, 1.8910063370535397e-06, 0.23446902947221507], [1782788640, 1.8910063370535397e-06, 1.8910063370535397e-06, 1.8871803738671116e-06, 1.8871803738671116e-06, 0.235385722415453], [1782789840, 