{"pair": "EQgsxMGscUpw5ngiyCByU7uMzSDbFaJThHjgL4Ymh964", "n_bars": 81, "span": [1782876129.0, 1782944146.0], "bars": [[1782877080, 3.3534891048586615e-06, 3.3755240011690486e-06, 3.329445583598759e-06, 3.329445583598759e-06, 18.08854730277173], [1782877380, 3.329445583598759e-06, 3.6382886687897828e-06, 3.329445583598759e-06, 3.5161199330400607e-06, 108.58889039467653], [1782877440, 3.5161199330400607e-06, 3.6411365370306423e-06, 3.5161199330400607e-06, 3.6411365370306423e-06, 0.16031290878042645], [1782877500, 3.6411365370306423e-06, 3.691109453538256e-06, 3.6411365370306423e-06, 3.691109453538256e-06, 0.7395836182362913], [1782877740, 3.691109453538256e-06, 3.7095032940455167e-06, 3.691109453538256e-06, 3.7095032940455167e-06, 0.7428034787705976], [1782877920, 3.7095032940455167e-06, 3.7095032940455167e-06, 3.667281891289827e-06, 3.667281891289827e-06, 0.003913872943833151], [1782878040, 3.667281891289827e-06, 3.67660927312477e-06, 3.667281891289827e-06, 3.67660927312477e-06, 0.1804015940667292], [1782878580, 3.67660927312477e-06, 3.8064444535028435e-06, 3.67660927312477e-06, 3.7880463841199675e-06, 42.42245823599654], [1782878640, 3.7880463841199675e-06, 3.8715445897352745e-06, 3.7880463841199675e-06, 3.8715445897352745e-06, 7.778291588068158], [1782878700, 3.8715445897352745e-06, 3.8715445897352745e-06, 3.834725432281261e-06, 3.834725432281261e-06, 0.07684354542594822], [1782879720, 3.834725432281261e-06, 3.834725432281261e-06, 3.824585044660785e-06, 3.824585044660785e-06, 0.10708010653510733], [1782879840, 3.824585044660785e-06, 3.824585044660785e-06, 3.821586494361805e-06, 3.821586494361805e-06, 0.5092168304256], [1782880020, 3.821586494361805e-06, 3.822640150096354e-06, 3.821586494361805e-06, 3.822640150096354e-06, 1.855369842223281], [1782881400, 3.822640150096354e-06, 3.833642787877474e-06, 3.822640150096354e-06, 3.833642787877474e-06, 1.046252894803988], [1782881820, 3.833642787877474e-06, 3.833642787877474e-06, 3.804837897036134e-06, 3.804837897036134e-06, 12.441972272970784], [1782882660, 3.804837897036134e-06, 3.804837897036134e-06, 3.782096864694122e-06, 3.782096864694122e-06, 0.1542536478808149], [1782882960, 3.782096864694122e-06, 3.7843839467619753e-06, 3.782096864694122e-06, 3.7843839467619753e-06, 0.02948619520724861], [1782883260, 3.7843839467619753e-06, 3.842392565936154e-06, 3.7843839467619753e-06, 3.842392565936154e-06, 15.181853977309855], [1782884760, 3.842392565936154e-06, 3.876009041453482e-06, 3.842392565936154e-06, 3.876009041453482e-06, 3.496866826196655], [1782884820, 3.876009041453482e-06, 3.876009041453482e-06, 3.829176781478735e-06, 3.829176781478735e-06, 0.03310790741030127], [1782885480, 3.829176781478735e-06, 3.829176781478735e-06, 3.827095583267738e-06, 3.827095583267738e-06, 0.3834495019989677], [1782885540, 3.827095583267738e-06, 3.887727819889985e-06, 3.827095583267738e-06, 3.887727819889985e-06, 7.24719689548247], [1782885900, 3.887727819889985e-06, 3.887727819889985e-06, 3.84084027506393e-06, 3.84084027506393e-06, 0.7509166392569965], [1782887460, 3.84084027506393e-06, 3.84084027506393e-06, 3.81707616639991e-06, 3.81707616639991e-06, 3.4436986283046425], [1782887700, 3.81707616639991e-06, 3.81707616639991e-06, 3.7912185994321567e-06, 3.7912185994321567e-06, 2.064275567538459], [1782887880, 3.7912185994321567e-06, 3.7912185994321567e-06, 3.760813985346024e-06, 3.760813985346024e-06, 3.792579468916848], [1782888540, 3.760813985346024e-06, 3.760813985346024e-06, 3.676641876667501e-06, 3.6942433966209167e-06, 41.92367248213772], [1782889260, 3.6942433966209167e-06, 3.6942433966209167e-06, 3.6855057888737784e-06, 3.6855057888737784e-06, 0.030690003451335417], [1782889800, 3.6855057888737784e-06, 3.6855057888737784e-06, 3.684693827579923e-06, 3.684693827579923e-06, 0.04281486965692454], [1782889860, 3.684693827579923e-06, 3.6916495561298223e-06, 3.684693827579923e-06, 3.6916495561298223e-06, 3.644836921713467], [1782890280, 3.6916495561298223e-06, 3.6916495561298223e-06, 3.6390398787246213e-06, 3.6390398787246213e-06, 14.652228739777595], [1782891060, 3.6390398787246213e-06, 3.6390398787246213e-06, 3.0821619846966398e-06, 3.0821619846966398e-06, 179.39703394115344], [1782891120, 3.0821619846966398e-06, 3.0821619846966398e-06, 3.0608784533995135e-06, 3.0608784533995135e-06, 17.009579393455752], [1782891180, 3.0608784533995135e-06, 3.0829788667554e-06, 3.0608784533995135e-06, 3.0829788667554e-06, 2.3245046289343816], [1782891240, 3.0829788667554e-06, 3.0829788667554e-06, 3.0437255842141175e-06, 3.082535175798678e-06, 0.45242310723452706], [1782891300, 3.082535175798678e-06, 3.084268275036266e-06, 3.0799470890057437e-06, 3.0799470890057437e-06, 0.11075579360901014], [1782891960, 3.0799470890057437e-06, 3.0799470890057437e-06, 3.043816931504133e-06, 3.043816931504133e-06, 0.0023604247029210914], [1782892080, 3.043816931504133e-06, 3.0886946713495654e-06, 3.043816931504133e-06, 3.0886946713495654e-06, 0.04348608653885456], [1782893220, 3.0886946713495654e-06, 3.0886946713495654e-06, 3.0577087836512592e-06, 3.0577087836512592e-06, 0.8938936447964573], [1782894300, 3.0577087836512592e-06, 3.093281785151378e-06, 3.0577087836512592e-06, 3.093281785151378e-06, 7.367483386843289], [1782895620, 3.093281785151378e-06, 3.4615744818828134e-06, 3.093281785151378e-06, 3.4513555969286047e-06, 132.05013704274594], [1782895680, 3.4513555969286047e-06, 3.4513555969286047e-06, 3.4505746911289424e-06, 3.4505746911289424e-06, 0.09204167232673702], [1782895740, 3.4505746911289424e-06, 3.4505746911289424e-06, 3.448662073285243e-06, 3.448662073285243e-06, 0.008950128351258036], [1782895800, 3.448662073285243e-06, 3.448662073285243e-06, 3.446942557843103e-06, 3.446942557843103e-06, 0.1122093999778285], [1782895860, 3.446942557843103e-06, 3.498738021043146e-06, 3.446942557843103e-06, 3.498738021043146e-06, 0.9644221728030657], [1782896220, 3.498738021043146e-06, 3.5187274716874868e-06, 3.498738021043146e-06, 3.5187274716874868e-06, 2.9431431934810415], [1782896400, 3.5187274716874868e-06, 3.5187274716874868e-06, 3.401900463424371e-06, 3.448291502066454e-06, 30.47254880644398], [1782896460, 3.448291502066454e-06, 3.448291502066454e-06, 3.4373084858146685e-06, 3.441823485067054e-06, 2.9982990798779103], [1782896820, 3.441823485067054e-06, 3.441823485067054e-06, 3.4088942991618916e-06, 3.4088942991618916e-06, 0.0010329629698606385], [1782897420, 3.4088942991618916e-06, 3.4576610479608316e-06, 3.4088942991618916e-06, 3.4576610479608316e-06, 4.900454058101272], [1782898500, 3.4576610479608316e-06, 3.4576610479608316e-06, 3.3433447876435856e-06, 3.3433447876435856e-06, 25.688574313619878], [1782899640, 3.3433447876435856e-06, 3.3433447876435856e-06, 3.3048702123504157e-06, 3.3156486155591514e-06, 24.196502197737328], [1782900960, 3.3156486155591514e-06, 3.3156486155591514e-06, 3.2622388451307714e-06, 3.2622388451307714e-06, 6.33666672445655], [1782903000, 3.2622388451307714e-06, 3.2622388451307714e-06, 3.245144336372189e-06, 3.245144336372189e-06, 0.8945194333271386], [1782905880, 3.245144336372189e-06, 3.245144336372189e-06, 3.2332481173359356e-06, 3.2332481173359356e-06, 0.8214688570485573], [1782910560, 3.2332481173359356e-06, 3.2539232116944737e-06, 3.2332481173359356e-06, 3.2539232116944737e-06, 0.14701341282676175], [1782912900, 3.2539232116944737e-06, 3.2539232116944737e-06, 3.221902806184971e-06, 3.221902806184971e-06, 12.730208351490406], [1782913500, 3.221902806184971e-06, 3.221902806184971e-06, 3.208395324026955e-06, 3.208395324026955e-06, 3.677074209069071], [1782914160, 3.208395324026955e-06, 3.2682592168082524e-06, 3.208395324026955e-06, 3.2682592168082524e-06, 0.7498765593659992], [1782914460, 3.2682592168082524e-06, 3.2682592168082524e-06, 3.2205071818699253e-06, 3.2205071818699253e-06, 0.006638963852133248], [1782914580, 3.2205071818699253e-06, 3.260528676377389e-06, 3.2205071818699253e-06, 3.260528676377389e-06, 0.0008197496645952594], [1782915900, 3.260528676377389e-06, 3.260528676377389e-06, 3.2437641392850365e-06, 