{"pair": "8GU4TY8ZXZdgUTqn79h2cuSd65u73oFmXY25RAVtvZ45", "n_bars": 140, "span": [1782931558.0, 1782944602.0], "bars": [[1782931560, 3.003450352470112e-05, 3.003450352470112e-05, 2.3777044157301265e-05, 2.5638310728317077e-05, 1384.2235049319443], [1782931620, 2.5638310728317077e-05, 2.5638310728317077e-05, 2.5291423364808145e-05, 2.5579735767692083e-05, 10.288551080154466], [1782931680, 2.5579735767692083e-05, 2.5579735767692083e-05, 2.4960809747888267e-05, 2.4960809747888267e-05, 83.86853894121015], [1782931740, 2.4960809747888267e-05, 2.516261446274979e-05, 2.4960809747888267e-05, 2.516261446274979e-05, 38.133054770503314], [1782931800, 2.516261446274979e-05, 2.5338535103397217e-05, 2.516261446274979e-05, 2.5338535103397217e-05, 2.1785859278145474], [1782931860, 2.5338535103397217e-05, 2.5588507756182934e-05, 2.5338535103397217e-05, 2.5588507756182934e-05, 36.93261596901013], [1782931920, 2.5588507756182934e-05, 2.5588507756182934e-05, 2.5117242825134576e-05, 2.5117242825134576e-05, 30.69948155402628], [1782931980, 2.5117242825134576e-05, 2.5117242825134576e-05, 2.5013511406484363e-05, 2.5013511406484363e-05, 1.0534539788065214], [1782932100, 2.5013511406484363e-05, 2.5013511406484363e-05, 2.4303064700933153e-05, 2.4844151247543696e-05, 291.4392983226129], [1782932160, 2.4844151247543696e-05, 2.541401910412479e-05, 2.4844151247543696e-05, 2.541401910412479e-05, 0.10407951552303511], [1782932220, 2.541401910412479e-05, 2.541401910412479e-05, 2.4826993971299703e-05, 2.5150784993275702e-05, 34.11501820267455], [1782932340, 2.5150784993275702e-05, 2.5150784993275702e-05, 2.4027339155640413e-05, 2.433008992744875e-05, 115.50858675416299], [1782932460, 2.433008992744875e-05, 2.433008992744875e-05, 2.4020217673273046e-05, 2.4020217673273046e-05, 3.287815985460534], [1782932640, 2.4020217673273046e-05, 2.4020217673273046e-05, 2.3789909239506286e-05, 2.3789909239506286e-05, 70.23599990083116], [1782932700, 2.3789909239506286e-05, 2.38707575864369e-05, 2.3789909239506286e-05, 2.38707575864369e-05, 0.07968853537485614], [1782932760, 2.38707575864369e-05, 2.38707575864369e-05, 2.2945778891292123e-05, 2.2945778891292123e-05, 130.9150528576952], [1782932820, 2.2945778891292123e-05, 2.345945972518656e-05, 2.2945778891292123e-05, 2.345945972518656e-05, 79.77382719855939], [1782932880, 2.345945972518656e-05, 2.345945972518656e-05, 2.2780114146802442e-05, 2.2780114146802442e-05, 95.91828448368155], [1782933060, 2.2780114146802442e-05, 2.2780114146802442e-05, 2.248820335385957e-05, 2.248820335385957e-05, 8.078218571665564], [1782933120, 2.248820335385957e-05, 2.2707156026124615e-05, 2.236694362172622e-05, 2.2707156026124615e-05, 59.0955062789427], [1782933240, 2.2707156026124615e-05, 2.2707156026124615e-05, 2.2359765455024446e-05, 2.2359765455024446e-05, 56.228746596155645], [1782933300, 2.2359765455024446e-05, 2.2533620164978554e-05, 2.2359765455024446e-05, 2.2533620164978554e-05, 20.387932727082113], [1782933360, 2.2533620164978554e-05, 2.2533620164978554e-05, 2.2144825768013613e-05, 2.2307210234122532e-05, 66.32448228907515], [1782933420, 2.2307210234122532e-05, 2.242289674695344e-05, 2.2307210234122532e-05, 2.242289674695344e-05, 15.308445517850922], [1782933600, 2.242289674695344e-05, 2.242289674695344e-05, 2.2073854111534154e-05, 2.2073854111534154e-05, 17.108938380233997], [1782933960, 2.2073854111534154e-05, 2.2270446860560997e-05, 2.2073854111534154e-05, 2.2270446860560997e-05, 4.483777656150323], [1782934080, 2.2270446860560997e-05, 2.2270446860560997e-05, 2.111366917456298e-05, 2.111366917456298e-05, 164.36317595085487], [1782934200, 2.111366917456298e-05, 2.111366917456298e-05, 2.1103375433845573e-05, 2.1103375433845573e-05, 9.60208362952217], [1782934260, 2.1103375433845573e-05, 2.1103375433845573e-05, 2.0965792892947337e-05, 2.0965792892947337e-05, 12.51429123086662], [1782934320, 2.0965792892947337e-05, 2.0965792892947337e-05, 1.817524885192746e-05, 1.893544917182882e-05, 703.1596874143628], [1782934380, 1.893544917182882e-05, 1.9122436742272763e-05, 1.893544917182882e-05, 1.9122436742272763e-05, 29.578330458845826], [1782934500, 1.9122436742272763e-05, 1.9772297591990628e-05, 1.9122436742272763e-05, 1.9772297591990628e-05, 174.02750559540033], [1782934620, 1.9772297591990628e-05, 2.0269277214188252e-05, 1.9772297591990628e-05, 2.0269277214188252e-05, 3.78738075002], [1782934740, 2.0269277214188252e-05, 2.029333158955526e-05, 1.987849211798136e-05, 1.987849211798136e-05, 32.184447916412616], [1782934800, 1.987849211798136e-05, 2.014505107252938e-05, 1.987849211798136e-05, 2.014505107252938e-05, 19.057945689957364], [1782934860, 2.014505107252938e-05, 2.014505107252938e-05, 1.852625323325106e-05, 1.852625323325106e-05, 322.89965622780267], [1782934920, 1.852625323325106e-05, 1.8894906374415316e-05, 1.852625323325106e-05, 1.8894906374415316e-05, 0.17374828131488781], [1782934980, 1.8894906374415316e-05, 1.8894906374415316e-05, 1.8627802276507845e-05, 1.885284413777089e-05, 9.118549931585179], [1782935040, 1.885284413777089e-05, 1.9556502292465464e-05, 1.885284413777089e-05, 1.9556502292465464e-05, 131.52044893152805], [1782935100, 1.9556502292465464e-05, 2.2564859836110243e-05, 1.9556502292465464e-05, 2.1601342600996064e-05, 666.2375962986122], [1782935160, 2.1601342600996064e-05, 2.1601342600996064e-05, 2.1248910443554613e-05, 2.1248910443554613e-05, 11.986180649413944], [1782935280, 2.1248910443554613e-05, 2.1663628479237107e-05, 2.1093757584896003e-05, 2.1663628479237107e-05, 118.38193828200417], [1782935340, 2.1663628479237107e-05, 2.1952852635560096e-05, 2.1642065348158783e-05, 2.164795943928641e-05, 6.810037368857058], [1782935400, 2.164795943928641e-05, 2.164795943928641e-05, 2.107252785827324e-05, 2.107252785827324e-05, 169.84939415222843], [1782935520, 2.107252785827324e-05, 2.107252785827324e-05, 2.0439033247376994e-05, 2.0439033247376994e-05, 11.414810990426032], [1782935640, 2.0439033247376994e-05, 2.0848498781987817e-05, 2.0439033247376994e-05, 2.0848498781987817e-05, 48.6074697125775], [1782935760, 2.0848498781987817e-05, 2.0848498781987817e-05, 2.0645709574453306e-05, 2.0645709574453306e-05, 16.44320938477398], [1782936120, 2.0645709574453306e-05, 2.0645709574453306e-05, 2.0144637264533043e-05, 2.0210478303098782e-05, 99.78083645177821], [1782936180, 2.0210478303098782e-05, 2.032819818875352e-05, 2.0210478303098782e-05, 2.032819818875352e-05, 24.283523587249476], [1782936360, 2.032819818875352e-05, 2.0330323340901458e-05, 2.0062360836920384e-05, 2.0330323340901458e-05, 10.51464327350076], [1782936420, 2.0330323340901458e-05, 2.1210875375133913e-05, 2.0330323340901458e-05, 2.1210875375133913e-05, 130.77167833471134], [1782936840, 2.1210875375133913e-05, 2.1210875375133913e-05, 2.0210238104722474e-05, 2.0210238104722474e-05, 117.36742422071453], [1782936900, 2.0210238104722474e-05, 2.0439583738007288e-05, 2.0210238104722474e-05, 2.0439583738007288e-05, 10.605408769104947], [1782936960, 2.0439583738007288e-05, 2.0439583738007288e-05, 1.9873346531962787e-05, 1.9873346531962787e-05, 53.62004241215814], [1782937020, 1.9873346531962787e-05, 2.0110299751494258e-05, 1.9873346531962787e-05, 2.0110299751494258e-05, 3.74896038839735], [1782937260, 2.0110299751494258e-05, 2.0110299751494258e-05, 1.981256870489948e-05, 1.981256870489948e-05, 18.31474855861461], [1782937320, 1.981256870489948e-05, 1.981256870489948e-05, 1.930932329894268e-05, 1.930999999472579e-05, 106.91849433545056], [1782937380, 1.930999999472579e-05, 1.936452769930297e-05, 1.930999999472579e-05, 1.936452769930297e-05, 7.068332477895652], [1782937500, 1.936452769930297e-05, 1.936452769930297e-05, 1.9111915709842782e-05, 1.9111915709842782e-05, 0.18072032154248052], [1782937740, 1.9111915709842782e-05, 1.914417013255252e-05, 1.9111915709842782e-05, 1.914417013255252e-05, 1.1234785865020103], [1782937800, 1.914417013255252e-05, 1.9560060887849063e-05, 1.914417013255252e-05, 1.9560060887849063e-05, 52.41662238212645], [1782937920, 1.9560060887849063e-05, 1.9789283987389428e-05, 