{"pair": "A2jj6G4y49HS3Dh2wpvjkH7VeVvRaYvRKyCwy197smmz", "n_bars": 154, "span": [1782953846.0, 1782965902.0], "bars": [[1782953880, 0.0004694102553425104, 0.0005056665630968657, 0.0004584324339747231, 0.0005010097947440323, 2704.638951651024], [1782953940, 0.0005010097947440323, 0.0005010097947440323, 0.00048187462038188603, 0.0004902298340942957, 1014.9882291614426], [1782954000, 0.0004902298340942957, 0.0004986222523057298, 0.00048041688755337444, 0.00048107627521587243, 1209.4482216709198], [1782954060, 0.00048107627521587243, 0.0005092325909421275, 0.00048107627521587243, 0.0004992654506140012, 1279.6422784492252], [1782954120, 0.0004992654506140012, 0.0005049065660521241, 0.00048582033109692243, 0.0004929450289160178, 948.0167980749054], [1782954180, 0.0004929450289160178, 0.0005057692040834152, 0.0004012363108601545, 0.00046753352758526704, 8686.013925507128], [1782954240, 0.00046753352758526704, 0.00048779330168317934, 0.00046367543437488224, 0.00048037651463388376, 1941.3020875640261], [1782954300, 0.00048037651463388376, 0.00048037651463388376, 0.00045374392797475937, 0.00045374392797475937, 1271.3160745536989], [1782954360, 0.00045374392797475937, 0.0004578341864705572, 0.00041620517614252624, 0.00041620517614252624, 1872.5047733809902], [1782954420, 0.00041620517614252624, 0.0004361363333293362, 0.00041620517614252624, 0.0004254911495527822, 1069.9122165261936], [1782954480, 0.0004254911495527822, 0.00043964896457559247, 0.0004228922970949079, 0.0004286464641611997, 1357.8667198541586], [1782954540, 0.0004286464641611997, 0.000434115668898539, 0.0003936114197458115, 0.00039832088665601854, 2633.922196249849], [1782954600, 0.00039832088665601854, 0.0003997152088677388, 0.00038138659503940647, 0.00039322999809273984, 1831.3529631677488], [1782954660, 0.00039322999809273984, 0.00039752973947998997, 0.0003765500278542887, 0.0003852505704794932, 1050.0294354096745], [1782954720, 0.0003852505704794932, 0.00038565675794142247, 0.00036433789912116696, 0.0003695150191920869, 1514.1687237473468], [1782954780, 0.0003695150191920869, 0.0003826186022115936, 0.00036017654849524583, 0.0003664872192329935, 1699.272452717648], [1782954840, 0.0003664872192329935, 0.00036835924550480715, 0.0003521175033844243, 0.00035927788005340447, 966.8532747272054], [1782954900, 0.00035927788005340447, 0.0003649546626103134, 0.00033587711883303493, 0.00034328924621789686, 1828.7482635984627], [1782954960, 0.00034328924621789686, 0.00034328924621789686, 0.00029934127264538967, 0.0003064172067727895, 2578.411395573912], [1782955020, 0.0003064172067727895, 0.0003140219900597337, 0.0003030665725762078, 0.00030595329655373396, 1050.2088374646344], [1782955080, 0.00030595329655373396, 0.00032241504905096223, 0.00030595329655373396, 0.0003169820354469266, 1567.504706290008], [1782955140, 0.0003169820354469266, 0.0003219679924018107, 0.0003100752213262953, 0.0003127100676337163, 721.4772384707229], [1782955200, 0.0003127100676337163, 0.00031893426254063284, 0.00025340759265995245, 0.0002543305334428624, 3320.353553035477], [1782955260, 0.0002543305334428624, 0.0002799214614970043, 0.0002489552808551729, 0.00027582341717286566, 2487.111661760427], [1782955320, 0.00027582341717286566, 0.0002898347883771389, 0.00027071835167542736, 0.0002840415881197494, 1717.6383173392678], [1782955380, 0.0002840415881197494, 0.0002936842409337121, 0.0002794002118421422, 0.00028806700795375276, 1435.1637821339884], [1782955440, 0.00028806700795375276, 0.00030599719610693637, 0.00028241962904031247, 0.0002985559416585483, 2122.7696070840316], [1782955500, 0.0002985559416585483, 0.00030625021960488966, 0.0002864539402971418, 0.0003041770089411646, 2469.585702871212], [1782955560, 0.0003041770089411646, 0.000307311556050457, 0.000299964962611208, 0.0003068648357232755, 771.102661153799], [1782955620, 0.0003068648357232755, 0.0003068648357232755, 0.000291706496361139, 0.0002988303659379883, 1078.2758161512897], [1782955680, 0.0002988303659379883, 0.00031763481046497894, 0.0002988303659379883, 0.0003011169795033923, 1921.242352789375], [1782955740, 0.0003011169795033923, 0.00031729982685576376, 0.0002952610173479037, 0.0003101966597173198, 2228.790754654412], [1782955800, 0.0003101966597173198, 0.00032305892513397966, 0.0003101966597173198, 0.0003171739533474754, 869.1834473698189], [1782955860, 0.0003171739533474754, 0.00032469417591484816, 0.0003084774064377202, 0.000317384349760292, 1477.7886850771695], [1782955920, 0.000317384349760292, 0.0003239243342877874, 0.00031299354793387207, 0.000317702342609671, 1004.251341830752], [1782955980, 0.000317702342609671, 0.0003238109714498269, 0.0003142591221052562, 0.00032059406159881264, 1238.8478403294805], [1782956040, 0.00032059406159881264, 0.0003269179295365435, 0.00031420705192701585, 0.0003269179295365435, 1542.301150992147], [1782956100, 0.0003269179295365435, 0.0003269179295365435, 0.0003099026402241434, 0.0003099026402241434, 1522.0563476118998], [1782956160, 0.0003099026402241434, 0.00032362062898435125, 0.0003092843133899012, 0.0003144416938969275, 1833.3703018862652], [1782956220, 0.0003144416938969275, 0.00031561495574086403, 0.0003059581066182829, 0.00031051568495929586, 1190.4733159952384], [1782956280, 0.00031051568495929586, 0.0003172303180131348, 0.0003046797038040908, 0.00030691582872568784, 1317.24139282415], [1782956340, 0.00030691582872568784, 0.0003082071164091545, 0.00028580269735330264, 0.00028580269735330264, 803.5939416447723], [1782956400, 0.00028580269735330264, 0.0002884809944358651, 0.0002704119774107804, 0.0002734756371659638, 600.6999065742635], [1782956460, 0.0002734756371659638, 0.0002830308312549877, 0.0002734756371659638, 0.0002825331664024606, 600.5934002302179], [1782956520, 0.0002825331664024606, 0.0002900922678547959, 0.0002791052646152572, 0.0002900922678547959, 467.18403048558446], [1782956580, 0.0002900922678547959, 0.00029725337367411155, 0.0002891306604161443, 0.00029725337367411155, 630.8725840328298], [1782956640, 0.00029725337367411155, 0.0002992788923980971, 0.00029459143140877304, 0.000298521492032894, 194.5794274858851], [1782956700, 0.000298521492032894, 0.00029917015044031507, 0.00029171650593197163, 0.000292072708102397, 230.12496762075224], [1782956760, 0.000292072708102397, 0.00029874336462546185, 0.0002919509523196238, 0.0002931735580663677, 327.38221339173873], [1782956820, 0.0002931735580663677, 0.0003087922412933959, 0.0002931735580663677, 0.00030547224647650435, 784.8994888570891], [1782956880, 0.00030547224647650435, 0.0003196972538780817, 0.00030483220667282284, 0.00031592494539485694, 810.8377294080523], [1782956940, 0.00031592494539485694, 0.0003192771170348322, 0.00031532970653098697, 0.0003192771170348322, 8.117763195477965], [1782957000, 0.0003192771170348322, 0.0003192771170348322, 0.0002873476750710591, 0.0002909724884088746, 995.8442102515969], [1782957060, 0.0002909724884088746, 0.00029442745206513375, 0.00028983628663307987, 0.00028983628663307987, 410.9417472106422], [1782957120, 0.00028983628663307987, 0.0003023398763888192, 0.00028911396726664473, 0.0003023398763888192, 608.0162070078765], [1782957180, 0.0003023398763888192, 0.0003096093621681665, 0.0002996553601298424, 0.0003096093621681665, 548.5327610527216], [1782957240, 0.0003096093621681665, 0.00031430038622971314, 0.0003062219942626455, 0.000309346868466108, 497.89296278074977], [1782957300, 0.000309346868466108, 0.00032485614837972305, 0.000309346868466108, 0.000319222245976129, 750.4172869891338], [1782957360, 0.000319222245976129, 0.0003419968778942047, 0.000319222245976129, 0.00034198121202195283, 1152.9930683225573], [1782957420, 0.00034198121202195283, 0.00034944019838999347, 0.0003363344495745308, 0.00034360801438430545, 730.7102253513556], [1782957480, 0.00034360801438430545, 0.0003565503363309809, 0.00034330821157903116, 0.00035286639133265884, 468.22950713037324], [1782957540, 0.00035286639133265884, 0.00036152196014924235, 0.0003376344127545003, 0.00034801157002072806, 2067.1514857551965], [1782957600, 