{"pair": "4EqYAxS2ssXftQ18TBkDyR37bAjLfSLY56DaecCSrp2i", "n_bars": 102, "span": [1782876587.0, 1782943543.0], "bars": [[1782877260, 1.4532515574161998e-05, 1.5278519554284013e-05, 1.4532515574161998e-05, 1.5278519554284013e-05, 241.36945540132612], [1782877380, 1.5278519554284013e-05, 1.5974468932163645e-05, 1.5278519554284013e-05, 1.5974468932163645e-05, 22.740407493992095], [1782877680, 1.5974468932163645e-05, 1.6003395017117312e-05, 1.5974468932163645e-05, 1.6003395017117312e-05, 6.371539275843313], [1782878040, 1.6003395017117312e-05, 1.6003395017117312e-05, 1.5785719406726494e-05, 1.5785719406726494e-05, 10.750648670936588], [1782878160, 1.5785719406726494e-05, 1.5785719406726494e-05, 1.5761486491250673e-05, 1.5761486491250673e-05, 0.8595555010553528], [1782878340, 1.5761486491250673e-05, 1.5761486491250673e-05, 1.5626836306743583e-05, 1.5626836306743583e-05, 52.54112250406267], [1782878400, 1.5626836306743583e-05, 1.5826564817566626e-05, 1.5626836306743583e-05, 1.5826564817566626e-05, 52.73414426601294], [1782879000, 1.5826564817566626e-05, 1.6150606262945926e-05, 1.5826564817566626e-05, 1.6150606262945926e-05, 81.88279946576093], [1782879420, 1.6150606262945926e-05, 1.6383191643888786e-05, 1.6150606262945926e-05, 1.6383191643888786e-05, 4.072774580243855], [1782879480, 1.6383191643888786e-05, 1.6383191643888786e-05, 1.6098705422941205e-05, 1.6098705422941205e-05, 30.717336647640003], [1782879840, 1.6098705422941205e-05, 1.6254880059587058e-05, 1.6098705422941205e-05, 1.6254880059587058e-05, 9.804525801996752], [1782880140, 1.6254880059587058e-05, 1.6254880059587058e-05, 1.606980925181142e-05, 1.606980925181142e-05, 0.18720186177504075], [1782880680, 1.606980925181142e-05, 1.606980925181142e-05, 1.6038782630211317e-05, 1.6038782630211317e-05, 12.11013881379709], [1782881100, 1.6038782630211317e-05, 1.6225801712614987e-05, 1.6038782630211317e-05, 1.6225801712614987e-05, 3.6939403496978445], [1782881700, 1.6225801712614987e-05, 1.6248265875280025e-05, 1.6225801712614987e-05, 1.6248265875280025e-05, 5.222244991635244], [1782881760, 1.6248265875280025e-05, 1.6248265875280025e-05, 1.5959990831604685e-05, 1.5959990831604685e-05, 24.21353953405372], [1782882840, 1.5959990831604685e-05, 1.5959990831604685e-05, 1.5908701964834785e-05, 1.5908701964834785e-05, 10.196211076802962], [1782882960, 1.5908701964834785e-05, 1.5908701964834785e-05, 1.58707357009445e-05, 1.58707357009445e-05, 5.100905577494171], [1782883620, 1.58707357009445e-05, 1.6194890244628772e-05, 1.58707357009445e-05, 1.6120386126317763e-05, 53.467785412855044], [1782884040, 1.6120386126317763e-05, 1.6330202483577747e-05, 1.6120386126317763e-05, 1.6330202483577747e-05, 0.7425817294443675], [1782884220, 1.6330202483577747e-05, 1.6389884703361096e-05, 1.6330202483577747e-05, 1.6389884703361096e-05, 22.869446434929337], [1782885000, 1.6389884703361096e-05, 1.6389884703361096e-05, 1.6145867764760197e-05, 1.6145867764760197e-05, 41.00157472309302], [1782885420, 1.6145867764760197e-05, 1.6145867764760197e-05, 1.6032200332978093e-05, 1.6032200332978093e-05, 0.11761832064444236], [1782885660, 1.6032200332978093e-05, 1.6032200332978093e-05, 1.5943811973184727e-05, 1.5943811973184727e-05, 36.45575575793287], [1782885900, 1.5943811973184727e-05, 1.5943811973184727e-05, 1.538653338079555e-05, 1.538653338079555e-05, 187.07310885203296], [1782889800, 1.538653338079555e-05, 1.538653338079555e-05, 1.4891262064288066e-05, 1.4891262064288066e-05, 18.880708704870685], [1782889980, 1.4891262064288066e-05, 1.4891262064288066e-05, 1.4796174278895533e-05, 1.4796174278895533e-05, 20.645680017729994], [1782890760, 1.4796174278895533e-05, 1.4796174278895533e-05, 1.4493038652447982e-05, 1.4493038652447982e-05, 105.9067003997542], [1782892380, 1.4493038652447982e-05, 1.4493038652447982e-05, 1.4196582619087306e-05, 1.4196582619087306e-05, 19.942855110262638], [1782892560, 1.4196582619087306e-05, 1.4196582619087306e-05, 1.4149603391822185e-05, 1.4149603391822185e-05, 0.13094095479480677], [1782892680, 1.4149603391822185e-05, 1.4149603391822185e-05, 1.41465613081423e-05, 1.41465613081423e-05, 1.1600180272676686], [1782894240, 1.41465613081423e-05, 1.4360124775408213e-05, 1.41465613081423e-05, 1.4360124775408213e-05, 14.543353658952926], [1782894360, 1.4360124775408213e-05, 1.46166318008793e-05, 1.4360124775408213e-05, 1.46166318008793e-05, 94.64257095190858], [1782894780, 1.46166318008793e-05, 1.46166318008793e-05, 1.4440609456621274e-05, 1.4440609456621274e-05, 89.49533933280415], [1782897540, 1.4440609456621274e-05, 1.4440609456621274e-05, 1.4226811570305702e-05, 1.4226811570305702e-05, 0.007396924045510674], [1782898140, 1.4226811570305702e-05, 1.4616130128836313e-05, 1.4226811570305702e-05, 1.4616130128836313e-05, 86.61592444012224], [1782898740, 1.4616130128836313e-05, 1.484427884960161e-05, 1.4616130128836313e-05, 1.484427884960161e-05, 8.16597630324259], [1782898800, 1.484427884960161e-05, 1.4880203680351886e-05, 1.484427884960161e-05, 1.4880203680351886e-05, 7.480434993215518], [1782900660, 1.4880203680351886e-05, 1.4918890315416773e-05, 1.4880203680351886e-05, 1.4918890315416773e-05, 8.826164058603108], [1782900720, 1.4918890315416773e-05, 1.4918890315416773e-05, 1.4662659258771205e-05, 1.4662659258771205e-05, 36.62674950239251], [1782901680, 1.4662659258771205e-05, 1.4662659258771205e-05, 1.4565141452197349e-05, 1.4565141452197349e-05, 4.308441354407998], [1782901980, 1.4565141452197349e-05, 1.4565141452197349e-05, 1.4542968397241868e-05, 1.4542968397241868e-05, 4.301882454377712], [1782903360, 1.4542968397241868e-05, 1.4542968397241868e-05, 1.4494968980541129e-05, 1.4494968980541129e-05, 17.619301962191784], [1782904380, 1.4494968980541129e-05, 1.4494968980541129e-05, 1.4103571913689035e-05, 1.4103571913689035e-05, 145.72454402494424], [1782905340, 1.4103571913689035e-05, 1.4103571913689035e-05, 1.3954067694317375e-05, 1.3954067694317375e-05, 4.5529268301115335], [1782905400, 1.3954067694317375e-05, 1.3954067694317375e-05, 1.3675761164074172e-05, 1.3675761164074172e-05, 49.11928841524777], [1782906180, 1.3675761164074172e-05, 1.3675761164074172e-05, 1.355005919908982e-05, 1.355005919908982e-05, 5.669747516753202], [1782906960, 1.355005919908982e-05, 1.355005919908982e-05, 1.3531246021938046e-05, 1.3531246021938046e-05, 2.512220222380565], [1782907200, 1.3531246021938046e-05, 1.3531246021938046e-05, 1.3444375958815148e-05, 1.3444375958815148e-05, 23.065030360107297], [1782907260, 1.3444375958815148e-05, 1.3444375958815148e-05, 1.3356856264104934e-05, 1.3356856264104934e-05, 30.663374137549198], [1782907800, 1.3356856264104934e-05, 1.3356856264104934e-05, 1.3088133834847443e-05, 1.3088133834847443e-05, 84.74555916624428], [1782908160, 1.3088133834847443e-05, 1.3088133834847443e-05, 1.284448489499018e-05, 1.284448489499018e-05, 24.070867378070783], [1782908280, 1.284448489499018e-05, 1.284448489499018e-05, 1.2785371410178868e-05, 1.2785371410178868e-05, 2.330121596149549], [1782908460, 1.2785371410178868e-05, 1.2785371410178868e-05, 1.276731802955537e-05, 1.276731802955537e-05, 5.824256833173795], [1782908880, 1.276731802955537e-05, 1.276731802955537e-05, 1.2743740841744e-05, 1.2743740841744e-05, 5.615794236219671], [1782909120, 1.2743740841744e-05, 1.2743740841744e-05, 1.2720657023630695e-05, 1.2720657023630695e-05, 3.99550427152919], [1782910020, 1.2720657023630695e-05, 1.2720657023630695e-05, 1.2641395200591624e-05, 1.2641395200591624e-05, 31.60348800147906], [1782910200, 1.2641395200591624e-05, 1.2641395200591624e-05, 1.2567361708411609e-05, 1.2567361708411609e-05, 2.7882145231901676], [1782910260, 1.2567361708411609e-05, 1.2720486818451499e-05, 1.2567361708411609e-05, 1.2720486818451499e-05, 0.7357722300326397], [1782910980, 1.2720486818451499e-05, 1.2720486818451499e-05, 1.2507154915897644e-05, 1.2507154915897644e-05, 25.014309831795288], [1782911400, 1.2507154915897644e-05, 1.2507154915897644e-05, 1.1586967997864435e-05, 1.1586967997864435e-05, 393.2999111136273], [1782911580, 1.1586967997864435e-05, 