{"pair": "HBXrPXKJzUZeJTYepVQ9izCXytJP8RPoSRHsgpG7CCcv", "n_bars": 116, "span": [1782932661.0, 1782944529.0], "bars": [[1782932760, 0.00010601465075013064, 0.00010768252557443695, 0.00010601465075013064, 0.00010768252557443695, 18.97391971386737], [1782932820, 0.00010768252557443695, 0.00010768252557443695, 0.00010509843397948343, 0.00010624050064889318, 137.40372215450935], [1782932880, 0.00010624050064889318, 0.00010624050064889318, 9.974737493368896e-05, 9.974737493368896e-05, 349.18239073024876], [1782932940, 9.974737493368896e-05, 9.974737493368896e-05, 9.769178458127828e-05, 9.769178458127828e-05, 87.1902522993517], [1782933060, 9.769178458127828e-05, 9.997554948046978e-05, 9.769178458127828e-05, 9.997554948046978e-05, 182.7264087489509], [1782933120, 9.997554948046978e-05, 0.0001012954031829095, 9.997554948046978e-05, 0.0001012954031829095, 21.622929405746923], [1782933180, 0.0001012954031829095, 0.0001012954031829095, 9.938120075821648e-05, 9.938120075821648e-05, 80.57971562073689], [1782933240, 9.938120075821648e-05, 9.938120075821648e-05, 9.664484416536302e-05, 9.664484416536302e-05, 138.59070257696683], [1782933540, 9.664484416536302e-05, 9.664484416536302e-05, 9.628579208949694e-05, 9.628579208949694e-05, 41.52173877564016], [1782933600, 9.628579208949694e-05, 9.628579208949694e-05, 9.569643949927734e-05, 9.569643949927734e-05, 34.67474894016319], [1782933720, 9.569643949927734e-05, 9.889210066229794e-05, 9.569643949927734e-05, 9.889210066229794e-05, 141.63999813275166], [1782934140, 9.889210066229794e-05, 9.889210066229794e-05, 9.413257341299088e-05, 9.579125701715122e-05, 204.42016763249404], [1782934200, 9.579125701715122e-05, 9.579125701715122e-05, 9.534286646902741e-05, 9.567940789118135e-05, 24.470499758319313], [1782934260, 9.567940789118135e-05, 9.894912169584674e-05, 9.567940789118135e-05, 9.894912169584674e-05, 202.21552253580796], [1782934320, 9.894912169584674e-05, 9.894912169584674e-05, 9.771194949180422e-05, 9.771194949180422e-05, 4.394150393937823], [1782934380, 9.771194949180422e-05, 0.00010019489767714559, 9.771194949180422e-05, 0.00010019489767714559, 148.86682846255783], [1782934500, 0.00010019489767714559, 0.00011511758927380707, 0.00010019489767714559, 0.00011508864595232392, 920.7386132586465], [1782934620, 0.00011508864595232392, 0.00011755440206210333, 0.00011508864595232392, 0.00011755440206210333, 102.62977835426695], [1782934680, 0.00011755440206210333, 0.00011755440206210333, 0.00011661666405890604, 0.00011677611333118048, 18.297137331994147], [1782934740, 0.00011677611333118048, 0.00011677611333118048, 0.00011605929909125337, 0.00011605929909125337, 55.098154309894426], [1782934860, 0.00011605929909125337, 0.00011605929909125337, 0.00011470269199393786, 0.00011470269199393786, 89.44077298593089], [1782934920, 0.00011470269199393786, 0.00011470269199393786, 0.00010721715941802754, 0.00010893047492610321, 618.7631455370575], [1782934980, 0.00010893047492610321, 0.00010893047492610321, 0.00010239135239199397, 0.00010366285867197868, 335.3067239690056], [1782935040, 0.00010366285867197868, 0.00010366285867197868, 0.00010248177281680665, 0.00010248177281680665, 6.124049935516607], [1782935280, 0.00010248177281680665, 0.00010929519474582314, 0.00010248177281680665, 0.00010929519474582314, 477.931592085925], [1782935340, 0.00010929519474582314, 0.00011108525103701382, 0.00010929519474582314, 0.00011036756898884525, 102.49603607563215], [1782935400, 0.00011036756898884525, 0.00011701172028026552, 0.00011036756898884525, 0.00011529730901976138, 379.57311884220996], [1782935520, 0.00011529730901976138, 0.00011543319160730319, 0.00011499230523012149, 0.00011543319160730319, 251.02237236971004], [1782935640, 0.00011543319160730319, 0.00011543319160730319, 0.00011203533796589006, 0.00011203533796589006, 305.02106840966866], [1782935820, 0.00011203533796589006, 0.00011203533796589006, 0.00011059820670446314, 0.00011059820670446314, 121.40329933079923], [1782935880, 0.00011059820670446314, 0.00011158230298695211, 0.00010032478708928457, 0.0001022324234881401, 762.4794541281611], [1782935940, 0.0001022324234881401, 0.0001022324234881401, 8.998119443540626e-05, 9.087318989841864e-05, 838.530163225653], [1782936000, 9.087318989841864e-05, 9.199931764211703e-05, 8.657543174663674e-05, 8.7906285483372e-05, 443.84294672726514], [1782936060, 8.7906285483372e-05, 8.826536227257207e-05, 8.7906285483372e-05, 8.826536227257207e-05, 60.831312966377745], [1782936120, 8.826536227257207e-05, 0.00010362951170381431, 8.826536227257207e-05, 0.00010065403287834149, 1207.761049749657], [1782936240, 0.00010065403287834149, 0.0001008629345603216, 9.88098287562978e-05, 9.88098287562978e-05, 69.34064705236275], [1782936360, 9.88098287562978e-05, 9.88098287562978e-05, 9.676403051141013e-05, 9.833825299915474e-05, 346.53139678978334], [1782936420, 9.833825299915474e-05, 0.00010085694535348532, 9.833825299915474e-05, 0.00010085694535348532, 152.82192060935665], [1782936540, 0.00010085694535348532, 0.0001022556402305371, 0.00010085694535348532, 0.0001022556402305371, 19.65817439219823], [1782936600, 0.0001022556402305371, 0.0001022556402305371, 0.00010086004910308312, 0.00010086004910308312, 8.06115531333457], [1782936720, 0.00010086004910308312, 0.00010086004910308312, 8.967236644779674e-05, 9.008677180643501e-05, 827.1719398452432], [1782936780, 9.008677180643501e-05, 9.059344697100406e-05, 9.008677180643501e-05, 9.059344697100406e-05, 38.020395110372306], [1782936840, 9.059344697100406e-05, 9.059344697100406e-05, 8.184248998671842e-05, 8.619631445269714e-05, 1014.9776536960679], [1782936900, 8.619631445269714e-05, 9.502714605463611e-05, 8.355595839521725e-05, 9.501766840401843e-05, 1073.6402025256857], [1782936960, 9.501766840401843e-05, 9.707272030226859e-05, 9.207100732689466e-05, 9.535305766877842e-05, 640.7095160065469], [1782937020, 9.535305766877842e-05, 0.00010400056680765116, 9.535305766877842e-05, 9.853130175421657e-05, 870.869248118367], [1782937080, 9.853130175421657e-05, 9.895691440071172e-05, 9.853130175421657e-05, 9.895691440071172e-05, 1.9642269199465392], [1782937260, 9.895691440071172e-05, 9.895691440071172e-05, 9.44939614261992e-05, 9.743463962298778e-05, 656.0584996954022], [1782937320, 9.743463962298778e-05, 9.90749969106064e-05, 9.743463962298778e-05, 9.893178819461968e-05, 12.3061400122566], [1782937380, 9.893178819461968e-05, 9.893178819461968e-05, 9.511338192526139e-05, 9.511338192526139e-05, 243.5712170492727], [1782937500, 9.511338192526139e-05, 9.511338192526139e-05, 9.382732940851926e-05, 9.382732940851926e-05, 85.12730353346485], [1782937560, 9.382732940851926e-05, 9.382732940851926e-05, 9.045604796413126e-05, 9.064753119577462e-05, 313.0531598257528], [1782937620, 9.064753119577462e-05, 9.543278906022325e-05, 9.064753119577462e-05, 9.543278906022325e-05, 490.3830996412313], [1782937800, 9.543278906022325e-05, 9.543278906022325e-05, 9.542787427314969e-05, 9.542787427314969e-05, 209.4678829598796], [1782937920, 9.542787427314969e-05, 9.542787427314969e-05, 9.20771777686876e-05, 9.20771777686876e-05, 115.44501241177757], [1782937980, 9.20771777686876e-05, 9.20771777686876e-05, 9.145586013729518e-05, 9.145586013729518e-05, 91.45586013729518], [1782938100, 9.145586013729518e-05, 9.145586013729518e-05, 9.045270922309431e-05, 9.045270922309431e-05, 15.700749158132442], [1782938160, 9.045270922309431e-05, 9.045270922309431e-05, 9.03785556871621e-05, 9.03785556871621e-05, 4.582806245712819], [1782938220, 9.03785556871621e-05, 9.03785556871621e-05, 9.015818137142507e-05, 9.027610206585715e-05, 18.273047742201413], [1782938280, 9.027610206585715e-05, 9.28378403363521e-05, 9.027610206585715e-05, 9.28378403363521e-05, 104.39326670960318], [1782938460, 9.28378403363521e-05, 9.28378403363521e-05, 8.651462076300208e-05, 8.852920642083147e-05, 434.85541832339993], [1782938520, 8.852920642083147e-05, 8.852920642083147e-05, 8.69421254628003e-05, 8.69421254628003e-05, 112.96958700083341], [1782938700, 8.69421254628003e-05, 