{"pair": "GrUqhnde1Rn9JBvdw9xVx5hjja9uNMWKrMvXDvgcPcFU", "n_bars": 135, "span": [1782930976.0, 1782944545.0], "bars": [[1782931020, 0.00023316097794280123, 0.00023359878187121245, 0.00023316097794280123, 0.00023359878187121245, 2.152967579723451], [1782931080, 0.00023359878187121245, 0.00023359878187121245, 0.000230228794651621, 0.000230228794651621, 24.486538661350835], [1782931140, 0.000230228794651621, 0.0002315136330907434, 0.00022930931805191258, 0.0002315136330907434, 76.60909825753608], [1782931200, 0.0002315136330907434, 0.000231633402265454, 0.0002315136330907434, 0.000231633402265454, 0.09932095664966777], [1782931380, 0.000231633402265454, 0.000231633402265454, 0.00022798389400741477, 0.00022798389400741477, 33.0053123075147], [1782931500, 0.00022798389400741477, 0.00023119834382573956, 0.0002278461667097459, 0.0002278461667097459, 126.76968399615984], [1782931560, 0.0002278461667097459, 0.00022968895803314503, 0.0002269051559077552, 0.00022968895803314503, 0.20880457269699088], [1782931620, 0.00022968895803314503, 0.00022968895803314503, 0.00022939819037585423, 0.00022939819037585423, 0.20602106429179695], [1782931680, 0.00022939819037585423, 0.00022949038087126386, 0.00022920135421939408, 0.00022949038087126386, 0.7785202161269917], [1782931800, 0.00022949038087126386, 0.00022949038087126386, 0.00022676465612303252, 0.00022676465612303252, 0.08783247941737096], [1782931860, 0.00022676465612303252, 0.00022687734637439762, 0.00022676465612303252, 0.00022687102802190906, 0.6478829723314189], [1782931920, 0.00022687102802190906, 0.00023117768323612387, 0.00022687102802190906, 0.00023117768323612387, 153.4958062812896], [1782931980, 0.00023117768323612387, 0.00023239351726067666, 0.00023117768323612387, 0.00023239351726067666, 0.3796167716142075], [1782932040, 0.00023239351726067666, 0.00023251062797720903, 0.00023239351726067666, 0.00023251062797720903, 18.013124666729656], [1782932100, 0.00023251062797720903, 0.00023293031556954728, 0.00023251062797720903, 0.00023293031556954728, 0.04882572606575209], [1782932160, 0.00023293031556954728, 0.00023293031556954728, 0.00022993960795442164, 0.00022993960795442164, 0.1147818460530579], [1782932460, 0.00022993960795442164, 0.00022993960795442164, 0.00022988533071875795, 0.00022988533071875795, 0.09046747166984621], [1782932640, 0.00022988533071875795, 0.0002340982513161913, 0.00022907981074127417, 0.00022907981074127417, 339.2918051564599], [1782932700, 0.00022907981074127417, 0.00022952997014234148, 0.00022907981074127417, 0.00022952997014234148, 0.13666108769629756], [1782932820, 0.00022952997014234148, 0.00022952997014234148, 0.00022935915225579545, 0.00022935915225579545, 3.843087371160259], [1782932880, 0.00022935915225579545, 0.00022935915225579545, 0.00022650835899892284, 0.00022650835899892284, 1.7503105609298533], [1782933060, 0.00022650835899892284, 0.0002295467949928807, 0.00022650835899892284, 0.0002266671355558727, 16.733123130103547], [1782933120, 0.0002266671355558727, 0.0002266671355558727, 0.00022455146676835, 0.00022572036900262978, 167.75865810784973], [1782933180, 0.00022572036900262978, 0.00023016387479924267, 0.00022572036900262978, 0.00023016387479924267, 202.55138063447188], [1782933240, 0.00023016387479924267, 0.00023016387479924267, 0.00022486494201790332, 0.00022486494201790332, 113.48561250182983], [1782933300, 0.00022486494201790332, 0.00022486494201790332, 0.00022426535368836792, 0.00022426535368836792, 31.617307498371037], [1782933360, 0.00022426535368836792, 0.00022774714095417673, 0.00022426535368836792, 0.00022458762114579007, 65.65693871445461], [1782933420, 0.00022458762114579007, 0.00022725072992032337, 0.00022433552832251005, 0.00022725072992032337, 2.7730328780445523], [1782933480, 0.00022725072992032337, 0.00022725072992032337, 0.00022347796600105408, 0.00022347796600105408, 89.08554547231677], [1782933600, 0.00022347796600105408, 0.0002252622314234162, 0.00022347796600105408, 0.0002252622314234162, 0.09758192157531095], [1782933720, 0.0002252622314234162, 0.0002252622314234162, 0.000221072896717012, 0.00022295419766869565, 131.23630087647112], [1782933780, 0.00022295419766869565, 0.00022317254853232907, 0.00022295419766869565, 0.00022317254853232907, 0.22707748966839902], [1782933840, 0.00022317254853232907, 0.00022317254853232907, 0.00021892782527586734, 0.00021892782527586734, 109.46391263793367], [1782933900, 0.00021892782527586734, 0.00022112207211819992, 0.00021892782527586734, 0.00022112207211819992, 29.395671218428376], [1782933960, 0.00022112207211819992, 0.00022112207211819992, 0.00021505331959701047, 0.00021505331959701047, 263.3451200682658], [1782934020, 0.00021505331959701047, 0.00021505331959701047, 0.0002119085194581571, 0.00021212394518562507, 104.47864282318045], [1782934080, 0.00021212394518562507, 0.00021517473481795195, 0.0002109110011879911, 0.0002109110011879911, 146.9241575731056], [1782934140, 0.0002109110011879911, 0.00021222961544071565, 0.00020718376529804677, 0.00020790490563978893, 250.42819563436584], [1782934200, 0.00020790490563978893, 0.00020805656793565781, 0.0002037883623700953, 0.00020505251850188506, 160.0209907257039], [1782934260, 0.00020505251850188506, 0.00020505251850188506, 0.0001955897452631627, 0.0001955897452631627, 420.220776208944], [1782934320, 0.0001955897452631627, 0.00019861859963748977, 0.00018981755152266315, 0.00019131145098664907, 543.8093366914198], [1782934380, 0.00019131145098664907, 0.00019181440249044815, 0.00019131145098664907, 0.00019181440249044815, 13.207381416944969], [1782934440, 0.00019181440249044815, 0.00019195658381675125, 0.00019181440249044815, 0.00019195658381675125, 1.0726205563863007], [1782934560, 0.00019195658381675125, 0.00019195658381675125, 0.00018597065376007742, 0.00018853988072308058, 163.1968844795424], [1782934620, 0.00018853988072308058, 0.0001901873855195657, 0.00018623740941881844, 0.0001901873855195657, 84.58585926742154], [1782934680, 0.0001901873855195657, 0.00019046354558077772, 0.00018790100035400757, 0.0001879699001183574, 15.658581340229631], [1782934740, 0.0001879699001183574, 0.0001879699001183574, 0.00018776056502380447, 0.00018776056502380447, 3.853049565371862], [1782934800, 0.00018776056502380447, 0.0001917648974728731, 0.00018776056502380447, 0.0001917648974728731, 152.97212816589916], [1782934980, 0.0001917648974728731, 0.0001917648974728731, 0.00019046632189369229, 0.00019046632189369229, 7.543693948908602], [1782935040, 0.00019046632189369229, 0.0001950771143528721, 0.00019046632189369229, 0.0001950771143528721, 193.50927728305996], [1782935340, 0.0001950771143528721, 0.000196537778363242, 0.0001950771143528721, 0.000196537778363242, 3.823928039194248], [1782935400, 0.000196537778363242, 0.000196537778363242, 0.00019400124904448267, 0.00019400124904448267, 1.9065838744842931], [1782935580, 0.00019400124904448267, 0.00019400124904448267, 0.00019367866925986844, 0.00019367866925986844, 7.533323804313548], [1782935700, 0.00019367866925986844, 0.00019367866925986844, 0.00019338604645735262, 0.00019338604645735262, 1.0636232555154395], [1782935940, 0.00019338604645735262, 0.00019594557639040927, 0.00019338604645735262, 0.00019594557639040927, 23.815447035558737], [1782936000, 0.00019594557639040927, 0.00019594557639040927, 0.0001935171437822496, 0.0001935171437822496, 0.08444454327956342], [1782936060, 0.0001935171437822496, 0.00020017684295827687, 0.0001935171437822496, 0.0001977102065260826, 229.5454398921026], [1782936120, 0.0001977102065260826, 0.000200519436874992, 0.0001977102065260826, 0.0001978870762160471, 25.385747873350624], [1782936240, 0.0001978870762160471, 0.0001978870762160471, 0.00019477875399833764, 0.00019477875399833764, 180.60777524403798], [1782936300, 0.00019477875399833764, 0.0001947954198282791, 0.00019241001322002293, 0.0001947954198282791, 115.70450353722731], [1782936360, 0.0001947954198282791, 0.00019506012698117914, 0.00019249580330641996, 0.00019249580330641996, 6.508184937375722], [1782936420, 0.00019249580330641996, 