{"pair": "2QDDXrbXQspKkJZzQCGpGqyUuS1qeVBbjVzw6tTPtAmd", "n_bars": 123, "span": [1782795715.0, 1782922558.0], "bars": [[1782795720, 0.00023448040788510302, 0.00023598499661806922, 0.00021711396281039053, 0.0002247692091142228, 9729.103756463468], [1782795780, 0.0002247692091142228, 0.00023567731246635444, 0.00019783972209013237, 0.00020267059295503553, 9704.335787979673], [1782795840, 0.00020267059295503553, 0.0002442285558000056, 0.0002019435399479797, 0.00021553258280257472, 13676.600813530411], [1782795900, 0.00021553258280257472, 0.0002654128706474364, 0.00021553258280257472, 0.0002607840656950363, 9502.09421968257], [1782795960, 0.0002607840656950363, 0.00026861733743693464, 0.00023803280114396028, 0.0002524482117538832, 8615.769157333722], [1782796020, 0.0002524482117538832, 0.0002915436933256218, 0.000235905216055644, 0.00025229691829118024, 17286.431960221365], [1782796080, 0.00025229691829118024, 0.00027483600683947184, 0.0002224622337295721, 0.00023119694771330622, 10043.450151031451], [1782796140, 0.00023119694771330622, 0.0002532623192336293, 0.00021862136732518983, 0.0002323441446472194, 9321.859543946726], [1782796200, 0.0002323441446472194, 0.000247582735752979, 0.0002199113362874249, 0.00023611280110432832, 5662.966965118304], [1782796260, 0.00023611280110432832, 0.00024238193279950423, 0.00020412312935249506, 0.00021653855919666383, 4952.031770353829], [1782796320, 0.00021653855919666383, 0.00022380992718115656, 0.00019782469925615364, 0.00021764628941449863, 5769.938831931587], [1782796380, 0.00021764628941449863, 0.00022667531930193723, 0.00020252370627901056, 0.00022011300077854, 4981.8703585439725], [1782796440, 0.00022011300077854, 0.00022624578237358137, 0.00019993479855351186, 0.0002100657469530048, 4600.533347857528], [1782796500, 0.0002100657469530048, 0.00023174973457720595, 0.00019986481378951682, 0.00022049653058328595, 5402.46182660361], [1782796560, 0.00022049653058328595, 0.0002337258137898205, 0.00021462263038446016, 0.00022367703053223056, 4012.4054156773086], [1782796620, 0.00022367703053223056, 0.00023216550992072698, 0.00021152725432383625, 0.00022607674156927262, 4436.570804254523], [1782796680, 0.00022607674156927262, 0.0002351030623392513, 0.00021739942052102868, 0.00022599312399300558, 5027.880817131818], [1782796740, 0.00022599312399300558, 0.00024108451826525878, 0.00022263758497991128, 0.00023515388050971165, 4828.013841026916], [1782796800, 0.00023515388050971165, 0.00024099261921608486, 0.00021651741112764007, 0.00023375547521812295, 4556.435439240574], [1782796860, 0.00023375547521812295, 0.00024999367046350953, 0.000226972876956755, 0.0002329995279439906, 4661.004437059096], [1782796920, 0.0002329995279439906, 0.0002520807888264487, 0.00023205516374384232, 0.0002506743919217876, 4121.277005365926], [1782796980, 0.0002506743919217876, 0.000268924619476551, 0.00024216713862677228, 0.00026781862206248433, 4967.392283057706], [1782797040, 0.00026781862206248433, 0.0002824191461025539, 0.00025898689497570656, 0.00027290468432404315, 6459.144935898868], [1782797100, 0.00027290468432404315, 0.0003044831313728086, 0.000259740182040919, 0.0002943845925814023, 7884.435862408998], [1782797160, 0.0002943845925814023, 0.0002984681779924428, 0.0002592068400695015, 0.0002670545027137085, 6545.329199956277], [1782797220, 0.0002670545027137085, 0.00028124215577968853, 0.0002507163041047468, 0.00026746342977189403, 6453.552013070961], [1782797280, 0.00026746342977189403, 0.00026746342977189403, 0.0002411418098623017, 0.000258088562688855, 5362.245298637589], [1782797340, 0.000258088562688855, 0.0002828404797435492, 0.00024359255029847158, 0.0002609483966851644, 7365.293045328622], [1782797400, 0.0002609483966851644, 0.0002968533962468467, 0.00026022419635852366, 0.0002794943827264971, 5846.605543197542], [1782797460, 0.0002794943827264971, 0.00031291800132749207, 0.00024546353533980717, 0.0003068600309077373, 12216.740588458759], [1782797520, 0.0003068600309077373, 0.0003582531080038061, 0.00028670186276732486, 0.00033408827433117905, 11592.266999615327], [1782797580, 0.00033408827433117905, 0.0003375267120594152, 0.00030119769643697255, 0.0003221035312877966, 9817.492471776748], [1782797640, 0.0003221035312877966, 0.00033733736395542596, 0.00028246001102597826, 0.00029236205495016617, 9516.331294608168], [1782797700, 0.00029236205495016617, 0.0003186409368650122, 0.00026633490615688354, 0.00030358802378525033, 11193.65425441385], [1782797760, 0.00030358802378525033, 0.0003339604975952467, 0.0002932982746037113, 0.0003230628295852016, 9554.48930800354], [1782797820, 0.0003230628295852016, 0.0003601282533680116, 0.0003073981760354123, 0.000339026886482497, 9677.317019731294], [1782797880, 0.000339026886482497, 0.00037817033242119, 0.0003331373310428583, 0.00033585135605381644, 9404.905894123833], [1782797940, 0.00033585135605381644, 0.0003635019751084436, 0.0003284871768496348, 0.0003359511971136133, 8709.653916925301], [1782798000, 0.0003359511971136133, 0.0004009951052430024, 0.0003359511971136133, 0.0003804550145673638, 10388.554964795907], [1782798060, 0.0003804550145673638, 0.0003804550145673638, 0.0003383333015040714, 0.00037251273676607304, 9044.062030817046], [1782798120, 0.00037251273676607304, 0.0003989508059602687, 0.00036412161928183286, 0.0003701775320374544, 8290.681764884059], [1782798180, 0.0003701775320374544, 0.00042901545407399833, 0.0003584093370111866, 0.0004021680579732656, 9630.123207294719], [1782798240, 0.0004021680579732656, 0.00041259371858939345, 0.0003664205432342972, 0.00038687619508815584, 8894.154099788468], [1782798300, 0.00038687619508815584, 0.00038687619508815584, 0.0003261457147003904, 0.00033639969524448696, 7754.675055117519], [1782798360, 0.00033639969524448696, 0.0003489530374067486, 0.00032605431211631835, 0.0003489530374067486, 8702.35941602511], [1782798420, 0.0003489530374067486, 0.00035899284932324735, 0.0003199990636789921, 0.0003547908327351279, 9272.511426156847], [1782798480, 0.0003547908327351279, 0.0003737258680738568, 0.0003320862691800026, 0.00034355844863876296, 8907.707441102693], [1782798540, 0.00034355844863876296, 0.0003773408979284671, 0.0003270165438619473, 0.0003564411433639462, 7762.743853319944], [1782798600, 0.0003564411433639462, 0.0003695369156179226, 0.00034084668742844566, 0.0003610235175249836, 7081.78332507134], [1782798660, 0.0003610235175249836, 0.00038940014708620073, 0.0003610235175249836, 0.000368241189385145, 7041.120064148843], [1782798720, 0.000368241189385145, 0.00039080877267990934, 0.00033883836685374605, 0.00038710901351613955, 7823.374227186263], [1782798780, 0.00038710901351613955, 0.0004326791498838291, 0.00038110608251299533, 0.0004055379650031008, 6839.758255281519], [1782798840, 0.0004055379650031008, 0.0004332572310554338, 0.00038637634277566334, 0.0004075023320796928, 6945.9034470294055], [1782798900, 0.0004075023320796928, 0.0004101711458487966, 0.00037889568594083096, 0.0003989403793669114, 6581.181232988167], [1782798960, 0.0003989403793669114, 0.0004329071891144192, 0.000389030379405882, 0.00042351696485006294, 7480.039925249431], [1782799020, 0.00042351696485006294, 0.00044612014979541874, 0.00040630397057641243, 0.0004314482750976961, 6514.681573616496], [1782799080, 0.0004314482750976961, 0.0004659967225117866, 0.00041524829573747916, 0.00044369984833650985, 7058.8088073255], [1782799140, 0.00044369984833650985, 0.00045742377130320624, 4.4325541748403706e-05, 4.8285411708725376e-05, 23032.816877235495], [1782799200, 4.8285411708725376e-05, 5.120172370194125e-05, 1.687922298318914e-06, 2.220892315548239e-06, 6046.586173887261], [1782799260, 2.220892315548239e-06, 2.4533109752741934e-06, 1.6532813860826354e-06, 1.6644261443948337e-06, 434.54415946703085], [1782799320, 1.6644261443948337e-06, 1.6644261443948337e-06, 1.6501988125279485e-06, 1.6509211994438856e-06, 1.2114844248372225], [1782799380, 1.6509211994438856e-06, 1.6509211994438856e-06, 1.5810656352186242e-06, 1.5810656352186242e-06, 65.35754954725813], [1782799440, 