{"pair": "HUNPMqBEp5RoZproidt3Ujfhbo29SLGWU97xkAxX1UKu", "n_bars": 133, "span": [1782932084.0, 1782946282.0], "bars": [[1782932160, 8.446488917879773e-05, 8.447770617190879e-05, 8.284451696007031e-05, 8.362428316047964e-05, 104.86045554828581], [1782932280, 8.362428316047964e-05, 8.362428316047964e-05, 8.285552825881697e-05, 8.285552825881697e-05, 2.707567458373231], [1782932340, 8.285552825881697e-05, 8.285552825881697e-05, 8.282507770834412e-05, 8.282507770834412e-05, 1.6778605685283383], [1782932460, 8.282507770834412e-05, 8.282507770834412e-05, 8.105992116699729e-05, 8.105992116699729e-05, 116.74159723949576], [1782932640, 8.105992116699729e-05, 8.117721688894573e-05, 8.105992116699729e-05, 8.117721688894573e-05, 2.6829978897421403], [1782932700, 8.117721688894573e-05, 8.585058498611273e-05, 8.117721688894573e-05, 8.585058498611273e-05, 305.4760240583627], [1782932760, 8.585058498611273e-05, 9.75412443752699e-05, 8.585058498611273e-05, 9.75412443752699e-05, 816.7379194601415], [1782932820, 9.75412443752699e-05, 9.75412443752699e-05, 9.635169219294169e-05, 9.635169219294169e-05, 65.69890821342675], [1782932880, 9.635169219294169e-05, 9.833869349678657e-05, 9.623757058108282e-05, 9.833869349678657e-05, 70.5814178087937], [1782933000, 9.833869349678657e-05, 0.00010584406604370331, 9.69314962089188e-05, 0.00010576162333221631, 905.4702607048719], [1782933060, 0.00010576162333221631, 0.00011506905945657434, 0.00010576162333221631, 0.0001143496498170875, 761.311301783187], [1782933120, 0.0001143496498170875, 0.0001143496498170875, 0.00010813968692983211, 0.00010813968692983211, 320.3522435387017], [1782933180, 0.00010813968692983211, 0.00011774326181260362, 0.00010813968692983211, 0.00011388740059959336, 711.1091840196563], [1782933240, 0.00011388740059959336, 0.00011388740059959336, 0.00010485135820956556, 0.00010485135820956556, 486.4586882049668], [1782933300, 0.00010485135820956556, 0.00010689479100362874, 0.00010485135820956556, 0.00010689479100362874, 232.92136526070482], [1782933360, 0.00010689479100362874, 0.00012413165664507236, 0.00010689479100362874, 0.0001221929271989419, 1247.2336899492116], [1782933420, 0.0001221929271989419, 0.0001221929271989419, 0.00011715623330156152, 0.00011715623330156152, 97.05413782459998], [1782933480, 0.00011715623330156152, 0.00011715623330156152, 0.00011629252089968033, 0.00011629252089968033, 2.8748877460481745], [1782933600, 0.00011629252089968033, 0.00011782606494579292, 0.00011629252089968033, 0.00011782606494579292, 9.020295226899128], [1782933660, 0.00011782606494579292, 0.00012022813566954717, 0.00011782606494579292, 0.00012022813566954717, 134.70546321036147], [1782933720, 0.00012022813566954717, 0.00012022813566954717, 0.00011797982815423673, 0.00011951089293659504, 122.42018741215644], [1782933780, 0.00011951089293659504, 0.00011980524672390276, 0.00011951089293659504, 0.00011980524672390276, 15.354758246756187], [1782933840, 0.00011980524672390276, 0.00011980524672390276, 0.00011525026101644055, 0.00011675171153651327, 195.68396134104376], [1782934020, 0.00011675171153651327, 0.00011994721739478507, 0.00011675171153651327, 0.00011994721739478507, 198.7223063815126], [1782934080, 0.00011994721739478507, 0.00011994721739478507, 0.00011798508272267172, 0.00011798508272267172, 69.01013191108845], [1782934260, 0.00011798508272267172, 0.00011917232647857263, 0.00011751041490379119, 0.00011917232647857263, 12.07759997656742], [1782934440, 0.00011917232647857263, 0.00011917232647857263, 0.00011689152863359677, 0.00011689152863359677, 85.4197746665416], [1782934500, 0.00011689152863359677, 0.00011689152863359677, 0.00011350892630416248, 0.0001136839159816823, 360.3304120631116], [1782934620, 0.0001136839159816823, 0.0001136839159816823, 0.0001127080338376871, 0.0001127080338376871, 35.97425004947587], [1782934740, 0.0001127080338376871, 0.0001127080338376871, 0.00011134145633430605, 0.00011134145633430605, 117.57790455476844], [1782934980, 0.00011134145633430605, 0.00011134145633430605, 9.86292871946253e-05, 9.959716705574115e-05, 1219.3370296000735], [1782935100, 9.959716705574115e-05, 9.959716705574115e-05, 6.89379432952154e-05, 7.455108629835929e-05, 3382.7770918421525], [1782935160, 7.455108629835929e-05, 7.516696982349014e-05, 7.365806774282473e-05, 7.505739026601405e-05, 45.08426131735198], [1782935220, 7.505739026601405e-05, 7.544342948831598e-05, 7.417921847089778e-05, 7.544342948831598e-05, 32.699605001959604], [1782935340, 7.544342948831598e-05, 7.974347951375706e-05, 7.544342948831598e-05, 7.879196067687491e-05, 462.88551287020374], [1782935520, 7.879196067687491e-05, 7.879196067687491e-05, 7.079591028795369e-05, 7.094158107991107e-05, 832.4078977221343], [1782935580, 7.094158107991107e-05, 7.597575795776184e-05, 6.908379818102784e-05, 6.908379818102784e-05, 1287.302745773149], [1782935640, 6.908379818102784e-05, 8.17670579129393e-05, 6.600713535024269e-05, 7.990071949529116e-05, 2990.9783799178913], [1782935700, 7.990071949529116e-05, 8.536357524580118e-05, 7.744127021453024e-05, 7.744127021453024e-05, 928.2144235946657], [1782935760, 7.744127021453024e-05, 8.384791931873894e-05, 7.744127021453024e-05, 8.384791931873894e-05, 432.0933938663886], [1782935820, 8.384791931873894e-05, 8.396868979475182e-05, 8.28071549943016e-05, 8.396868979475182e-05, 5.9645421783615715], [1782935880, 8.396868979475182e-05, 8.453316677823552e-05, 8.377835198301574e-05, 8.377835198301574e-05, 86.56986645970785], [1782935940, 8.377835198301574e-05, 8.377835198301574e-05, 7.474498323334719e-05, 7.765349025283905e-05, 1173.6042645329426], [1782936000, 7.765349025283905e-05, 7.906148208818466e-05, 7.765349025283905e-05, 7.906148208818466e-05, 0.4125087086264962], [1782936060, 7.906148208818466e-05, 7.906148208818466e-05, 7.596480691759995e-05, 7.596480691759995e-05, 135.17859498392215], [1782936240, 7.596480691759995e-05, 7.599121873409498e-05, 7.530967022558295e-05, 7.530967022558295e-05, 92.92660290463141], [1782936360, 7.530967022558295e-05, 7.530967022558295e-05, 7.453959577530082e-05, 7.453959577530082e-05, 2.5629967062546744], [1782936420, 7.453959577530082e-05, 8.678272709953726e-05, 7.453959577530082e-05, 8.49579714956167e-05, 940.1584390660635], [1782936480, 8.49579714956167e-05, 8.889033893206019e-05, 8.49579714956167e-05, 8.52341845854964e-05, 319.55597965475965], [1782936540, 8.52341845854964e-05, 8.52341845854964e-05, 8.501916494231737e-05, 8.501916494231737e-05, 2.735480415695688], [1782936720, 8.501916494231737e-05, 8.503543518534994e-05, 8.258904315128074e-05, 8.405773163309201e-05, 365.46867786278256], [1782936780, 8.405773163309201e-05, 9.073473064402287e-05, 8.405773163309201e-05, 9.065284713740939e-05, 349.8810151971248], [1782936840, 9.065284713740939e-05, 9.199981475971595e-05, 9.065284713740939e-05, 9.199981475971595e-05, 150.64194490632292], [1782936900, 9.199981475971595e-05, 0.00010037718156780641, 9.199981475971595e-05, 9.987488014812615e-05, 533.5417341528827], [1782936960, 9.987488014812615e-05, 9.987488014812615e-05, 9.62303466527818e-05, 9.62303466527818e-05, 368.61347956298675], [1782937020, 9.62303466527818e-05, 9.62303466527818e-05, 9.421121603850804e-05, 9.421121603850804e-05, 4.253117535311841], [1782937080, 9.421121603850804e-05, 9.421121603850804e-05, 9.410311061907231e-05, 9.410311061907231e-05, 2.8778998524133788], [1782937260, 9.410311061907231e-05, 9.410311061907231e-05, 9.406436304579514e-05, 9.406436304579514e-05, 2.8774340369473603], [1782937320, 9.406436304579514e-05, 9.406436304579514e-05, 9.393477008254232e-05, 9.393477008254232e-05, 10.26389142577535], [1782937380, 9.393477008254232e-05, 9.593002966480391e-05, 9.393477008254232e-05, 9.526343476133857e-05, 88.66449669064839], [1782937560, 9.526343476133857e-05, 9.528033352545103e-05, 9.526343476133857e-05, 9.528033352545103e-05, 2.897389326173829], [1782937740, 9.528033352545103e-05, 9.541272588727793e-05, 9.528033352545103e-05, 9.541272588727793e-05, 2.9021406128088905], [1782937920, 9.541272588727793e-05, 