{"pair": "HYs13Dh2N6UytznnaAwQhQdbfE1xBZyzakK9f2zvcHvA", "n_bars": 103, "span": [1782874480.0, 1782945074.0], "bars": [[1782874500, 5.4569734868511636e-05, 5.467605579660558e-05, 5.4569734868511636e-05, 5.467605579660558e-05, 0.680581306086744], [1782874560, 5.467605579660558e-05, 5.467605579660558e-05, 5.465621004143181e-05, 5.465621004143181e-05, 2.2058455736756777], [1782874680, 5.465621004143181e-05, 5.465621004143181e-05, 5.4523302760506694e-05, 5.4523302760506694e-05, 2.2010317484635804], [1782874860, 5.4523302760506694e-05, 5.4523302760506694e-05, 5.446222937607492e-05, 5.446222937607492e-05, 2.199115940393293], [1782874980, 5.446222937607492e-05, 5.446222937607492e-05, 5.434602841981659e-05, 5.434602841981659e-05, 2.1949724987298045], [1782875160, 5.434602841981659e-05, 5.445645726726949e-05, 5.434602841981659e-05, 5.445645726726949e-05, 2.1999824487894664], [1782875340, 5.445645726726949e-05, 5.445645726726949e-05, 5.435520261490947e-05, 5.435520261490947e-05, 2.196440842446619], [1782875520, 5.435520261490947e-05, 5.435520261490947e-05, 5.427484890656405e-05, 5.427484890656405e-05, 2.1937421257600787], [1782875640, 5.427484890656405e-05, 5.4295394823656334e-05, 5.427484890656405e-05, 5.4295394823656334e-05, 2.195121216964156], [1782875700, 5.4295394823656334e-05, 5.728600699915166e-05, 5.4295394823656334e-05, 5.720100582313849e-05, 188.7066794550178], [1782875820, 5.720100582313849e-05, 5.720100582313849e-05, 5.6494659607019684e-05, 5.6494659607019684e-05, 2.237140375463084], [1782875940, 5.6494659607019684e-05, 5.6494659607019684e-05, 5.635135773225293e-05, 5.635135773225293e-05, 2.2320236097834614], [1782876120, 5.635135773225293e-05, 5.637218659401775e-05, 5.635135773225293e-05, 5.637218659401775e-05, 2.233406833264999], [1782876300, 5.637218659401775e-05, 5.637218659401775e-05, 5.632215296498378e-05, 5.632215296498378e-05, 2.2319824095945022], [1782876420, 5.632215296498378e-05, 5.632215296498378e-05, 5.616043819813852e-05, 5.616043819813852e-05, 15.389240227230193], [1782876480, 5.616043819813852e-05, 5.616043819813852e-05, 5.599261982625262e-05, 5.607692496298783e-05, 13.41624699261781], [1782876540, 5.607692496298783e-05, 5.681273726746772e-05, 5.607692496298783e-05, 5.681273726746772e-05, 0.18589544128092347], [1782876600, 5.681273726746772e-05, 5.681273726746772e-05, 5.597076037796314e-05, 5.597076037796314e-05, 2.2257460626284074], [1782876780, 5.597076037796314e-05, 5.597076037796314e-05, 5.5928372292605595e-05, 5.5928372292605595e-05, 2.2246164634292582], [1782876900, 5.5928372292605595e-05, 5.598052282523921e-05, 5.5928372292605595e-05, 5.598052282523921e-05, 2.2272474845690318], [1782877080, 5.598052282523921e-05, 5.622528761248889e-05, 5.598052282523921e-05, 5.622528761248889e-05, 2.237544970846228], [1782877260, 5.622528761248889e-05, 5.622528761248889e-05, 5.617582333994961e-05, 5.617582333994961e-05, 2.2361353817521357], [1782877380, 5.617582333994961e-05, 5.617582333994961e-05, 5.6076904203866474e-05, 5.6076904203866474e-05, 2.2327558551192603], [1782877740, 5.6076904203866474e-05, 5.635395666047137e-05, 5.6076904203866474e-05, 5.635395666047137e-05, 2.2449089987537514], [1782877860, 5.635395666047137e-05, 5.635395666047137e-05, 5.6326141743588135e-05, 5.6326141743588135e-05, 2.244361917530986], [1782878040, 5.6326141743588135e-05, 5.646058416310272e-05, 5.602302032999694e-05, 5.602302032999694e-05, 82.97055103600063], [1782878160, 5.602302032999694e-05, 5.602302032999694e-05, 5.528771201689848e-05, 5.528771201689848e-05, 2.2240016541625036], [1782878340, 5.528771201689848e-05, 5.540622118936563e-05, 5.528771201689848e-05, 5.540622118936563e-05, 2.229325992390058], [1782878460, 5.540622118936563e-05, 5.540622118936563e-05, 5.53482926092082e-05, 5.53482926092082e-05, 2.227551925511557], [1782878640, 5.53482926092082e-05, 5.53482926092082e-05, 5.531971723526546e-05, 5.531971723526546e-05, 2.2269584791086907], [1782878760, 5.531971723526546e-05, 5.539745019763786e-05, 5.531971723526546e-05, 5.538878913807804e-05, 2.8327944175045734], [1782878940, 5.538878913807804e-05, 5.604771271503471e-05, 5.525759213480568e-05, 5.525759213480568e-05, 5.624863899485633], [1782879120, 5.525759213480568e-05, 5.525759213480568e-05, 5.5255465806992254e-05, 5.5255465806992254e-05, 2.22535316243772], [1782879240, 5.5255465806992254e-05, 5.5255465806992254e-05, 5.511915925179904e-05, 5.511915925179904e-05, 9.201870533660728], [1782879300, 5.511915925179904e-05, 5.511915925179904e-05, 5.454136803349037e-05, 5.454136803349037e-05, 84.82850944754887], [1782879420, 5.454136803349037e-05, 5.454136803349037e-05, 5.407952727231399e-05, 5.407952727231399e-05, 2.2018220686999666], [1782879540, 5.407952727231399e-05, 5.407952727231399e-05, 5.39039901833471e-05, 5.39039901833471e-05, 6.200819804043499], [1782879720, 5.39039901833471e-05, 5.39039901833471e-05, 5.390148973940267e-05, 5.390148973940267e-05, 2.1966714279671526], [1782879840, 5.390148973940267e-05, 5.390148973940267e-05, 5.33654714650163e-05, 5.3875863535712055e-05, 83.24776813874438], [1782880200, 5.3875863535712055e-05, 5.3875863535712055e-05, 5.290420669354089e-05, 5.290420669354089e-05, 3.2084985008739992], [1782880620, 5.290420669354089e-05, 5.3749883498583324e-05, 5.290420669354089e-05, 5.3749883498583324e-05, 20.67147217677769], [1782881100, 5.3749883498583324e-05, 5.3749883498583324e-05, 5.2818505893797626e-05, 5.323348360461263e-05, 47.847914033336124], [1782883380, 5.323348360461263e-05, 5.323348360461263e-05, 5.210697485542708e-05, 5.22686454240078e-05, 38.98254133752315], [1782883800, 5.22686454240078e-05, 5.277062917772561e-05, 5.22686454240078e-05, 5.277062917772561e-05, 7.376527922461195], [1782883860, 5.277062917772561e-05, 5.3151784094615245e-05, 5.277062917772561e-05, 5.3151784094615245e-05, 51.57306991386146], [1782885240, 5.3151784094615245e-05, 5.3151784094615245e-05, 5.265314733049826e-05, 5.265314733049826e-05, 0.3238764425436821], [1782885300, 5.265314733049826e-05, 5.265314733049826e-05, 5.1828167115824155e-05, 5.1828167115824155e-05, 85.89837280994436], [1782886020, 5.1828167115824155e-05, 5.235929143439737e-05, 5.1828167115824155e-05, 5.235929143439737e-05, 16.873080945732056], [1782888780, 5.235929143439737e-05, 5.235929143439737e-05, 5.044173551222616e-05, 5.044173551222616e-05, 121.34328836583325], [1782888840, 5.044173551222616e-05, 5.044173551222616e-05, 4.96915141517253e-05, 4.96915141517253e-05, 4.96915141517253], [1782888900, 4.96915141517253e-05, 5.1153534438850606e-05, 4.96915141517253e-05, 5.1153534438850606e-05, 137.4722124963486], [1782889080, 5.1153534438850606e-05, 5.1175296583431585e-05, 5.1153534438850606e-05, 5.1175296583431585e-05, 19.325063592342715], [1782889860, 5.1175296583431585e-05, 5.1807317888622097e-05, 5.1175296583431585e-05, 5.1807317888622097e-05, 7.906041278111701], [1782891360, 5.1807317888622097e-05, 5.206563098382865e-05, 5.1807317888622097e-05, 5.206563098382865e-05, 1.9088833319787646], [1782891420, 5.206563098382865e-05, 5.206563098382865e-05, 5.127537186773432e-05, 5.127537186773432e-05, 20.316696513869914], [1782891960, 5.127537186773432e-05, 5.127537186773432e-05, 5.10686743613687e-05, 5.10686743613687e-05, 24.301372183169597], [1782892740, 5.10686743613687e-05, 5.10686743613687e-05, 5.102118116075995e-05, 5.102118116075995e-05, 5.905940877369088], [1782893760, 5.102118116075995e-05, 5.102118116075995e-05, 5.081260769370025e-05, 5.081260769370025e-05, 24.966342532374792], [1782896940, 5.081260769370025e-05, 5.081557077776796e-05, 5.081260769370025e-05, 5.081557077776796e-05, 24.345120009156986], [1782897420, 5.081557077776796e-05, 5.1591632976473815e-05, 5.081557077776796e-05, 5.1591632976473815e-05, 27.912235636630548], [1782899280, 5.1591632976473815e-05, 5.1676018292254706e-05, 5.1591632976473815e-05, 5.1676018292254706e-05, 0.9796784943160676], [1782902280, 5.1676018292254706e-05, 5.1676018292254706e-05, 5.096192020906202e-05, 5.096192020906202e-05, 3.8552273774488937], [1782903900, 5.096192020906202e-05, 