{"pair": "C1KHGdzEh3DVr7iE8tUiqUuox9eYigLFBhikpU3rbjwD", "n_bars": 153, "span": [1782931255.0, 1782946370.0], "bars": [[1782931500, 3.0955501673867424e-05, 3.099626872614086e-05, 3.0955501673867424e-05, 3.099626872614086e-05, 5.371098473487662], [1782931620, 3.099626872614086e-05, 3.099626872614086e-05, 2.856570425892917e-05, 2.856570425892917e-05, 251.43569606692242], [1782931680, 2.856570425892917e-05, 2.885202503115097e-05, 2.856570425892917e-05, 2.885202503115097e-05, 0.03202457140096098], [1782931740, 2.885202503115097e-05, 2.8899624687500616e-05, 2.885202503115097e-05, 2.8899624687500616e-05, 0.07797880713972102], [1782931860, 2.8899624687500616e-05, 2.9491479879067882e-05, 2.8899624687500616e-05, 2.9429703739340008e-05, 75.25435208106923], [1782931920, 2.9429703739340008e-05, 2.9592601659478092e-05, 2.9429703739340008e-05, 2.9592601659478092e-05, 19.2545823077056], [1782931980, 2.9592601659478092e-05, 3.061484426427544e-05, 2.9121271922036664e-05, 3.061484426427544e-05, 209.6912920375381], [1782932040, 3.061484426427544e-05, 3.2942766332608276e-05, 3.061484426427544e-05, 3.2253924769932605e-05, 340.9424198667312], [1782932100, 3.2253924769932605e-05, 3.324406661317674e-05, 3.052386162505746e-05, 3.324406661317674e-05, 740.0630767970249], [1782932160, 3.324406661317674e-05, 3.324406661317674e-05, 3.16824332742138e-05, 3.16824332742138e-05, 146.19303201439098], [1782932220, 3.16824332742138e-05, 3.216341960714163e-05, 3.16824332742138e-05, 3.2102117031603286e-05, 106.82358113633144], [1782932280, 3.2102117031603286e-05, 3.2201449994334146e-05, 3.2102117031603286e-05, 3.2201449994334146e-05, 3.7983536729282985], [1782932340, 3.2201449994334146e-05, 3.224793129604416e-05, 3.164264136256394e-05, 3.2043257882200096e-05, 44.1537659839176], [1782932400, 3.2043257882200096e-05, 3.267064968594128e-05, 3.2043257882200096e-05, 3.264981821883557e-05, 66.58568773646451], [1782932460, 3.264981821883557e-05, 3.264981821883557e-05, 3.200695328884913e-05, 3.224285530344645e-05, 47.461622752660595], [1782932520, 3.224285530344645e-05, 3.2743385251166744e-05, 3.224285530344645e-05, 3.2743385251166744e-05, 98.84306340843746], [1782932580, 3.2743385251166744e-05, 3.324338198652823e-05, 3.2743385251166744e-05, 3.324338198652823e-05, 9.731556804001848], [1782932640, 3.324338198652823e-05, 3.3289592730658656e-05, 3.324338198652823e-05, 3.3289592730658656e-05, 4.947809038614558], [1782932700, 3.3289592730658656e-05, 3.404276145927866e-05, 3.3289592730658656e-05, 3.404276145927866e-05, 139.73349292239268], [1782932760, 3.404276145927866e-05, 3.470506420573672e-05, 3.395991862858952e-05, 3.4470968206049216e-05, 63.054015256503526], [1782932880, 3.4470968206049216e-05, 3.452359932659056e-05, 3.3932627829618636e-05, 3.4309394771831354e-05, 49.862497512738315], [1782932940, 3.4309394771831354e-05, 3.4369338616732936e-05, 3.314811653686857e-05, 3.314811653686857e-05, 98.31145663330746], [1782933000, 3.314811653686857e-05, 3.314811653686857e-05, 3.216798947400777e-05, 3.216798947400777e-05, 114.42706517648155], [1782933060, 3.216798947400777e-05, 3.216798947400777e-05, 3.1114474281133085e-05, 3.1114474281133085e-05, 118.39347863115852], [1782933120, 3.1114474281133085e-05, 3.1533373934977984e-05, 3.1043073228391566e-05, 3.1043073228391566e-05, 27.46197237137607], [1782933180, 3.1043073228391566e-05, 3.137230082357415e-05, 3.095609207392431e-05, 3.095609207392431e-05, 5.660585207800569], [1782933240, 3.095609207392431e-05, 3.095609207392431e-05, 3.069791590075174e-05, 3.069791590075174e-05, 61.73669624101973], [1782933300, 3.069791590075174e-05, 3.08687557272123e-05, 3.069791590075174e-05, 3.08687557272123e-05, 3.6476220045208643], [1782933360, 3.08687557272123e-05, 3.08687557272123e-05, 2.7038806191871102e-05, 2.8007075811338725e-05, 614.9350740107413], [1782933420, 2.8007075811338725e-05, 2.8064535754313927e-05, 2.7538581258430503e-05, 2.7538581258430503e-05, 44.61720671958524], [1782933480, 2.7538581258430503e-05, 2.763577107951919e-05, 2.7315789072866958e-05, 2.763577107951919e-05, 13.301502905348254], [1782933540, 2.763577107951919e-05, 2.7906030442934134e-05, 2.763577107951919e-05, 2.7906030442934134e-05, 62.10320865969134], [1782933600, 2.7906030442934134e-05, 2.8365630230927338e-05, 2.7906030442934134e-05, 2.8365630230927338e-05, 37.618489370667774], [1782933660, 2.8365630230927338e-05, 2.8891422815871587e-05, 2.786145420573906e-05, 2.786145420573906e-05, 240.5087235715253], [1782933720, 2.786145420573906e-05, 2.786145420573906e-05, 2.7472248359299456e-05, 2.7506704067677536e-05, 82.65600549013276], [1782933780, 2.7506704067677536e-05, 2.7520593845853464e-05, 2.7506704067677536e-05, 2.7520593845853464e-05, 3.7871106785469806], [1782933840, 2.7520593845853464e-05, 2.7603402383844733e-05, 2.7520593845853464e-05, 2.7603402383844733e-05, 19.606361318049043], [1782933960, 2.7603402383844733e-05, 2.7795444499099946e-05, 2.7553344983605693e-05, 2.7553344983605693e-05, 46.98544661032519], [1782934140, 2.7553344983605693e-05, 2.7553344983605693e-05, 2.6778166306479073e-05, 2.7000094245780155e-05, 148.8180885001392], [1782934380, 2.7000094245780155e-05, 2.7000094245780155e-05, 2.6825964643979043e-05, 2.6825964643979043e-05, 42.22643997333602], [1782934440, 2.6825964643979043e-05, 2.7145469318550143e-05, 2.6802894003899832e-05, 2.6802894003899832e-05, 2.9845069334799543], [1782934500, 2.6802894003899832e-05, 2.6802894003899832e-05, 2.6559212048138977e-05, 2.6559212048138977e-05, 53.34704492090575], [1782934560, 2.6559212048138977e-05, 2.6559212048138977e-05, 2.5664174316048148e-05, 2.60335788794124e-05, 104.25780668083313], [1782934680, 2.60335788794124e-05, 2.6120373404213055e-05, 2.5788777786935492e-05, 2.6120373404213055e-05, 8.045489864317686], [1782934740, 2.6120373404213055e-05, 2.6120373404213055e-05, 2.569239086509286e-05, 2.569239086509286e-05, 24.203660411108817], [1782934800, 2.569239086509286e-05, 2.5971620849101803e-05, 2.569239086509286e-05, 2.5971620849101803e-05, 9.657774195198854], [1782934860, 2.5971620849101803e-05, 2.6101418620941134e-05, 2.573306524135672e-05, 2.573306524135672e-05, 62.51936272161501], [1782934920, 2.573306524135672e-05, 2.5936190896752033e-05, 2.573306524135672e-05, 2.5936190896752033e-05, 1.9831694939575135], [1782934980, 2.5936190896752033e-05, 2.5936190896752033e-05, 2.5507670211095756e-05, 2.5836513952862715e-05, 65.08476110311197], [1782935100, 2.5836513952862715e-05, 2.6285806431049986e-05, 2.5836513952862715e-05, 2.6212663930035525e-05, 123.8886742583871], [1782935160, 2.6212663930035525e-05, 2.643865635659259e-05, 2.611123578524165e-05, 2.611123578524165e-05, 5.849540727179561], [1782935220, 2.611123578524165e-05, 2.6469971884683775e-05, 2.611123578524165e-05, 2.6469971884683775e-05, 1.978505975537224], [1782935280, 2.6469971884683775e-05, 2.6876287056334975e-05, 2.6469971884683775e-05, 2.6876287056334975e-05, 104.65643225010574], [1782935340, 2.6876287056334975e-05, 2.7321591710107393e-05, 2.6876287056334975e-05, 2.7321591710107393e-05, 11.572839843865154], [1782935400, 2.7321591710107393e-05, 2.76655036865019e-05, 2.7321591710107393e-05, 2.76655036865019e-05, 39.98597406201277], [1782935520, 2.76655036865019e-05, 2.76655036865019e-05, 2.7597329043683454e-05, 2.7597329043683454e-05, 2.0747080293274047], [1782935700, 2.7597329043683454e-05, 2.7597329043683454e-05, 2.6678169481883955e-05, 2.6678169481883955e-05, 79.91411470241029], [1782935760, 2.6678169481883955e-05, 2.6997377175568274e-05, 2.6678169481883955e-05, 2.6997377175568274e-05, 0.4561661710774356], [1782935820, 2.6997377175568274e-05, 2.6997377175568274e-05, 2.6584614339404114e-05, 2.6584614339404114e-05, 4.063751270236062], [1782935880, 2.6584614339404114e-05, 2.6584614339404114e-05, 2.6558080820665985e-05, 2.6558080820665985e-05, 2.283347348295589], [1782936120, 2.6558080820665985e-05, 2.6558080820665985e-05, 2.6139028594926213e-05, 2.6139028594926213e-05, 99.20699950374367], [1782936180, 2.6139028594926213e-05, 2.6230400355123488e-05, 2.5886344765003045e-05, 