{"pair": "6pdREYRQde6R2mHSd3aY6BQT6r7c97aBGB5YAERfb8SR", "n_bars": 85, "span": [1782897513.0, 1782945919.0], "bars": [[1782897540, 3.542636310901642e-06, 3.542636310901642e-06, 3.5192030216702893e-06, 3.538943303755795e-06, 16.198589927022404], [1782899640, 3.538943303755795e-06, 3.538943303755795e-06, 3.499593878316634e-06, 3.499593878316634e-06, 0.5498444093452524], [1782899880, 3.499593878316634e-06, 3.499593878316634e-06, 3.494350961706612e-06, 3.494350961706612e-06, 0.4716453452233959], [1782900000, 3.494350961706612e-06, 3.497318043736759e-06, 3.494350961706612e-06, 3.497318043736759e-06, 0.1276882569980979], [1782900180, 3.497318043736759e-06, 3.497318043736759e-06, 3.490134041742693e-06, 3.490134041742693e-06, 0.0620884504828662], [1782901080, 3.490134041742693e-06, 3.490134041742693e-06, 3.4761975220782866e-06, 3.4761975220782866e-06, 13.394993865259668], [1782901620, 3.4761975220782866e-06, 3.4761975220782866e-06, 3.444787647784509e-06, 3.444787647784509e-06, 2.764344858074473], [1782902280, 3.444787647784509e-06, 3.444787647784509e-06, 3.4381732967465194e-06, 3.4381732967465194e-06, 0.5891140770824144], [1782902880, 3.4381732967465194e-06, 3.4381732967465194e-06, 3.4001119396722503e-06, 3.4001119396722503e-06, 2.718650284353737e-05], [1782903060, 3.4001119396722503e-06, 3.4265332887978464e-06, 3.4001119396722503e-06, 3.4265332887978464e-06, 3.523608708718224], [1782903120, 3.4265332887978464e-06, 3.469511219011213e-06, 3.4265332887978464e-06, 3.469511219011213e-06, 2.940332029448372], [1782903240, 3.469511219011213e-06, 3.469511219011213e-06, 3.4282978405800317e-06, 3.4282978405800317e-06, 0.2520316879365395], [1782903540, 3.4282978405800317e-06, 3.4282978405800317e-06, 3.423631662188177e-06, 3.423631662188177e-06, 0.09689675285862046], [1782904080, 3.423631662188177e-06, 3.423631662188177e-06, 3.4203455622441107e-06, 3.4203455622441107e-06, 0.07080662972051975], [1782904260, 3.4203455622441107e-06, 3.4232642090527697e-06, 3.4203455622441107e-06, 3.4232642090527697e-06, 0.3988760714019449], [1782905220, 3.4232642090527697e-06, 3.472966897424556e-06, 3.4232642090527697e-06, 3.472966897424556e-06, 1.1075445003710827], [1782905280, 3.472966897424556e-06, 3.472966897424556e-06, 3.4250286666505504e-06, 3.4250286666505504e-06, 0.8642192008584125], [1782905880, 3.4250286666505504e-06, 3.476757730287487e-06, 3.4250286666505504e-06, 3.476757730287487e-06, 7.369550599829091], [1782906000, 3.476757730287487e-06, 3.476757730287487e-06, 3.4406299889695746e-06, 3.4406299889695746e-06, 0.05099490070439986], [1782906300, 3.4406299889695746e-06, 3.523658593219945e-06, 3.4406299889695746e-06, 3.523658593219945e-06, 23.187504870989756], [1782906360, 3.523658593219945e-06, 3.523658593219945e-06, 3.5141846271609227e-06, 3.5141846271609227e-06, 1.1033111619157823], [1782906480, 3.5141846271609227e-06, 3.5141846271609227e-06, 3.504887761907558e-06, 3.504887761907558e-06, 0.5983634439927245], [1782906960, 3.504887761907558e-06, 3.7762414868772897e-06, 3.504887761907558e-06, 3.7762414868772897e-06, 146.30949458495988], [1782907020, 3.7762414868772897e-06, 5.287559030074556e-06, 3.7762414868772897e-06, 5.287559030074556e-06, 391.8027675978359], [1782907140, 5.287559030074556e-06, 5.292202403255652e-06, 5.287559030074556e-06, 5.292202403255652e-06, 39.013696313099054], [1782907260, 5.292202403255652e-06, 5.292202403255652e-06, 5.216243509912508e-06, 5.216243509912508e-06, 0.6747518015728375], [1782907380, 5.216243509912508e-06, 5.632441137681486e-06, 5.216243509912508e-06, 5.573051116063185e-06, 96.02194720810215], [1782907440, 5.573051116063185e-06, 5.666851156453428e-06, 5.573051116063185e-06, 5.666851156453428e-06, 9.822808376091368], [1782907560, 5.666851156453428e-06, 5.721697382412398e-06, 5.666851156453428e-06, 5.721697382412398e-06, 14.768548012535172], [1782907680, 5.721697382412398e-06, 5.749557634224975e-06, 5.721697382412398e-06, 5.749557634224975e-06, 1.4216238190389716], [1782907740, 5.749557634224975e-06, 5.749557634224975e-06, 5.2711135958447245e-06, 5.2711135958447245e-06, 112.65237101713059], [1782907860, 5.2711135958447245e-06, 5.2711135958447245e-06, 5.219145895693022e-06, 5.219145895693022e-06, 1.8836199604994053], [1782907920, 5.219145895693022e-06, 5.219145895693022e-06, 5.191886857767545e-06, 5.191886857767545e-06, 16.03926858610034], [1782908100, 5.191886857767545e-06, 5.191886857767545e-06, 4.369767560610303e-06, 4.369767560610303e-06, 247.16076994049956], [1782908400, 4.369767560610303e-06, 4.369767560610303e-06, 4.262645616410739e-06, 4.262645616410739e-06, 0.49949488113769214], [1782908580, 4.262645616410739e-06, 4.262645616410739e-06, 4.257087729561134e-06, 4.257087729561134e-06, 1.353120602322966], [1782908760, 4.257087729561134e-06, 4.257087729561134e-06, 4.233625883392704e-06, 4.233625883392704e-06, 13.940101113915173], [1782908940, 4.233625883392704e-06, 4.233625883392704e-06, 4.208113478897495e-06, 4.208113478897495e-06, 0.00022906922952721832], [1782909600, 4.208113478897495e-06, 4.249604047826676e-06, 4.195683431850578e-06, 4.249604047826676e-06, 0.6265832044413029], [1782909720, 4.249604047826676e-06, 4.254226946325615e-06, 4.249604047826676e-06, 4.254226946325615e-06, 0.7333720087459371], [1782910440, 4.254226946325615e-06, 4.254226946325615e-06, 4.193956449757787e-06, 4.193956449757787e-06, 0.14960830449621934], [1782910860, 4.193956449757787e-06, 4.205096620152914e-06, 4.193956449757787e-06, 4.205096620152914e-06, 2.685360698901801], [1782911580, 4.205096620152914e-06, 4.217370611318639e-06, 4.205096620152914e-06, 4.217370611318639e-06, 0.07470971669591264], [1782911760, 4.217370611318639e-06, 4.218140301197469e-06, 4.217370611318639e-06, 4.218140301197469e-06, 0.36592553288946517], [1782911820, 4.218140301197469e-06, 4.2787321459477005e-06, 4.218140301197469e-06, 4.2787321459477005e-06, 0.8306072785019234], [1782912120, 4.2787321459477005e-06, 4.297156557674745e-06, 4.2787321459477005e-06, 4.297156557674745e-06, 1.9608791530922158], [1782913380, 4.297156557674745e-06, 4.297156557674745e-06, 4.2533895185543595e-06, 4.2533895185543595e-06, 0.12653222913145465], [1782913860, 4.2533895185543595e-06, 4.270835165142403e-06, 4.2533895185543595e-06, 4.270835165142403e-06, 0.0007024551761867315], [1782914640, 4.270835165142403e-06, 4.337803019050598e-06, 4.270835165142403e-06, 4.337803019050598e-06, 0.8234730644725764], [1782914700, 4.337803019050598e-06, 4.339304454540608e-06, 4.276880775414755e-06, 4.279364293888732e-06, 4.809544939824048], [1782915060, 4.279364293888732e-06, 4.330379496027669e-06, 4.279216086561985e-06, 4.330379496027669e-06, 13.464131388386049], [1782915480, 4.330379496027669e-06, 4.388046747990809e-06, 4.330379496027669e-06, 4.388046747990809e-06, 0.5877857770688956], [1782915720, 4.388046747990809e-06, 4.388046747990809e-06, 4.326250864731204e-06, 4.326250864731204e-06, 1.5263589392108396], [1782915780, 4.326250864731204e-06, 4.326250864731204e-06, 4.322302576523604e-06, 4.322302576523604e-06, 5.069052844132363], [1782915960, 4.322302576523604e-06, 4.349677129529857e-06, 4.322302576523604e-06, 4.349677129529857e-06, 0.12739461150046855], [1782916200, 4.349677129529857e-06, 4.349677129529857e-06, 4.295341577633529e-06, 4.295341577633529e-06, 0.49046902291586114], [1782916740, 4.295341577633529e-06, 4.295341577633529e-06, 4.293945395120379e-06, 4.293945395120379e-06, 0.3205659602243436], [1782917040, 4.293945395120379e-06, 4.302070800398911e-06, 4.293945395120379e-06, 4.302070800398911e-06, 0.14553008718395433], [1782917700, 4.302070800398911e-06, 4.357286562203907e-06, 4.302070800398911e-06, 4.357286562203907e-06, 0.2941781190078156], [1782920040, 4.357286562203907e-06, 4.357286562203907e-06, 4.291091428865021e-06, 4.291091428865021e-06, 21.96838953244215], [1782920160, 4.291091428865021e-06, 4.291091428865021e-06, 4.2432052699609265e-06, 4.2432052699609265e-06, 2.793997540968303], [1782920640, 4.2432052699609265e-06, 4.25070877805654e-06, 4.2432052699609265e-06, 4.25070877805654e-06, 0.8251672526847946], 