{"pair": "4yn8vaBS7zwmfqfqnAPWf5D1rQZDqeGuWbMsMgqg9XbK", "n_bars": 105, "span": [1782862404.0, 1782944156.0], "bars": [[1782862560, 3.934448712195212e-06, 3.934448712195212e-06, 3.859679204367649e-06, 3.859679204367649e-06, 0.2864052618370797], [1782862680, 3.859679204367649e-06, 3.859679204367649e-06, 3.8085229175285393e-06, 3.8085229175285393e-06, 1.1985332952421963], [1782863760, 3.8085229175285393e-06, 3.893298190154072e-06, 3.8085229175285393e-06, 3.893298190154072e-06, 21.815425851002093], [1782864600, 3.893298190154072e-06, 3.893298190154072e-06, 3.876977215263158e-06, 3.876977215263158e-06, 2.939348560165611], [1782864840, 3.876977215263158e-06, 4.008210935907963e-06, 3.876977215263158e-06, 3.965741399849912e-06, 25.2422564025849], [1782865320, 3.965741399849912e-06, 3.965741399849912e-06, 3.943271755357931e-06, 3.943271755357931e-06, 0.5300449214978359], [1782865980, 3.943271755357931e-06, 3.943271755357931e-06, 3.907655232325279e-06, 3.907655232325279e-06, 28.9374247199826], [1782866040, 3.907655232325279e-06, 3.907655232325279e-06, 3.856988990522522e-06, 3.856988990522522e-06, 0.8684428576690186], [1782866280, 3.856988990522522e-06, 3.856988990522522e-06, 3.847580369179413e-06, 3.847580369179413e-06, 3.302654165525649], [1782866580, 3.847580369179413e-06, 3.889767233281063e-06, 3.847580369179413e-06, 3.889767233281063e-06, 2.176958857714131], [1782866880, 3.889767233281063e-06, 3.889767233281063e-06, 3.820189664111883e-06, 3.820189664111883e-06, 14.999214007402273], [1782867480, 3.820189664111883e-06, 3.820189664111883e-06, 3.787965329053656e-06, 3.792909744585703e-06, 4.48197327689421], [1782867720, 3.792909744585703e-06, 3.792909744585703e-06, 3.767672824917258e-06, 3.767672824917258e-06, 6.690836328788823], [1782867960, 3.767672824917258e-06, 3.767672824917258e-06, 3.730694697479165e-06, 3.730694697479165e-06, 9.464653246671892], [1782868620, 3.730694697479165e-06, 3.730694697479165e-06, 3.685149446511553e-06, 3.685149446511553e-06, 2.173325105544383], [1782868680, 3.685149446511553e-06, 3.685149446511553e-06, 3.681685384520795e-06, 3.681685384520795e-06, 6.096918615221307], [1782869280, 3.681685384520795e-06, 3.681685384520795e-06, 3.6626870582275803e-06, 3.6626870582275803e-06, 12.775183255638964], [1782869820, 3.6626870582275803e-06, 3.7174357244120406e-06, 3.649645565643647e-06, 3.7174357244120406e-06, 16.802058111764815], [1782871500, 3.7174357244120406e-06, 3.792851567699196e-06, 3.7174357244120406e-06, 3.792851567699196e-06, 13.706970853721572], [1782873480, 3.792851567699196e-06, 4.0317049007625154e-06, 3.792851567699196e-06, 4.0317049007625154e-06, 99.14398074671674], [1782873840, 4.0317049007625154e-06, 4.065255779078994e-06, 4.0317049007625154e-06, 4.065255779078994e-06, 49.98451655219637], [1782874140, 4.065255779078994e-06, 4.065255779078994e-06, 3.833503034161859e-06, 3.833503034161859e-06, 80.21620918985874], [1782874620, 3.833503034161859e-06, 3.833503034161859e-06, 3.7073166778363734e-06, 3.7073166778363734e-06, 1.3366373986154598], [1782874920, 3.7073166778363734e-06, 3.7073166778363734e-06, 3.693698939180616e-06, 3.693698939180616e-06, 0.28062244145705206], [1782875460, 3.693698939180616e-06, 3.808717213745598e-06, 3.693698939180616e-06, 3.808717213745598e-06, 39.575407173246674], [1782875520, 3.808717213745598e-06, 3.8146272519175075e-06, 3.808717213745598e-06, 3.8146272519175075e-06, 4.377173063252711], [1782875760, 3.8146272519175075e-06, 3.8704179725645185e-06, 3.8146272519175075e-06, 3.8704179725645185e-06, 10.227195566514805], [1782876300, 3.8704179725645185e-06, 3.8704179725645185e-06, 3.818257647944749e-06, 3.818257647944749e-06, 6.711670844349779], [1782876660, 3.818257647944749e-06, 3.818257647944749e-06, 3.811254932673458e-06, 3.811254932673458e-06, 2.4450131473571384], [1782877140, 3.811254932673458e-06, 3.896277765852033e-06, 3.811254932673458e-06, 3.896277765852033e-06, 10.360634817011054], [1782877740, 3.896277765852033e-06, 3.896277765852033e-06, 3.8700937563427386e-06, 3.8700937563427386e-06, 2.4768600040593527], [1782879960, 3.8700937563427386e-06, 3.887459722860638e-06, 3.85312357584884e-06, 3.887459722860638e-06, 10.900596060239241], [1782880140, 3.887459722860638e-06, 3.903200665321995e-06, 3.887459722860638e-06, 3.903200665321995e-06, 5.9240328431564935], [1782880380, 3.903200665321995e-06, 3.92697319020423e-06, 3.903200665321995e-06, 3.92697319020423e-06, 3.6815327638986854], [1782880740, 3.92697319020423e-06, 3.935240210369663e-06, 3.92697319020423e-06, 3.935240210369663e-06, 4.394284447287146], [1782881520, 3.935240210369663e-06, 3.935240210369663e-06, 3.902329208854024e-06, 3.902329208854024e-06, 0.022243152201282635], [1782881580, 3.902329208854024e-06, 3.902329208854024e-06, 3.851054186438024e-06, 3.851054186438024e-06, 26.234948506596066], [1782885480, 3.851054186438024e-06, 3.854681398282697e-06, 3.851054186438024e-06, 3.854681398282697e-06, 7.353043367874433], [1782886080, 3.854681398282697e-06, 3.854681398282697e-06, 3.8097181792502975e-06, 3.8097181792502975e-06, 0.8852049191062814], [1782888660, 3.8097181792502975e-06, 3.8097181792502975e-06, 3.739026601408917e-06, 3.739026601408917e-06, 16.555288497174153], [1782889680, 3.739026601408917e-06, 3.739026601408917e-06, 3.6850303017956257e-06, 3.6850303017956257e-06, 15.3197123797055], [1782890820, 3.6850303017956257e-06, 3.6850303017956257e-06, 3.6814957152617464e-06, 3.6814957152617464e-06, 0.37246718198516765], [1782891180, 3.6814957152617464e-06, 3.6814957152617464e-06, 3.676739750354841e-06, 3.676739750354841e-06, 1.7215411293791059], [1782892920, 3.676739750354841e-06, 3.7314118695606153e-06, 3.676739750354841e-06, 3.7314118695606153e-06, 1.4621450729130745], [1782892980, 3.7314118695606153e-06, 3.7314118695606153e-06, 3.688649063525593e-06, 3.688649063525593e-06, 0.33197841571730335], [1782893760, 3.688649063525593e-06, 3.688649063525593e-06, 3.687336664837133e-06, 3.687336664837133e-06, 1.4448743063301128], [1782894120, 3.687336664837133e-06, 3.7481891857319923e-06, 3.687336664837133e-06, 3.7481891857319923e-06, 18.44176281125828], [1782894360, 3.7481891857319923e-06, 3.7481891857319923e-06, 3.705170530815286e-06, 3.705170530815286e-06, 18.230103316200445], [1782896280, 3.705170530815286e-06, 3.705170530815286e-06, 3.653363154483931e-06, 3.653363154483931e-06, 33.23583110981246], [1782897540, 3.653363154483931e-06, 3.653363154483931e-06, 3.5836143803073535e-06, 3.5836143803073535e-06, 8.59180421694821], [1782899040, 3.5836143803073535e-06, 3.648431489266569e-06, 3.5836143803073535e-06, 3.648431489266569e-06, 21.63021121875547], [1782902760, 3.648431489266569e-06, 3.648431489266569e-06, 3.460249453310819e-06, 3.460249453310819e-06, 108.60879391082625], [1782906060, 3.460249453310819e-06, 3.460249453310819e-06, 3.2752079042205948e-06, 3.2752079042205948e-06, 6.603473251583951], [1782906960, 3.2752079042205948e-06, 3.2752079042205948e-06, 3.2495609344355246e-06, 3.2495609344355246e-06, 2.2623670871126706], [1782907440, 3.2495609344355246e-06, 3.2495609344355246e-06, 3.245414179360787e-06, 3.245414179360787e-06, 3.042571989934242], [1782907800, 3.245414179360787e-06, 3.245414179360787e-06, 3.2435869737576077e-06, 3.2435869737576077e-06, 1.5533729847048423], [1782908220, 3.2435869737576077e-06, 3.2435869737576077e-06, 3.220018227933398e-06, 3.220018227933398e-06, 8.057777013510842], [1782908820, 3.220018227933398e-06, 3.220018227933398e-06, 3.206975966673736e-06, 3.206975966673736e-06, 0.9395843021358191], [1782909060, 3.206975966673736e-06, 3.206975966673736e-06, 3.1296325116565085e-06, 3.1296325116565085e-06, 49.11576709446431], [1782909360, 3.1296325116565085e-06, 3.1296325116565085e-06, 3.042960012455284e-06, 3.042960012455284e-06, 7.048816772505113], [1782910080, 3.042960012455284e-06, 3.042960012455284e-06, 3.0278671761703606e-06, 3.0278671761703606e-06, 0.25015533906438014], [1782910200, 3.0278671761703606e-06, 3.0311313794416316e-06, 3.0278671761703606e-06, 3.0311313794416316e-06, 0.795820516142005], [1782910260, 