{"pair": "CcspXXLaaceTXUF4kg1JjChd3CYDcNZj7bNrPqTVGsKo", "n_bars": 88, "span": [1782840871.0, 1782938954.0], "bars": [[1782841200, 2.45926109646649e-06, 2.479516691659234e-06, 2.45926109646649e-06, 2.479516691659234e-06, 9.805879085168986], [1782841740, 2.479516691659234e-06, 2.492185217582431e-06, 2.479516691659234e-06, 2.492185217582431e-06, 0.8503024930124778], [1782841980, 2.492185217582431e-06, 2.492185217582431e-06, 2.4629922269875844e-06, 2.4629922269875844e-06, 0.009128945099144394], [1782844020, 2.4629922269875844e-06, 2.539021074789705e-06, 2.4629922269875844e-06, 2.539021074789705e-06, 35.85992237354968], [1782844440, 2.539021074789705e-06, 2.548478365012655e-06, 2.539021074789705e-06, 2.548478365012655e-06, 0.02966607061529145], [1782844500, 2.548478365012655e-06, 2.5493726263348e-06, 2.548478365012655e-06, 2.5493726263348e-06, 0.22396819601108875], [1782845220, 2.5493726263348e-06, 2.5892954259057405e-06, 2.5493726263348e-06, 2.5892954259057405e-06, 0.988659593890876], [1782845940, 2.5892954259057405e-06, 2.6045968185980393e-06, 2.5892954259057405e-06, 2.6045968185980393e-06, 4.94449720879975], [1782846360, 2.6045968185980393e-06, 2.6095295571319577e-06, 2.6045968185980393e-06, 2.6095295571319577e-06, 3.977004633192824], [1782846420, 2.6095295571319577e-06, 2.6095295571319577e-06, 2.5403365505475846e-06, 2.5403365505475846e-06, 35.878501525582024], [1782846540, 2.5403365505475846e-06, 2.5403365505475846e-06, 2.469624689745793e-06, 2.469624689745793e-06, 18.668472704044557], [1782846840, 2.469624689745793e-06, 2.469624689745793e-06, 2.4386135241214994e-06, 2.4386135241214994e-06, 3.6849328074500427], [1782847740, 2.4386135241214994e-06, 2.4386135241214994e-06, 2.3808143685535146e-06, 2.3808143685535146e-06, 40.27008149661703], [1782848340, 2.3808143685535146e-06, 2.3808143685535146e-06, 2.3360978126220797e-06, 2.3360978126220797e-06, 0.05007011042305692], [1782849240, 2.3360978126220797e-06, 2.364028562491152e-06, 2.3360978126220797e-06, 2.364028562491152e-06, 2.9640957220827873], [1782850440, 2.364028562491152e-06, 2.364028562491152e-06, 2.344050570041266e-06, 2.344050570041266e-06, 1.9833461160151653], [1782851340, 2.344050570041266e-06, 2.344050570041266e-06, 2.3380401751369932e-06, 2.3380401751369932e-06, 0.02228006471055364], [1782852360, 2.3380401751369932e-06, 2.3380401751369932e-06, 2.3366910359890357e-06, 2.3366910359890357e-06, 0.6106236207995447], [1782852480, 2.3366910359890357e-06, 2.3407005789702225e-06, 2.3366910359890357e-06, 2.3407005789702225e-06, 0.0574603359950856], [1782853440, 2.3407005789702225e-06, 2.3407005789702225e-06, 2.254380427082428e-06, 2.254380427082428e-06, 64.40154844830927], [1782853620, 2.254380427082428e-06, 2.4368345128479502e-06, 2.205461637179874e-06, 2.205461637179874e-06, 124.57390795130301], [1782853680, 2.205461637179874e-06, 2.5419301328008707e-06, 2.205461637179874e-06, 2.5419301328008707e-06, 18.33876944068282], [1782853740, 2.5419301328008707e-06, 2.594783952154419e-06, 2.5419301328008707e-06, 2.594783952154419e-06, 23.57130772980306], [1782853800, 2.594783952154419e-06, 2.594783952154419e-06, 2.475956756429448e-06, 2.475956756429448e-06, 47.22385298292111], [1782856200, 2.475956756429448e-06, 2.492317079135815e-06, 2.475956756429448e-06, 2.492317079135815e-06, 0.7172884919555803], [1782856380, 2.492317079135815e-06, 2.492317079135815e-06, 2.4622428438572774e-06, 2.4622428438572774e-06, 0.7086331314277219], [1782857880, 2.4622428438572774e-06, 2.470251349432545e-06, 2.4622428438572774e-06, 2.470251349432545e-06, 0.40212903002124945], [1782858300, 2.470251349432545e-06, 2.470251349432545e-06, 2.465437269111343e-06, 2.465437269111343e-06, 2.015857606731068], [1782858540, 2.465437269111343e-06, 2.465437269111343e-06, 2.454700456951264e-06, 2.454700456951264e-06, 2.673050586580565], [1782859020, 2.454700456951264e-06, 2.454700456951264e-06, 2.3693367622343643e-06, 2.3693367622343643e-06, 59.978767383859555], [1782859140, 2.3693367622343643e-06, 2.3693367622343643e-06, 2.295918219107166e-06, 2.295918219107166e-06, 0.018555019152219472], [1782859560, 2.295918219107166e-06, 2.295918219107166e-06, 2.158198166843798e-06, 2.158198166843798e-06, 73.26412073575023], [1782864840, 2.158198166843798e-06, 2.158198166843798e-06, 2.124509703102524e-06, 2.124509703102524e-06, 0.3271209468159112], [1782866220, 2.124509703102524e-06, 2.147848748689903e-06, 2.104565959525879e-06, 2.104565959525879e-06, 16.16340719025937], [1782866460, 2.104565959525879e-06, 2.1173424572234047e-06, 2.104565959525879e-06, 2.1173424572234047e-06, 3.9977525949408044], [1782867420, 2.1173424572234047e-06, 2.1173424572234047e-06, 2.09050925555609e-06, 2.09050925555609e-06, 6.799826632167616], [1782869700, 2.09050925555609e-06, 2.1027672924658325e-06, 2.09050925555609e-06, 2.1027672924658325e-06, 2.7500169500625753], [1782869880, 2.1027672924658325e-06, 2.1027672924658325e-06, 2.0824721767091286e-06, 2.0824721767091286e-06, 1.4700180846857251], [1782870360, 2.0824721767091286e-06, 2.0972496371752663e-06, 2.0824721767091286e-06, 2.0972496371752663e-06, 0.021404969040780278], [1782871500, 2.0972496371752663e-06, 2.0972496371752663e-06, 2.0751224229664583e-06, 2.0751224229664583e-06, 14.168495978061308], [1782872100, 2.0751224229664583e-06, 2.0751224229664583e-06, 2.0617376661012405e-06, 2.0617376661012405e-06, 0.0184528738787567], [1782873240, 2.0617376661012405e-06, 2.331632994267342e-06, 2.0617376661012405e-06, 2.331632994267342e-06, 166.3274100286966], [1782873300, 2.331632994267342e-06, 2.548692089307023e-06, 2.331632994267342e-06, 2.548692089307023e-06, 24.093721525634272], [1782873720, 2.548692089307023e-06, 2.6114966750875428e-06, 2.548692089307023e-06, 2.6114966750875428e-06, 18.693001254644244], [1782873780, 2.6114966750875428e-06, 2.6114966750875428e-06, 2.5783587390385727e-06, 2.5783587390385727e-06, 18.455801075126896], [1782873900, 2.5783587390385727e-06, 2.593801169298615e-06, 2.5572246887924565e-06, 2.593801169298615e-06, 2.85318632795332], [1782874080, 2.593801169298615e-06, 2.6130861713960675e-06, 2.593801169298615e-06, 2.6130861713960675e-06, 18.015686192227395], [1782874140, 2.6130861713960675e-06, 2.702783863322674e-06, 2.6130861713960675e-06, 2.702783863322674e-06, 49.05428305065439], [1782874200, 2.702783863322674e-06, 2.8075739976199896e-06, 2.702783863322674e-06, 2.8075739976199896e-06, 19.095970101427653], [1782874260, 2.8075739976199896e-06, 2.8357353266311974e-06, 2.8075739976199896e-06, 2.8357353266311974e-06, 9.541736220722518], [1782874320, 2.8357353266311974e-06, 3.0964948764446004e-06, 2.8357353266311974e-06, 2.941660624357857e-06, 119.14577654343452], [1782874380, 2.941660624357857e-06, 3.2125767507136114e-06, 2.941660624357857e-06, 3.2125767507136114e-06, 10.403857812297924], [1782874560, 3.2125767507136114e-06, 3.266265249809272e-06, 3.2125767507136114e-06, 3.266265249809272e-06, 33.90624414027792], [1782876420, 3.266265249809272e-06, 3.3069119677871367e-06, 3.266265249809272e-06, 3.3069119677871367e-06, 7.141648939253571], [1782876480, 3.3069119677871367e-06, 3.4669572810432016e-06, 3.3069119677871367e-06, 3.4669572810432016e-06, 89.20336766237612], [1782876600, 3.4669572810432016e-06, 3.4669572810432016e-06, 3.4147950088617645e-06, 3.4147950088617645e-06, 88.13386048248462], [1782877500, 3.4147950088617645e-06, 3.4147950088617645e-06, 3.2974600000054193e-06, 3.2974600000054193e-06, 0.5222682664310054], [1782877980, 3.2974600000054193e-06, 3.307553522980308e-06, 3.2974600000054193e-06, 3.307553522980308e-06, 7.1430344499685265], [1782879120, 3.307553522980308e-06, 3.307553522980308e-06, 3.1957595225470256e-06, 3.1957595225470256e-06, 71.52086296264655], [1782879660, 3.1957595225470256e-06, 3.1957595225470256e-06, 3.0762286200886123e-06, 3.0762286200886123e-06, 7.21182296046073], [1782880080, 3.0762286200886123e-06, 3.0762286200886123e-06, 3.020393718078843e-06, 3.020393718078843e-06, 35.18379223597201], [1782880500, 3.020393718078843e-06, 3.020393718078843e-06, 2.7967341989670673e-06, 