{"pair": "2xzWQTQi26TS3CyPxoLSS51PNaCyHUKpmootgvtjwyrC", "n_bars": 84, "span": [1782919335.0, 1782946321.0], "bars": [[1782920520, 6.316642262850865e-06, 6.7129047415366825e-06, 6.316642262850865e-06, 6.7129047415366825e-06, 88.88397228951278], [1782921000, 6.7129047415366825e-06, 6.785669226681221e-06, 6.7129047415366825e-06, 6.785669226681221e-06, 4.903204911456295], [1782921060, 6.785669226681221e-06, 6.785669226681221e-06, 6.701972003133981e-06, 6.701972003133981e-06, 2.1664484584553634], [1782921600, 6.701972003133981e-06, 6.80884423446216e-06, 6.701972003133981e-06, 6.80884423446216e-06, 4.188415200549245], [1782922440, 6.80884423446216e-06, 7.877380114752304e-06, 6.729979907565993e-06, 7.876017657363273e-06, 256.82027352695417], [1782922500, 7.876017657363273e-06, 7.876017657363273e-06, 7.182040027187738e-06, 7.187743953144489e-06, 159.7805233266148], [1782922560, 7.187743953144489e-06, 7.696003372850624e-06, 7.187743953144489e-06, 7.696003372850624e-06, 131.71088009261314], [1782922620, 7.696003372850624e-06, 7.87344920040592e-06, 7.696003372850624e-06, 7.87344920040592e-06, 47.24984555866727], [1782922800, 7.87344920040592e-06, 7.884799027626618e-06, 7.865108647736592e-06, 7.865108647736592e-06, 8.39530005765359], [1782922860, 7.865108647736592e-06, 8.333045115312702e-06, 7.865108647736592e-06, 8.297117682185682e-06, 89.87282210156194], [1782922920, 8.297117682185682e-06, 8.334101519950698e-06, 8.175885321221648e-06, 8.175885321221648e-06, 15.36323567489698], [1782923280, 8.175885321221648e-06, 8.175885321221648e-06, 7.871582990406743e-06, 7.898367885574046e-06, 97.16851022746403], [1782923820, 7.898367885574046e-06, 8.319762003010495e-06, 7.898367885574046e-06, 8.291502362835911e-06, 104.19076322291853], [1782923880, 8.291502362835911e-06, 8.335253687727633e-06, 8.067949811659037e-06, 8.092887665866728e-06, 59.07916576738799], [1782923940, 8.092887665866728e-06, 8.137088070663696e-06, 8.092887665866728e-06, 8.137088070663696e-06, 30.500867418010525], [1782924000, 8.137088070663696e-06, 8.137088070663696e-06, 7.8007442724037e-06, 7.833253001342284e-06, 68.18247387591559], [1782924240, 7.833253001342284e-06, 7.833253001342284e-06, 7.787189108532094e-06, 7.787189108532094e-06, 6.5193559452043095], [1782924360, 7.787189108532094e-06, 7.787189108532094e-06, 7.513508057569798e-06, 7.513508057569798e-06, 110.44856856214935], [1782924480, 7.513508057569798e-06, 7.513508057569798e-06, 7.266857381280669e-06, 7.266857381280669e-06, 0.012748769097525777], [1782924600, 7.266857381280669e-06, 7.266857381280669e-06, 7.258832078510035e-06, 7.258832078510035e-06, 0.00967532700962222], [1782924780, 7.258832078510035e-06, 7.258832078510035e-06, 7.241301556808705e-06, 7.241301556808705e-06, 1.1918137693024276], [1782924840, 7.241301556808705e-06, 7.241301556808705e-06, 7.232695211952361e-06, 7.232695211952361e-06, 1.102045763398648], [1782925200, 7.232695211952361e-06, 7.338893041348373e-06, 7.232695211952361e-06, 7.338893041348373e-06, 10.989775872445719], [1782925740, 7.338893041348373e-06, 7.338893041348373e-06, 7.265056572857907e-06, 7.265056572857907e-06, 2.3812531707675566], [1782926160, 7.265056572857907e-06, 7.265056572857907e-06, 6.814470999145028e-06, 6.814470999145028e-06, 146.24139517295444], [1782926280, 6.814470999145028e-06, 6.814470999145028e-06, 6.744932245251427e-06, 6.801970551345762e-06, 18.097247548855943], [1782926340, 6.801970551345762e-06, 6.933800846951715e-06, 6.801970551345762e-06, 6.933800846951715e-06, 29.61323430195208], [1782926700, 6.933800846951715e-06, 6.933800846951715e-06, 6.856131321848442e-06, 6.856131321848442e-06, 10.266854436309625], [1782926940, 6.856131321848442e-06, 6.856131321848442e-06, 6.788352931340637e-06, 6.788352931340637e-06, 18.190201266168668], [1782927780, 6.788352931340637e-06, 6.788352931340637e-06, 6.722148626686932e-06, 6.722148626686932e-06, 16.03445108282571], [1782929160, 6.722148626686932e-06, 6.722148626686932e-06, 6.680053365484014e-06, 6.680053365484014e-06, 1.8513710049302368], [1782929340, 6.680053365484014e-06, 6.8806056311279795e-06, 6.680053365484014e-06, 6.8806056311279795e-06, 59.24958513158663], [1782929400, 6.8806056311279795e-06, 6.8806056311279795e-06, 6.77715800976083e-06, 6.77715800976083e-06, 65.60402141423762], [1782929640, 6.77715800976083e-06, 6.77715800976083e-06, 6.752957098784882e-06, 6.752957098784882e-06, 10.098664987329714], [1782929880, 6.752957098784882e-06, 6.752957098784882e-06, 6.683260899530331e-06, 6.683260899530331e-06, 2.066177168828626], [1782929940, 6.683260899530331e-06, 6.683260899530331e-06, 6.674638205906103e-06, 6.674638205906103e-06, 2.070644288148257], [1782930360, 6.674638205906103e-06, 6.674638205906103e-06, 6.6612514707615245e-06, 6.6612514707615245e-06, 0.01995651532268911], [1782930840, 6.6612514707615245e-06, 6.6612514707615245e-06, 6.612348050425587e-06, 6.612348050425587e-06, 25.342150634713885], [1782931620, 6.612348050425587e-06, 6.6169135094799194e-06, 6.535339345879626e-06, 6.6169135094799194e-06, 9.839854945168602], [1782931740, 6.6169135094799194e-06, 6.6169135094799194e-06, 6.538551911151216e-06, 6.538551911151216e-06, 4.868263638869659], [1782931860, 6.538551911151216e-06, 6.659694992882126e-06, 6.538551911151216e-06, 6.659694992882126e-06, 19.198224646005418], [1782932460, 6.659694992882126e-06, 6.689485191566549e-06, 6.659694992882126e-06, 6.689485191566549e-06, 2.379164361049921], [1782932580, 6.689485191566549e-06, 6.724385516073763e-06, 6.689485191566549e-06, 6.724385516073763e-06, 7.626079911197222], [1782932700, 6.724385516073763e-06, 6.724385516073763e-06, 6.616617461104988e-06, 6.637204064249897e-06, 9.937275572722733], [1782932760, 6.637204064249897e-06, 6.69966355729808e-06, 6.637204064249897e-06, 6.69966355729808e-06, 1.5247587171987187], [1782933480, 6.69966355729808e-06, 6.69966355729808e-06, 6.594643123002377e-06, 6.594643123002377e-06, 9.745516125805938], [1782933720, 6.594643123002377e-06, 6.594643123002377e-06, 6.571237110070239e-06, 6.571237110070239e-06, 2.864856637066655], [1782933840, 6.571237110070239e-06, 6.571237110070239e-06, 6.559005079751438e-06, 6.559005079751438e-06, 0.3393002662052968], [1782933900, 6.559005079751438e-06, 7.0051935751912714e-06, 6.559005079751438e-06, 7.0051935751912714e-06, 91.64506787026812], [1782933960, 7.0051935751912714e-06, 7.037733892750921e-06, 7.0051935751912714e-06, 7.037733892750921e-06, 15.847097863502254], [1782934020, 7.037733892750921e-06, 7.092797805506692e-06, 7.037733892750921e-06, 7.092797805506692e-06, 10.086104260725344], [1782934080, 7.092797805506692e-06, 7.168989316165138e-06, 7.092797805506692e-06, 7.168989316165138e-06, 21.395032141658184], [1782934140, 7.168989316165138e-06, 7.2710958814397375e-06, 7.151302797964904e-06, 7.226252550516784e-06, 39.93146992560749], [1782934200, 7.226252550516784e-06, 7.249749550158e-06, 7.226252550516784e-06, 7.249749550158e-06, 4.53794943524604], [1782934380, 7.249749550158e-06, 7.249749550158e-06, 6.793002344466748e-06, 6.824873073407547e-06, 93.3466283876351], [1782934560, 6.824873073407547e-06, 6.8571576490526255e-06, 6.761400048555157e-06, 6.761400048555157e-06, 6.008473024252804], [1782934800, 6.761400048555157e-06, 6.761400048555157e-06, 6.71491893116139e-06, 6.71491893116139e-06, 20.66158446299484], [1782934920, 6.71491893116139e-06, 6.71491893116139e-06, 6.6736762722805336e-06, 6.6736762722805336e-06, 0.027000107778039326], [1782935100, 6.6736762722805336e-06, 6.6736762722805336e-06, 6.666999174498751e-06, 6.666999174498751e-06, 0.9273072336176708], [1782935220, 6.666999174498751e-06, 6.666999174498751e-06, 6.655403083191656e-06, 6.655403083191656e-06, 3.3938362680371905], [1782935340, 6.655403083191656e-06, 6.743578107625528e-06, 6.634194117962723e-06, 6.6907534001780225e-06, 33.11156313637021], [1782935520, 6.6907534001780225e-06, 6.870631059135955e-06, 6.6907534001780225e-06, 6.870631059135955e-06, 48.76567562722067], [1782935760, 6.870631059135955e-06, 6.870631059135955e-06, 6.853657033268091e-06, 