{"pair": "CkYYGQTqRHFNKFWszd5198oUixiSVLedhcoUHU885XYr", "n_bars": 155, "span": [1782954038.0, 1782965884.0], "bars": [[1782954060, 5.572566333947851e-05, 6.100364317088193e-05, 5.572566333947851e-05, 5.893002613843716e-05, 888.643146143378], [1782954120, 5.893002613843716e-05, 5.893002613843716e-05, 5.4881772749043714e-05, 5.6551977996484796e-05, 696.136406676458], [1782954180, 5.6551977996484796e-05, 6.072352185572176e-05, 5.594735881940919e-05, 6.072352185572176e-05, 1242.589836215661], [1782954240, 6.072352185572176e-05, 6.473050651604559e-05, 5.8647788876913476e-05, 6.350447223780761e-05, 868.4608943963404], [1782954300, 6.350447223780761e-05, 6.51648381103014e-05, 6.168827626169223e-05, 6.415250945823087e-05, 674.3618003275237], [1782954360, 6.415250945823087e-05, 7.644031795374479e-05, 6.315787632801553e-05, 7.61030189241403e-05, 2896.1013471406854], [1782954420, 7.61030189241403e-05, 8.183190772382481e-05, 7.538659343106434e-05, 7.71626439297607e-05, 3198.356321492734], [1782954480, 7.71626439297607e-05, 7.71626439297607e-05, 6.599954262914243e-05, 7.107791581688767e-05, 3525.4397607196215], [1782954540, 7.107791581688767e-05, 7.516970757649964e-05, 6.940789285419453e-05, 7.460481225208657e-05, 1617.0149701860448], [1782954600, 7.460481225208657e-05, 7.460481225208657e-05, 7.143440033345185e-05, 7.143440033345185e-05, 299.48252151093766], [1782954660, 7.143440033345185e-05, 7.143440033345185e-05, 6.821683495118779e-05, 6.821683495118779e-05, 255.66005342663124], [1782954720, 6.821683495118779e-05, 7.462998936070001e-05, 6.639006871013165e-05, 7.327798074586199e-05, 930.3451122737225], [1782954780, 7.327798074586199e-05, 8.407117755400445e-05, 7.327798074586199e-05, 8.280849951718827e-05, 2205.4876905721057], [1782954840, 8.280849951718827e-05, 8.748727761856798e-05, 8.055657543114888e-05, 8.60956140548938e-05, 2197.808321085752], [1782954900, 8.60956140548938e-05, 9.085091192973687e-05, 8.164025045001939e-05, 9.034129883508337e-05, 2175.807302845982], [1782954960, 9.034129883508337e-05, 9.520918886973066e-05, 8.58530204026744e-05, 9.471350439115636e-05, 3442.021697418788], [1782955020, 9.471350439115636e-05, 9.505179254084687e-05, 8.493888140404437e-05, 8.699588613500878e-05, 2143.19634149265], [1782955080, 8.699588613500878e-05, 8.882735373991687e-05, 8.562093223537127e-05, 8.792398785781401e-05, 668.2882752716855], [1782955140, 8.792398785781401e-05, 8.792398785781401e-05, 7.853502723884527e-05, 8.18396789993546e-05, 2188.987775498764], [1782955200, 8.18396789993546e-05, 9.35985618094032e-05, 8.0924280035359e-05, 9.145658232801723e-05, 3584.0371432965608], [1782955260, 9.145658232801723e-05, 9.216746247054946e-05, 7.998506646696904e-05, 8.657457629584389e-05, 1898.1702123229713], [1782955320, 8.657457629584389e-05, 9.495055389313338e-05, 8.537799845874768e-05, 9.170068892387463e-05, 2144.370480784687], [1782955380, 9.170068892387463e-05, 9.9973578320038e-05, 9.170068892387463e-05, 9.837437219684708e-05, 1471.5927444446077], [1782955440, 9.837437219684708e-05, 0.00011443880863721249, 9.71519168047295e-05, 0.00011375896511254303, 2990.485903357672], [1782955500, 0.00011375896511254303, 0.00011992433419385275, 0.00010968077022330683, 0.00011527817647581248, 3854.141333287159], [1782955560, 0.00011527817647581248, 0.00011596846638861863, 0.00011104366067667685, 0.00011261535678810183, 1533.1504927717776], [1782955620, 0.00011261535678810183, 0.00013651178433478955, 0.00011261535678810183, 0.0001358861301280427, 2725.0911377251123], [1782955680, 0.0001358861301280427, 0.00013857834037895222, 0.00012357874393511008, 0.0001367937421765291, 5922.529967467044], [1782955740, 0.0001367937421765291, 0.00014720098422192212, 0.00012273697499589362, 0.00012652618106870844, 9334.380003128528], [1782955800, 0.00012652618106870844, 0.00013377551761321698, 0.00012116855629667328, 0.00012304136598385458, 2105.247250359562], [1782955860, 0.00012304136598385458, 0.0001240424936100664, 0.00011561563152573365, 0.00011561563152573365, 2841.91861709419], [1782955920, 0.00011561563152573365, 0.00012927403717779618, 0.00011561563152573365, 0.0001290640938060366, 1464.6407518988974], [1782955980, 0.0001290640938060366, 0.00013497980282331236, 0.0001272899689282195, 0.00012976006146842926, 1049.8656485630102], [1782956040, 0.00012976006146842926, 0.00012976006146842926, 0.00012024353030651084, 0.00012259076121550407, 1935.63793169873], [1782956100, 0.00012259076121550407, 0.0001227752477090554, 0.00010663477274816583, 0.0001079718581826209, 4287.953007365147], [1782956160, 0.0001079718581826209, 0.00011601742782498483, 0.0001007570183595542, 0.00011189076180608905, 3543.5581598863073], [1782956220, 0.00011189076180608905, 0.00011220576910744153, 0.00010411875651222356, 0.00010653417978156905, 2226.7030521192855], [1782956280, 0.00010653417978156905, 0.00010873894849583561, 0.00010061759039781937, 0.00010292306670324898, 1576.7077634564785], [1782956340, 0.00010292306670324898, 0.00010455185401606289, 9.422353151947354e-05, 9.733586706817526e-05, 1770.52623346343], [1782956400, 9.733586706817526e-05, 0.00010146261231598673, 9.105335595363618e-05, 9.105335595363618e-05, 1051.6628473287178], [1782956460, 9.105335595363618e-05, 9.42298995520705e-05, 8.804019093852948e-05, 9.42298995520705e-05, 970.4775394499227], [1782956520, 9.42298995520705e-05, 9.902122394184532e-05, 9.292160774430195e-05, 9.623365903365996e-05, 925.3942854188716], [1782956580, 9.623365903365996e-05, 9.747825734781316e-05, 9.084881567280496e-05, 9.747825734781316e-05, 1066.0996537195247], [1782956640, 9.747825734781316e-05, 0.000121035060177835, 9.747825734781316e-05, 0.00011802800603631194, 3958.7430665113898], [1782956700, 0.00011802800603631194, 0.0001181449805121366, 0.00010676081916983095, 0.00011172302183251026, 1219.9734103260876], [1782956760, 0.00011172302183251026, 0.00011521041266223906, 0.00010920791309240223, 0.00011046663707429525, 964.2312275576817], [1782956820, 0.00011046663707429525, 0.00011046663707429525, 0.00010414797981242529, 0.00010579433337584434, 1304.5685415798064], [1782956880, 0.00010579433337584434, 0.00012345324647290706, 0.00010268521865470137, 0.00011792693121205356, 3192.293486743061], [1782956940, 0.00011792693121205356, 0.0001339179892815518, 0.00011792693121205356, 0.0001339179892815518, 2506.296981338775], [1782957000, 0.0001339179892815518, 0.0001339179892815518, 0.00012149590252184476, 0.00012307120162897595, 2305.7742438101095], [1782957060, 0.00012307120162897595, 0.0001346674746801938, 0.00012307120162897595, 0.00012997421736031186, 1800.976764080102], [1782957120, 0.00012997421736031186, 0.00012997421736031186, 0.00012301403018549257, 0.00012575328429217597, 573.8478986988187], [1782957180, 0.00012575328429217597, 0.00013429777364274955, 0.00012575328429217597, 0.0001293682997834487, 1144.2384998335042], [1782957240, 0.0001293682997834487, 0.00013053925647792515, 0.000125275312745702, 0.00012868708904883598, 493.2971849429641], [1782957300, 0.00012868708904883598, 0.00012868708904883598, 0.00012239331056434103, 0.00012560587782738778, 440.29250728423165], [1782957360, 0.00012560587782738778, 0.00012636802820506035, 0.00011638146036077729, 0.00011638146036077729, 1575.420564575982], [1782957420, 0.00011638146036077729, 0.00011723961582111728, 0.00010789984294896672, 0.00011551884549570921, 2353.956657379787], [1782957480, 0.00011551884549570921, 0.00011704527424425754, 0.00011525980723134148, 0.00011525980723134148, 38.81907605631117], [1782957540, 0.00011525980723134148, 0.00011525980723134148, 8.536910535455467e-05, 9.627465217115555e-05, 6573.800669111661], [1782957600, 9.627465217115555e-05, 9.772626021781288e-05, 9.248155532307811e-05, 9.46813574908834e-05, 1986.3307885976017], [1782957660, 9.46813574908834e-05, 9.540384798942177e-05, 8.932423687290901e-05, 8.932423687290901e-05, 593.6138597103862], [1782957720, 8.932423687290901e-05, 0.00011266900070589739, 8.932423687290901e-05, 0.00011060182114731049, 4406.5461239389315], [1782957780, 