{"pair": "J7HdS6Hi2HejMLLpkpRerVQHjHiCDYXy4LK18p1zyYVk", "n_bars": 158, "span": [1782931464.0, 1782949731.0], "bars": [[1782931500, 0.0006290989352699455, 0.0006660898529239073, 0.0006290989352699455, 0.0006657595326138377, 811.2146491318681], [1782931560, 0.0006657595326138377, 0.0006910906474231241, 0.0006657595326138377, 0.0006878227707559506, 817.7229939140533], [1782931620, 0.0006878227707559506, 0.0006878227707559506, 0.0006854920822418419, 0.0006854920822418419, 24.768885407644476], [1782931680, 0.0006854920822418419, 0.0006990602730893711, 0.0006854920822418419, 0.0006914493699682071, 131.56540564124728], [1782931800, 0.0006914493699682071, 0.0006923557759669394, 0.0006914493699682071, 0.0006923557759669394, 10.066194353510246], [1782931920, 0.0006923557759669394, 0.0006923557759669394, 0.0006771877146661397, 0.0006771877146661397, 374.37177062578303], [1782932040, 0.0006771877146661397, 0.0006771877146661397, 0.0006689327143657345, 0.0006689327143657345, 209.87487197300624], [1782932100, 0.0006689327143657345, 0.0006689327143657345, 0.0006590452493427049, 0.0006590452493427049, 290.919634802236], [1782932160, 0.0006590452493427049, 0.0006590452493427049, 0.0006528154399543624, 0.0006528154399543624, 9.243906282519871], [1782932280, 0.0006528154399543624, 0.0006528154399543624, 0.0006411922158388073, 0.0006411922158388073, 340.9401642798784], [1782932340, 0.0006411922158388073, 0.0006459141243305307, 0.0006411922158388073, 0.0006459141243305307, 0.760411596809763], [1782932460, 0.0006459141243305307, 0.0006459141243305307, 0.0006372775871322412, 0.0006376664226863763, 19.740961617217945], [1782932700, 0.0006376664226863763, 0.000638831737092448, 0.0006375591126986885, 0.0006376847859747345, 33.54889819158946], [1782932820, 0.0006376847859747345, 0.0006531696861012756, 0.0006376847859747345, 0.0006531696861012756, 239.13398505568045], [1782932940, 0.0006531696861012756, 0.0006625543139820259, 0.0006531696861012756, 0.000653409197963381, 237.22692253505605], [1782933000, 0.000653409197963381, 0.0006615080007552463, 0.000653409197963381, 0.0006615080007552463, 61.63912095557877], [1782933240, 0.0006615080007552463, 0.0006615080007552463, 0.0006508393454282352, 0.0006508393454282352, 123.27082712516166], [1782933300, 0.0006508393454282352, 0.000666273859637153, 0.0006508393454282352, 0.000666273859637153, 304.68085546674445], [1782933360, 0.000666273859637153, 0.0006706087111378563, 0.000666273859637153, 0.0006706087111378563, 58.46048408963576], [1782933420, 0.0006706087111378563, 0.0006706087111378563, 0.0006614514070164616, 0.0006614514070164616, 91.19196260463238], [1782933480, 0.0006614514070164616, 0.0006614514070164616, 0.0006584080509189927, 0.0006584080509189927, 38.81135619381841], [1782933540, 0.0006584080509189927, 0.000665737235981577, 0.0006581308605576296, 0.000665737235981577, 6.35529246559484], [1782933780, 0.000665737235981577, 0.000665737235981577, 0.0006651465633846863, 0.0006651465633846863, 0.768149095575506], [1782933900, 0.0006651465633846863, 0.0006651465633846863, 0.0006554754015893544, 0.0006630486781301015, 8.645002004059178], [1782933960, 0.0006630486781301015, 0.0006630486781301015, 0.0006484682193275895, 0.0006484682193275895, 148.71302154717657], [1782934020, 0.0006484682193275895, 0.0006484682193275895, 0.0006483006334756568, 0.0006483006334756568, 5.923060015677388], [1782934140, 0.0006483006334756568, 0.000658753933659094, 0.0006483006334756568, 0.000658753933659094, 88.15884329036177], [1782934200, 0.000658753933659094, 0.000658753933659094, 0.0006531234924870036, 0.0006531234924870036, 22.898550588293595], [1782934260, 0.0006531234924870036, 0.0006531234924870036, 0.0006507952899927389, 0.0006507952899927389, 88.11815758442042], [1782934380, 0.0006507952899927389, 0.0006507952899927389, 0.0006480624211793607, 0.0006480624211793607, 4.7782461990695895], [1782934440, 0.0006480624211793607, 0.0006480793574387576, 0.0006066274057600584, 0.0006192039551046115, 2146.075662424636], [1782934620, 0.0006192039551046115, 0.0006192039551046115, 0.0006141489055102468, 0.0006141489055102468, 105.86077800869127], [1782934680, 0.0006141489055102468, 0.0006141588639215047, 0.0006141489055102468, 0.0006141588639215047, 4.405792230079521], [1782934740, 0.0006141588639215047, 0.000616444443980565, 0.0006084256288008226, 0.000616444443980565, 152.45353162141595], [1782934860, 0.000616444443980565, 0.000616444443980565, 0.0006084402589454892, 0.0006084402589454892, 9.120729714172006], [1782934980, 0.0006084402589454892, 0.0006084402589454892, 0.0006042529374296867, 0.0006042529374296867, 220.69540730145224], [1782935040, 0.0006042529374296867, 0.0006106949606539258, 0.0006037169764407196, 0.0006037169764407196, 99.01050069247587], [1782935100, 0.0006037169764407196, 0.0006037169764407196, 0.0006012074672003958, 0.0006017199463636781, 42.766357588080396], [1782935160, 0.0006017199463636781, 0.0006024790909621046, 0.0005948374934790737, 0.0005948374934790737, 144.92420788495636], [1782935220, 0.0005948374934790737, 0.0005948374934790737, 0.0005894534516815399, 0.0005894534516815399, 213.04255243645025], [1782935280, 0.0005894534516815399, 0.0005894534516815399, 0.0005850517349596374, 0.0005850517349596374, 44.601661177355616], [1782935340, 0.0005850517349596374, 0.0005850517349596374, 0.0005838932596730101, 0.0005838932596730101, 7.28425010740588], [1782935460, 0.0005838932596730101, 0.0005976701210636053, 0.0005838932596730101, 0.0005976701210636053, 353.07020991920183], [1782935520, 0.0005976701210636053, 0.0006045839431414119, 0.0005968994304065377, 0.0006045839431414119, 19.20840424257601], [1782935640, 0.0006045839431414119, 0.0006055300197822423, 0.0005981148288957317, 0.0005981148288957317, 34.92173123898204], [1782935700, 0.0005981148288957317, 0.0006111249487851029, 0.0005981148288957317, 0.0006111249487851029, 151.75730039020846], [1782935760, 0.0006111249487851029, 0.0006112041747359457, 0.0006039993258239626, 0.0006112041747359457, 9.549644376700584], [1782935820, 0.0006112041747359457, 0.0006112041747359457, 0.0006027202277553555, 0.0006027202277553555, 15.01607699066486], [1782935880, 0.0006027202277553555, 0.0006100589359139439, 0.0006027202277553555, 0.0006100589359139439, 7.626168341853992], [1782935940, 0.0006100589359139439, 0.0006111725585427604, 0.0006046997230220814, 0.0006046997230220814, 38.69482914333004], [1782936120, 0.0006046997230220814, 0.0006046997230220814, 0.0006029378647803158, 0.0006029378647803158, 7.3845937611038375], [1782936240, 0.0006029378647803158, 0.0006112273724163594, 0.0006022813555341592, 0.0006022813555341592, 71.15419558717265], [1782936300, 0.0006022813555341592, 0.0006022813555341592, 0.0005993302217222149, 0.0005993302217222149, 48.37069791819054], [1782936360, 0.0005993302217222149, 0.0006086253744359618, 0.0005993302217222149, 0.0006086253744359618, 146.87927528178014], [1782936420, 0.0006086253744359618, 0.0006086253744359618, 0.0006040147324018319, 0.0006040147324018319, 7.39226047506219], [1782936600, 0.0006040147324018319, 0.0006040147324018319, 0.0006030306575953688, 0.0006030306575953688, 7.382061887211428], [1782936660, 0.0006030306575953688, 0.0006113482913141791, 0.0006030306575953688, 0.0006113482913141791, 19.28749124286725], [1782936720, 0.0006113482913141791, 0.0006113482913141791, 0.00060398556665017, 0.00060398556665017, 7.390833093582718], [1782936840, 0.00060398556665017, 0.0006039972374284482, 0.00060398556665017, 0.0006039972374284482, 30.19986187142241], [1782936900, 0.0006039972374284482, 0.0006039972374284482, 0.0005935980156065826, 0.0006009146495523666, 257.7324593641331], [1782937020, 0.0006009146495523666, 0.0006009146495523666, 0.0005863266158469292, 0.0005863266158469292, 353.69199936178705], [1782937140, 0.0005863266158469292, 0.0005863266158469292, 0.0005788194966091709, 0.0005788194966091709, 9.930237611124396], [1782937200, 0.0005788194966091709, 0.0005855840938186229, 0.0005788194966091709, 0.0005855840938186229, 12.674970219338423], [1782937260,