{"pair": "Gu2xGVua4JNSzgDKeqoSd7Uy7QzUUmdHsKmezZyKfPMA", "n_bars": 89, "span": [1782882028.0, 1782944796.0], "bars": [[1782883200, 1.1319786818961697e-05, 1.1535896622743449e-05, 1.1319786818961697e-05, 1.1535896622743449e-05, 36.893182180388436], [1782883800, 1.1535896622743449e-05, 1.1729479747507393e-05, 1.1535896622743449e-05, 1.1729479747507393e-05, 44.117671453437765], [1782884640, 1.1729479747507393e-05, 1.1945440206307694e-05, 1.1729479747507393e-05, 1.1945440206307694e-05, 24.524899118257764], [1782885120, 1.1945440206307694e-05, 1.2026233636412337e-05, 1.1945440206307694e-05, 1.2026233636412337e-05, 9.806201149440865], [1782885180, 1.2026233636412337e-05, 1.2085148097434981e-05, 1.2026233636412337e-05, 1.2085148097434981e-05, 9.809835504152367], [1782885480, 1.2085148097434981e-05, 1.2132390243082244e-05, 1.2085148097434981e-05, 1.2132390243082244e-05, 7.382752653905113], [1782885540, 1.2132390243082244e-05, 1.2163725669512746e-05, 1.2132390243082244e-05, 1.2163725669512746e-05, 0.5598190481049987], [1782885600, 1.2163725669512746e-05, 1.2163725669512746e-05, 1.1979952512270906e-05, 1.1979952512270906e-05, 10.32109465791948], [1782885660, 1.1979952512270906e-05, 1.1979952512270906e-05, 1.1902429341452998e-05, 1.1902429341452998e-05, 9.661517839755103], [1782886260, 1.1902429341452998e-05, 1.1902429341452998e-05, 1.1837786282604928e-05, 1.1837786282604928e-05, 8.28645039782345], [1782887340, 1.1837786282604928e-05, 1.1918957317454152e-05, 1.1837786282604928e-05, 1.1918957317454152e-05, 3.688280999195407], [1782890160, 1.1918957317454152e-05, 1.1932572019564662e-05, 1.1898606149497125e-05, 1.1932572019564662e-05, 8.81398058528566], [1782892080, 1.1932572019564662e-05, 1.1932572019564662e-05, 1.1838029907063473e-05, 1.1838029907063473e-05, 0.5138206203509137], [1782894180, 1.1838029907063473e-05, 1.1967735950602068e-05, 1.1838029907063473e-05, 1.1967735950602068e-05, 2.9411656853485817], [1782894300, 1.1967735950602068e-05, 1.1995326428247142e-05, 1.1967735950602068e-05, 1.1995326428247142e-05, 0.9807875085208361], [1782895080, 1.1995326428247142e-05, 1.1995326428247142e-05, 1.1831436273103883e-05, 1.1831436273103883e-05, 0.9101851704155405], [1782895200, 1.1831436273103883e-05, 1.242429708393684e-05, 1.1831436273103883e-05, 1.242429708393684e-05, 75.80721397865652], [1782897780, 1.242429708393684e-05, 1.242429708393684e-05, 1.2354077344765738e-05, 1.2354077344765738e-05, 0.24920982774295067], [1782898680, 1.2354077344765738e-05, 1.253583069636679e-05, 1.2354077344765738e-05, 1.253583069636679e-05, 1.1551469322917465], [1782898740, 1.253583069636679e-05, 1.253583069636679e-05, 1.2346963621710865e-05, 1.2346963621710865e-05, 11.501250569854697], [1782899220, 1.2346963621710865e-05, 1.2472294016774116e-05, 1.2346963621710865e-05, 1.2472294016774116e-05, 6.24483222679748], [1782902400, 1.2472294016774116e-05, 1.2753780490118237e-05, 1.2472294016774116e-05, 1.2753780490118237e-05, 86.89887364574919], [1782903660, 1.2753780490118237e-05, 1.298408259636552e-05, 1.2753780490118237e-05, 1.298408259636552e-05, 11.804493800011144], [1782904320, 1.298408259636552e-05, 1.298408259636552e-05, 1.2773547226695704e-05, 1.2773547226695704e-05, 39.19948848613534], [1782904860, 1.2773547226695704e-05, 1.2773547226695704e-05, 1.262416960466762e-05, 1.262416960466762e-05, 22.032751093504984], [1782905700, 1.262416960466762e-05, 1.262416960466762e-05, 1.247091076557829e-05, 1.247091076557829e-05, 10.7365590497326], [1782905940, 1.247091076557829e-05, 1.247091076557829e-05, 1.24107393349193e-05, 1.24107393349193e-05, 9.70282672128309], [1782906000, 1.24107393349193e-05, 1.24107393349193e-05, 1.2366052167623843e-05, 1.2366052167623843e-05, 5.141736491848684], [1782906540, 1.2366052167623843e-05, 1.2366052167623843e-05, 1.2250013323105875e-05, 1.2250013323105875e-05, 21.190132946874634], [1782906660, 1.2250013323105875e-05, 1.2250013323105875e-05, 1.218796132719311e-05, 1.218796132719311e-05, 9.352500970241897], [1782907800, 1.218796132719311e-05, 1.2385340806385905e-05, 1.218796132719311e-05, 1.2385340806385905e-05, 17.98972650498675], [1782907860, 1.2385340806385905e-05, 1.2517248735196013e-05, 1.2385340806385905e-05, 1.2517248735196013e-05, 20.670315694309757], [1782908340, 1.2517248735196013e-05, 1.2517248735196013e-05, 1.227791218263993e-05, 1.227791218263993e-05, 26.047582020303032], [1782910260, 1.227791218263993e-05, 1.227791218263993e-05, 1.2112245181098524e-05, 1.2112245181098524e-05, 25.69611959358778], [1782910620, 1.2112245181098524e-05, 1.2241398914784901e-05, 1.2112245181098524e-05, 1.2241398914784901e-05, 10.306574691805572], [1782911160, 1.2241398914784901e-05, 1.2241398914784901e-05, 1.2146328256467633e-05, 1.2146328256467633e-05, 1.0482909416542734], [1782911700, 1.2146328256467633e-05, 1.2146328256467633e-05, 1.2123832409138167e-05, 1.2123832409138167e-05, 12.887999026904941], [1782911880, 1.2123832409138167e-05, 1.226495709768279e-05, 1.2123832409138167e-05, 1.226495709768279e-05, 0.33273272631855144], [1782912720, 1.226495709768279e-05, 1.226495709768279e-05, 1.210233669397952e-05, 1.210233669397952e-05, 11.981313327039723], [1782913140, 1.210233669397952e-05, 1.210233669397952e-05, 1.2078481557207617e-05, 1.2078481557207617e-05, 2.3607661566866556], [1782913740, 1.2078481557207617e-05, 1.210495571877017e-05, 1.2078481557207617e-05, 1.210495571877017e-05, 0.6872001319126585], [1782914220, 1.210495571877017e-05, 1.2119640084037464e-05, 1.210495571877017e-05, 1.2119640084037464e-05, 7.201531977150525], [1782915900, 1.2119640084037464e-05, 1.2245763971279858e-05, 1.2119640084037464e-05, 1.2245763971279858e-05, 1.9224148229131874], [1782917640, 1.2245763971279858e-05, 1.2245763971279858e-05, 1.2173819829649484e-05, 1.2173819829649484e-05, 29.815356040298244], [1782918000, 1.2173819829649484e-05, 1.2173819829649484e-05, 1.2088072775237185e-05, 1.2088072775237185e-05, 2.0202827048699215], [1782918180, 1.2088072775237185e-05, 1.2088072775237185e-05, 1.2080352501668977e-05, 1.2080352501668977e-05, 2.0500346775895837], [1782918300, 1.2080352501668977e-05, 1.2080352501668977e-05, 1.2075171728409395e-05, 1.2075171728409395e-05, 6.447901218765069], [1782918360, 1.2075171728409395e-05, 1.2075171728409395e-05, 1.2063220084161835e-05, 1.2063220084161835e-05, 10.691571490239818], [1782918480, 1.2063220084161835e-05, 1.2063220084161835e-05, 1.1920979100347958e-05, 1.1920979100347958e-05, 30.065707102574912], [1782919020, 1.1920979100347958e-05, 1.1920979100347958e-05, 1.1671132665781873e-05, 1.1671132665781873e-05, 39.70567601447453], [1782919320, 1.1671132665781873e-05, 1.1671132665781873e-05, 1.1393748996443564e-05, 1.1393748996443564e-05, 32.60274618173462], [1782919980, 1.1393748996443564e-05, 1.1425186125109364e-05, 1.1393748996443564e-05, 1.1425186125109364e-05, 11.26001331192052], [1782920160, 1.1425186125109364e-05, 1.1425186125109364e-05, 1.1351414538562143e-05, 1.1351414538562143e-05, 2.6319712806281443], [1782920820, 1.1351414538562143e-05, 1.1351414538562143e-05, 9.826248015698077e-06, 9.826248015698077e-06, 371.42535215414426], [1782921480, 9.826248015698077e-06, 9.826248015698077e-06, 9.24845613525165e-06, 9.24845613525165e-06, 52.73604481143959], [1782921660, 9.24845613525165e-06, 9.24845613525165e-06, 9.236363545652564e-06, 9.236363545652564e-06, 7.558490993630504], [1782921720, 9.236363545652564e-06, 9.236363545652564e-06, 9.134512478917226e-06, 9.134512478917226e-06, 0.5542658743264443], [1782922260, 9.134512478917226e-06, 9.15760824763567e-06, 9.134512478917226e-06, 9.15760824763567e-06, 0.18787084021455247], [1782922320, 9.15760824763567e-06, 9.15760824763567e-06, 9.15319279581807e-06, 9.15319279581807e-06, 0.003641211736216441], [1782922380, 9.15319279581807e-06, 9.15319279581807e-06, 9.148628808141096e-06, 9.148628808141096e-06, 0.46619585460793694], [1782923460, 9.148628808141096e-06, 9.310697848281967e-06, 9.148628808141096e-06, 9.310697848281967e-06, 3.8349670485940437], [1782924240, 9.310697848281967e-06, 9.310697848281967e-06, 