{"pair": "ATgJNxTjWBS7s5gpEJ1XNVp5K2TaTYwAhTKzpaKKHXXP", "n_bars": 90, "span": [1782879516.0, 1782944322.0], "bars": [[1782880560, 3.6340701607486156e-06, 3.6340701607486156e-06, 3.619343823876849e-06, 3.619343823876849e-06, 3.5125356983045033], [1782881400, 3.619343823876849e-06, 3.619343823876849e-06, 3.61675648396277e-06, 3.61675648396277e-06, 7.647065622040103], [1782881940, 3.61675648396277e-06, 3.61675648396277e-06, 3.5607283795469743e-06, 3.5607283795469743e-06, 24.455555043480032], [1782882360, 3.5607283795469743e-06, 3.602714113038178e-06, 3.5607283795469743e-06, 3.602714113038178e-06, 17.189468024922817], [1782882420, 3.602714113038178e-06, 3.602714113038178e-06, 3.5380295695434824e-06, 3.5380295695434824e-06, 30.38008690549637], [1782883020, 3.5380295695434824e-06, 3.5380295695434824e-06, 3.4856087393963434e-06, 3.4856087393963434e-06, 3.4158965646084165], [1782883080, 3.4856087393963434e-06, 3.4856087393963434e-06, 3.232796834531035e-06, 3.403673047110343e-06, 102.86469223016151], [1782883320, 3.403673047110343e-06, 3.403673047110343e-06, 3.3256438342103864e-06, 3.3256438342103864e-06, 73.9553790974139], [1782883500, 3.3256438342103864e-06, 3.3712485965988588e-06, 3.3256438342103864e-06, 3.3712485965988588e-06, 12.317587447663183], [1782883920, 3.3712485965988588e-06, 3.3712485965988588e-06, 3.344371347978807e-06, 3.344371347978807e-06, 6.793337806785439], [1782884580, 3.344371347978807e-06, 3.344371347978807e-06, 3.332724046587007e-06, 3.332724046587007e-06, 0.1850847528923207], [1782885600, 3.332724046587007e-06, 3.3331852372538836e-06, 3.332724046587007e-06, 3.3331852372538836e-06, 0.03927004403061239], [1782885900, 3.3331852372538836e-06, 3.3331852372538836e-06, 3.325257221793579e-06, 3.325257221793579e-06, 0.6297503545719466], [1782886380, 3.325257221793579e-06, 3.325257221793579e-06, 3.3021795828646874e-06, 3.3021795828646874e-06, 10.065497640646193], [1782886440, 3.3021795828646874e-06, 3.3021795828646874e-06, 3.287406561635707e-06, 3.287406561635707e-06, 0.2881277795304987], [1782886560, 3.287406561635707e-06, 3.287406561635707e-06, 3.286370505335876e-06, 3.286370505335876e-06, 3.9314112927115485], [1782887040, 3.286370505335876e-06, 3.286370505335876e-06, 3.260403346839004e-06, 3.260403346839004e-06, 1.500356498272876], [1782887340, 3.260403346839004e-06, 3.304666307207625e-06, 3.260403346839004e-06, 3.304666307207625e-06, 0.9870173013720958], [1782887700, 3.304666307207625e-06, 3.304666307207625e-06, 3.2368545554589837e-06, 3.2368545554589837e-06, 9.282960079735819], [1782889740, 3.2368545554589837e-06, 3.2368545554589837e-06, 3.2180203066161687e-06, 3.2180203066161687e-06, 0.02172737455207827], [1782889800, 3.2180203066161687e-06, 3.2180203066161687e-06, 3.2131781148703717e-06, 3.2131781148703717e-06, 0.9253703762323011], [1782889860, 3.2131781148703717e-06, 3.2587653862058134e-06, 3.2131781148703717e-06, 3.2587653862058134e-06, 0.01819093190741697], [1782891300, 3.2587653862058134e-06, 3.2587653862058134e-06, 3.231732043163191e-06, 3.231732043163191e-06, 0.9740159459042708], [1782891360, 3.231732043163191e-06, 3.231732043163191e-06, 3.2252665377217508e-06, 3.2252665377217508e-06, 1.6763098009591975], [1782893640, 3.2252665377217508e-06, 3.2352369632360604e-06, 3.2252665377217508e-06, 3.2352369632360604e-06, 0.4838822341339527], [1782894360, 3.2352369632360604e-06, 3.2352369632360604e-06, 3.1998475727518278e-06, 3.1998475727518278e-06, 20.76061105201386], [1782894720, 3.1998475727518278e-06, 3.1998475727518278e-06, 3.1616305761833736e-06, 3.1616305761833736e-06, 3.2281110511375104], [1782895440, 3.1616305761833736e-06, 3.1616305761833736e-06, 3.091319167430091e-06, 3.1075435130643144e-06, 42.489095027851185], [1782896040, 3.1075435130643144e-06, 3.1075435130643144e-06, 3.0538856330040446e-06, 3.0538856330040446e-06, 0.5210163471350764], [1782897000, 3.0538856330040446e-06, 3.0694182839133634e-06, 3.0538856330040446e-06, 3.0694182839133634e-06, 0.17209315446200654], [1782899760, 3.0694182839133634e-06, 3.072137830786078e-06, 3.0694182839133634e-06, 3.072137830786078e-06, 2.951934386229374], [1782900180, 3.072137830786078e-06, 3.072137830786078e-06, 3.0348834792909205e-06, 3.0470175389907093e-06, 20.308812132951903], [1782901260, 3.0470175389907093e-06, 3.0470175389907093e-06, 3.0147928037133557e-06, 3.0147928037133557e-06, 1.2101159423204724], [1782901560, 3.0147928037133557e-06, 3.205629346057093e-06, 3.0147928037133557e-06, 3.205629346057093e-06, 75.38803813710133], [1782902400, 3.205629346057093e-06, 3.205629346057093e-06, 3.196692006484383e-06, 3.196692006484383e-06, 6.150788744478816], [1782902460, 3.196692006484383e-06, 3.2284024959021444e-06, 3.196692006484383e-06, 3.2284024959021444e-06, 0.9634544185869272], [1782903180, 3.2284024959021444e-06, 3.2284024959021444e-06, 3.191357718833923e-06, 3.191357718833923e-06, 0.03425371354435237], [1782904560, 3.191357718833923e-06, 3.191357718833923e-06, 3.1905585747880395e-06, 3.1905585747880395e-06, 0.38554456713598434], [1782907080, 3.1905585747880395e-06, 3.1905585747880395e-06, 3.1723085930407552e-06, 3.1723085930407552e-06, 0.5304001854974992], [1782907260, 3.1723085930407552e-06, 3.1723085930407552e-06, 3.1719580613369235e-06, 3.1719580613369235e-06, 0.06645948577736348], [1782908160, 3.1719580613369235e-06, 3.1719580613369235e-06, 3.1641702499989133e-06, 3.1641702499989133e-06, 1.2207807398679864], [1782908280, 3.1641702499989133e-06, 3.2271171937438584e-06, 3.1641702499989133e-06, 3.2271171937438584e-06, 21.940850682575856], [1782909000, 3.2271171937438584e-06, 3.2271171937438584e-06, 3.186567775412433e-06, 3.186567775412433e-06, 21.66515919712256], [1782909420, 3.186567775412433e-06, 3.186567775412433e-06, 3.049069355505419e-06, 3.049069355505419e-06, 72.95497236715873], [1782909600, 3.049069355505419e-06, 3.049069355505419e-06, 2.9464384836192266e-06, 2.9464384836192266e-06, 4.159833546427945], [1782911880, 2.9464384836192266e-06, 2.96693145708366e-06, 2.9464384836192266e-06, 2.96693145708366e-06, 1.4497192797593548], [1782911940, 2.96693145708366e-06, 3.0965936821162797e-06, 2.96693145708366e-06, 3.0965936821162797e-06, 73.55323772815125], [1782912720, 3.0965936821162797e-06, 3.173537654914667e-06, 3.0965936821162797e-06, 3.173537654914667e-06, 0.012269527003502326], [1782912780, 3.173537654914667e-06, 3.2237039732739182e-06, 3.173537654914667e-06, 3.2237039732739182e-06, 7.1819461059701135], [1782913380, 3.2237039732739182e-06, 3.375863261957652e-06, 3.2237039732739182e-06, 3.375863261957652e-06, 96.68211502769994], [1782914940, 3.375863261957652e-06, 3.4973433426557325e-06, 3.375863261957652e-06, 3.4973433426557325e-06, 0.06538689830545615], [1782915720, 3.4973433426557325e-06, 3.6220891563038664e-06, 3.4973433426557325e-06, 3.6220891563038664e-06, 23.47063729645222], [1782916320, 3.6220891563038664e-06, 3.6220891563038664e-06, 3.4470030261348895e-06, 3.4470030261348895e-06, 100.72593480438246], [1782916500, 3.4470030261348895e-06, 3.4470030261348895e-06, 3.3033396316663736e-06, 3.3033396316663736e-06, 0.007175588593767258], [1782917160, 3.3033396316663736e-06, 3.3033396316663736e-06, 3.273895775807942e-06, 3.2862958110815328e-06, 21.405992198335188], [1782918180, 3.2862958110815328e-06, 3.2862958110815328e-06, 3.2623134972640645e-06, 3.2623134972640645e-06, 0.10466801664600583], [1782918900, 3.2623134972640645e-06, 3.3172798199551158e-06, 3.2623134972640645e-06, 3.3172798199551158e-06, 7.575585679211822], [1782919440, 3.3172798199551158e-06, 3.3172798199551158e-06, 3.3038118656882483e-06, 3.3038118656882483e-06, 4.004528006523405], [1782919680, 3.3038118656882483e-06, 3.3038118656882483e-06, 3.290806507843166e-06, 3.290806507843166e-06, 3.290806507843166], [1782920220, 3.290806507843166e-06, 3.3778421444854275e-06, 3.254092855392753e-06, 3.3778421444854275e-06, 95.47063330358003], [1782922260, 3.3778421444854275e-06, 3.501533235825422e-06, 3.3778421444854275e-06, 3.501533235825422e-06, 7.81257097485676], [1782922980, 3.501533235825422e-06, 3.501533235825422e-06, 