{"pair": "DxHJzF4L7p5B91nLiu8CRNLQHA7VrQcmgMqpmovZVR7t", "n_bars": 106, "span": [1782841140.0, 1782935306.0], "bars": [[1782841140, 0.00022367722068282112, 0.00024565273592134135, 0.00021428254494218325, 0.00023113818162206765, 8122.275994773285], [1782841200, 0.00023113818162206765, 0.00024153268355509534, 0.00020570367491730532, 0.00020570367491730532, 10725.926625138114], [1782841260, 0.00020570367491730532, 0.0002231957164019784, 0.0002027700322523426, 0.00021335178623827495, 8476.395996601814], [1782841320, 0.00021335178623827495, 0.0002219225169055392, 0.0001848718978028943, 0.0001926865983601726, 6992.36467302037], [1782841380, 0.0001926865983601726, 0.0002136045541039496, 0.0001926865983601726, 0.00020057452997925029, 9163.647013940648], [1782841440, 0.00020057452997925029, 0.00021481344327738266, 0.0001916430829668921, 0.00021481344327738266, 6767.090125208156], [1782841500, 0.00021481344327738266, 0.00021677300396997587, 0.00019753932650050306, 0.00020847872729691554, 8823.923664264044], [1782841560, 0.00020847872729691554, 0.00023690570777737177, 0.00019969029248755572, 0.00022738363945622693, 10834.644380387585], [1782841620, 0.00022738363945622693, 0.00023066878327654032, 0.00020747543693191357, 0.0002105053891492401, 9451.42714876458], [1782841680, 0.0002105053891492401, 0.00024360314569821177, 0.00020989284743218884, 0.00022738068984442294, 11992.408159297987], [1782841740, 0.00022738068984442294, 0.00024097543148731334, 0.00021653036137027508, 0.00022725936725302828, 8684.13385406454], [1782841800, 0.00022725936725302828, 0.00024326572330567845, 0.0002185889646071099, 0.00022176943270321866, 8119.446663487593], [1782841860, 0.00022176943270321866, 0.000240214072033456, 0.00021895536659061112, 0.00023471252590034303, 8444.368652464089], [1782841920, 0.00023471252590034303, 0.00023861587056880454, 0.00021641420122511137, 0.00021914395536217504, 8674.065658784546], [1782841980, 0.00021914395536217504, 0.00024246644432167997, 0.00021493021404810168, 0.00022066188203813037, 9283.438730554059], [1782842040, 0.00022066188203813037, 0.0002593056027604509, 0.0002196295895732587, 0.00023396693689667938, 9858.279165999837], [1782842100, 0.00023396693689667938, 0.0002561957344149983, 0.00022596087453014132, 0.0002396891636408741, 9609.32385700162], [1782842160, 0.0002396891636408741, 0.00025469551340399904, 0.00023276526695875584, 0.00024715098638182427, 8783.566738728012], [1782842220, 0.00024715098638182427, 0.0002606972578210382, 0.0002361092151790809, 0.0002427860325723403, 9281.01985183151], [1782842280, 0.0002427860325723403, 0.0002546690412886685, 0.00019548596199631254, 0.00020834204636791917, 10478.415304483491], [1782842340, 0.00020834204636791917, 0.0002210465179411533, 0.0001984311689426942, 0.0002142035336140233, 7078.497184207957], [1782842400, 0.0002142035336140233, 0.0002168318469754594, 0.0001768247245356131, 0.00018618448621556468, 8917.735957565195], [1782842460, 0.00018618448621556468, 0.0002067202086241918, 0.00017963843542612558, 0.00018845458795926117, 7905.182877183601], [1782842520, 0.00018845458795926117, 0.00020236400542963405, 0.00018459107696982896, 0.00019109356935710842, 3923.251247940196], [1782842580, 0.00019109356935710842, 0.00020516995978207302, 0.00018705962866784315, 0.0001973767125616968, 4635.0346493995], [1782842640, 0.0001973767125616968, 0.00020866001947836244, 0.00018817818659092685, 0.00020865252792137408, 4851.909056434977], [1782842700, 0.00020865252792137408, 0.00020954785027559603, 0.00019613088331372791, 0.0001988277381678715, 4542.328629351149], [1782842760, 0.0001988277381678715, 0.00021602949925695594, 0.00019809684587737808, 0.00020549716855780515, 4474.9346382673375], [1782842820, 0.00020549716855780515, 0.0002192750603968126, 0.00019852440568657843, 0.00020931515124916568, 5414.612927389148], [1782842880, 0.00020931515124916568, 0.0002398418322094558, 0.00020708395848712089, 0.0002262465571449433, 9032.30062331934], [1782842940, 0.0002262465571449433, 0.0002473314701785225, 0.0002124485825905564, 0.00022982127025096202, 7871.9826636179705], [1782843000, 0.00022982127025096202, 0.0002580486702926307, 0.00022653645853992812, 0.00023952831587209972, 9118.344931968943], [1782843060, 0.00023952831587209972, 0.0002690748123823349, 0.00022734886176577538, 0.0002690748123823349, 8403.25539998623], [1782843120, 0.0002690748123823349, 0.0002938416525003002, 0.00024466852160345907, 0.00028867657874443446, 9477.961255957656], [1782843180, 0.00028867657874443446, 0.00029114909621106194, 0.00026079084925431233, 0.0002741535906727576, 6853.2022588269465], [1782843240, 0.0002741535906727576, 0.0002859459426690755, 0.00022768830787700916, 0.00024756434873280135, 7116.688007511353], [1782843300, 0.00024756434873280135, 0.0002598501790426998, 0.00023627144263085382, 0.00024340228798269944, 7143.298459427265], [1782843360, 0.00024340228798269944, 0.00025503016469818755, 0.00023160099383186014, 0.0002405058151531033, 6333.182288346111], [1782843420, 0.0002405058151531033, 0.00025932239213672363, 0.0002310704909436648, 0.00024478082673629254, 6894.8689604821075], [1782843480, 0.00024478082673629254, 0.0002683501303300333, 0.000234455711329489, 0.00024381772715095334, 10769.054860140333], [1782843540, 0.00024381772715095334, 0.0002642252110905516, 0.00023282902361596695, 0.0002455481114887938, 11573.701543801468], [1782843600, 0.0002455481114887938, 0.000256484334582977, 0.0002338455644756516, 0.0002486785444482012, 4565.089515689081], [1782843660, 0.0002486785444482012, 0.00027085430078423785, 0.00023928771897050287, 0.00025868048082122437, 8346.856308058512], [1782843720, 0.00025868048082122437, 0.00027108980772475646, 0.00023429584200807362, 0.00023866119580903827, 8922.313131011622], [1782843780, 0.00023866119580903827, 0.0002694648413685959, 0.00022644215501887896, 0.00024642841759628, 8085.062905632681], [1782843840, 0.00024642841759628, 0.00025720931412208977, 0.00018576967190077947, 0.00019191264025046124, 8968.339287489316], [1782843900, 0.00019191264025046124, 0.0002104495162816936, 0.0001862209096963403, 0.00018942930684437198, 10139.580649801886], [1782843960, 0.00018942930684437198, 0.00018942930684437198, 0.0001525992483164231, 0.0001676396907318099, 11732.898646066142], [1782844020, 0.0001676396907318099, 0.0001799597897117645, 0.0001562970543698814, 0.0001641915185550508, 8273.46011826409], [1782844080, 0.0001641915185550508, 0.00017023048168191219, 0.00015534641600798807, 0.00016268657569465242, 4266.329035081643], [1782844140, 0.00016268657569465242, 0.00017316452749834328, 0.00015987164813309598, 0.00016581735082378413, 3239.3328582111626], [1782844200, 0.00016581735082378413, 0.00017582886887902165, 0.00016394903489124293, 0.00016988934172150144, 3076.4378028379037], [1782844260, 0.00016988934172150144, 0.00018588752564199928, 0.00016729934772773496, 0.00017972199117637715, 3469.7836248559433], [1782844320, 0.00017972199117637715, 0.0001908612690383259, 0.00014501207421446378, 0.00014747208484357813, 5453.562197063689], [1782844380, 0.00014747208484357813, 0.00015282118934129262, 0.00012669833872865394, 0.00012805507485032884, 5716.535120080534], [1782844440, 0.00012805507485032884, 0.00012805507485032884, 0.00011059984583456499, 0.00011567131873952075, 5700.595115466187], [1782844500, 0.00011567131873952075, 0.00012580153822679555, 7.286586061006023e-05, 7.286586061006023e-05, 5571.987012203776], [1782844560, 7.286586061006023e-05, 7.286586061006023e-05, 4.899847359971729e-05, 5.697195423870681e-05, 4553.153394516502], [1782844620, 5.697195423870681e-05, 5.761523631084e-05, 1.720750144468605e-06, 1.7295289434680503e-06, 7666.1405659822685], [1782844680, 1.7295289434680503e-06, 1.7295289434680503e-06, 1.554861346537916e-06, 1.5585486176576917e-06, 112.23103838158164], [1782844740, 1.5585486176576917e-06, 1.6024127713399253e-06, 1.5507298885322823e-06, 1.6024127713399253e-06, 21.638905958943262], [1782844800, 1.6024127713399253e-06, 1.6153058796701653e-06, 1.5987960891409774e-06, 