{"pair": "FavBQ8cTSVS7e7g8qgSXDywTuqQfqF1UHA9L87vBYeFA", "n_bars": 99, "span": [1782819840.0, 1782889185.0], "bars": [[1782819840, 0.0001536747691529508, 0.00018832958095001487, 0.00015013777753991315, 0.00017746455731596061, 11295.105845403534], [1782819900, 0.00017746455731596061, 0.00019951918997040486, 0.0001641218835885163, 0.0001908504395397795, 12367.974025121137], [1782819960, 0.0001908504395397795, 0.00020560557698526497, 0.00017008090985050597, 0.00017730095216263376, 8283.40446348223], [1782820020, 0.00017730095216263376, 0.00019081187738034444, 0.00016003532649617547, 0.00016063303362408865, 10627.19322826291], [1782820080, 0.00016063303362408865, 0.00018149804266830844, 0.0001559326309240732, 0.00016661373514401028, 15398.884199122796], [1782820140, 0.00016661373514401028, 0.00019267794965716005, 0.0001641025247486975, 0.0001876147949769215, 17060.659129559164], [1782820200, 0.0001876147949769215, 0.00021687856742715788, 0.0001670075886812466, 0.00021672491487368802, 17574.602566354937], [1782820260, 0.00021672491487368802, 0.0002168512503864063, 0.00017868546664976165, 0.00020577920041250477, 13420.478600396942], [1782820320, 0.00020577920041250477, 0.00021464273960833852, 0.00017933972889952498, 0.0001875210281829717, 14139.483327742702], [1782820380, 0.0001875210281829717, 0.00020111494324551965, 0.00017801613776131884, 0.00018419303126559095, 13317.2722682154], [1782820440, 0.00018419303126559095, 0.00021406560857484017, 0.0001768928514188173, 0.0002088204506068748, 14832.989606583511], [1782820500, 0.0002088204506068748, 0.00024019854721570063, 0.0001957541170877174, 0.00021693240099705197, 14126.726111397296], [1782820560, 0.00021693240099705197, 0.0002361402496549995, 0.00020727332304167287, 0.00022250135015100056, 12448.157806619978], [1782820620, 0.00022250135015100056, 0.0002348918311889491, 0.00019106982101285496, 0.0001998058309944334, 10763.545704890823], [1782820680, 0.0001998058309944334, 0.00021020715864832938, 0.00019316181144097752, 0.000203580038809998, 7103.131988781876], [1782820740, 0.000203580038809998, 0.00020877279603070807, 0.0001811826490410408, 0.00018470103263212569, 6351.2015512960215], [1782820800, 0.00018470103263212569, 0.00019444422166470303, 0.00017602040442122197, 0.00019093642433959504, 6621.933515809], [1782820860, 0.00019093642433959504, 0.00019340902320938227, 0.0001760057132942316, 0.00018381452108086048, 4463.366750162787], [1782820920, 0.00018381452108086048, 0.00019804131199782797, 0.00018381452108086048, 0.00019720712141105504, 3117.096725314602], [1782820980, 0.00019720712141105504, 0.00019968438239689225, 0.00018780783892470218, 0.00019026058224312398, 3277.8582033144844], [1782821040, 0.00019026058224312398, 0.00020661025191998487, 0.00019026058224312398, 0.0001996788351149295, 3088.0065091867145], [1782821100, 0.0001996788351149295, 0.0002074311072151768, 0.00019359615969251305, 0.0001949726466444243, 3311.362860974912], [1782821160, 0.0001949726466444243, 0.00020937351909156937, 0.00019356393407485075, 0.00019886328624725436, 3287.2839240346766], [1782821220, 0.00019886328624725436, 0.00021673427067916404, 0.00019659766793571977, 0.00020017541892373714, 3533.951239877376], [1782821280, 0.00020017541892373714, 0.00021197105150966332, 0.00019903002852291555, 0.00020385035571697665, 3546.537152169842], [1782821340, 0.00020385035571697665, 0.0002225540127378939, 0.00020043156120016283, 0.00021275784369596977, 3742.845490825515], [1782821400, 0.00021275784369596977, 0.00022628824515300437, 0.0002030042637165146, 0.00021451573334291854, 5221.15510209273], [1782821460, 0.00021451573334291854, 0.00023508670389557832, 0.0001955049461743046, 0.00021677648016405455, 6343.886365454857], [1782821520, 0.00021677648016405455, 0.0002447102505753454, 0.00021677648016405455, 0.00023496886911519217, 5220.174189393688], [1782821580, 0.00023496886911519217, 0.0002639255936646298, 0.00022133406811889364, 0.00023264241863915454, 6166.358406867218], [1782821640, 0.00023264241863915454, 0.00024105869531722176, 0.0002055974430547437, 0.0002157270605954172, 6296.062810509028], [1782821700, 0.0002157270605954172, 0.00022288673509377922, 0.0002070747019071468, 0.00021305423244715138, 5620.7489230571355], [1782821760, 0.00021305423244715138, 0.0002254148658932456, 0.0001922247888680346, 0.00019692022901454415, 4810.819080339083], [1782821820, 0.00019692022901454415, 0.00020478363758363535, 0.00019040497999419566, 0.0001966889796421687, 3690.8880494271707], [1782821880, 0.0001966889796421687, 0.00021224517358221377, 0.00019193924943264491, 0.00019574426247074412, 3719.877990488884], [1782821940, 0.00019574426247074412, 0.00021146158277622195, 0.0001934491080067791, 0.00019961273999881946, 3593.6072384383497], [1782822000, 0.00019961273999881946, 0.0002056379975400361, 0.00019420477256688456, 0.00019449115674432412, 3156.4037919212687], [1782822060, 0.00019449115674432412, 0.00021334832669507107, 0.00019449115674432412, 0.00020489285046915268, 3870.5406664257525], [1782822120, 0.00020489285046915268, 0.00021895611436972677, 0.00019876112594298395, 0.0002027913984575166, 4199.158818621094], [1782822180, 0.0002027913984575166, 0.00022126048680722157, 0.00020047270641078044, 0.0002124346170096837, 4425.971614409592], [1782822240, 0.0002124346170096837, 0.00021762282269648453, 0.0001976234118169345, 0.0002125449888753977, 4079.93226422484], [1782822300, 0.0002125449888753977, 0.00022771683063667068, 0.00019969965586346568, 0.00021941364593607092, 4349.582438979481], [1782822360, 0.00021941364593607092, 0.00022812194566085292, 0.000192909264953177, 0.000192909264953177, 4949.660988352995], [1782822420, 0.000192909264953177, 0.00020750228471198576, 0.0001921315465920093, 0.0002000531558588966, 3177.057341468539], [1782822480, 0.0002000531558588966, 0.00020854340305170844, 0.00019455476199996185, 0.0002043860607657012, 2771.678486409482], [1782822540, 0.0002043860607657012, 0.0002064533585835128, 0.00018781892057938683, 0.00019100876343185376, 3433.8025554725086], [1782822600, 0.00019100876343185376, 0.00020818775750447934, 0.0001804720531900487, 0.00020604797626150496, 4904.56142042737], [1782822660, 0.00020604797626150496, 0.0002145413313436675, 0.0001985978418326563, 0.00020411633695774657, 3892.392460398811], [1782822720, 0.00020411633695774657, 0.00025535535017803183, 0.00019768299134596747, 0.00021595200786824313, 8692.902945033113], [1782822780, 0.00021595200786824313, 0.00024256943358297347, 0.00021056793277943062, 0.00023392995307293553, 13680.236538954763], [1782822840, 0.00023392995307293553, 0.0002674787200652815, 0.00022240203045658353, 0.00024650382519602254, 12103.04403166098], [1782822900, 0.00024650382519602254, 0.0002663201036989611, 0.00024395843944945855, 0.00024644644798441393, 11452.935782107383], [1782822960, 0.00024644644798441393, 0.00027710164622040057, 0.00024158078367837794, 0.0002512887601396323, 13926.553398639882], [1782823020, 0.0002512887601396323, 0.0002878033662132667, 0.00023827243896828862, 0.000270810196985779, 13465.671601307124], [1782823080, 0.000270810196985779, 0.0002826629173603266, 0.00023346271715663278, 0.0002336676649968421, 12661.360495232786], [1782823140, 0.0002336676649968421, 0.0002541421486365914, 0.00022542052652553765, 0.00022987796909520954, 9472.772677594212], [1782823200, 0.00022987796909520954, 0.00025981535553675183, 0.0002228617880029563, 0.0002394184849023765, 10615.064546774287], [1782823260, 0.0002394184849023765, 0.00025572488816795783, 0.00021924858991939972, 0.00023553159831315814, 10408.766625098791], [1782823320, 0.00023553159831315814, 0.0002690118026988026, 0.00021845747461288502, 0.00022595495122663454, 12913.221946310021], [1782823380, 0.00022595495122663454, 0.00022595495122663454, 1.5179498869043752e-06, 1.5620581139263544e-06, 19490.71007158362], [1782823440, 1.5620581139263544e-06, 1.5620581139263544e-06, 1.4573015513541576e-06, 1.4576813892063209e-06, 28.427560525235496], [1782823500, 1.4576813892063209e-06, 1.6896981860569904e-06, 