{"pair": "5UypVaeAEi7R8cUvhsxHkd1DNhv47siXsr792WApUEnN", "n_bars": 87, "span": [1782898420.0, 1782944660.0], "bars": [[1782898560, 2.4888302811576588e-05, 2.4888302811576588e-05, 2.3661778148062705e-05, 2.3661778148062705e-05, 19.93679188646975], [1782898620, 2.3661778148062705e-05, 2.3661778148062705e-05, 2.3566383623920873e-05, 2.3566383623920873e-05, 3.8027826107938227], [1782900000, 2.3566383623920873e-05, 2.392214035343384e-05, 2.3566383623920873e-05, 2.392214035343384e-05, 3.696757766728907], [1782900660, 2.392214035343384e-05, 2.392214035343384e-05, 2.3918196051251487e-05, 2.3918196051251487e-05, 0.7368051750716641], [1782901440, 2.3918196051251487e-05, 2.46558488974079e-05, 2.3918196051251487e-05, 2.46558488974079e-05, 93.67975406598427], [1782901560, 2.46558488974079e-05, 2.4738947574974218e-05, 2.46558488974079e-05, 2.4738947574974218e-05, 28.32994981154424], [1782901740, 2.4738947574974218e-05, 2.4738947574974218e-05, 2.4508570431876e-05, 2.4508570431876e-05, 21.04959906387803], [1782901860, 2.4508570431876e-05, 2.4508570431876e-05, 2.4342739802099604e-05, 2.4342739802099604e-05, 10.558747923060182], [1782901980, 2.4342739802099604e-05, 2.4737491890808996e-05, 2.4342739802099604e-05, 2.4737491890808996e-05, 23.723457933420438], [1782902040, 2.4737491890808996e-05, 2.487608297417968e-05, 2.4737491890808996e-05, 2.487608297417968e-05, 10.887808998204157], [1782902160, 2.487608297417968e-05, 2.487608297417968e-05, 2.4252331108510568e-05, 2.4499893099911913e-05, 71.78780308939251], [1782902400, 2.4499893099911913e-05, 2.4508086116129083e-05, 2.4172381624567632e-05, 2.4508086116129083e-05, 55.74185262134691], [1782903120, 2.4508086116129083e-05, 2.4508086116129083e-05, 2.2143557213715725e-05, 2.2421298741988698e-05, 273.04589882583184], [1782903180, 2.2421298741988698e-05, 2.2421298741988698e-05, 2.1880793049004332e-05, 2.1899975135981018e-05, 67.11986314738657], [1782903540, 2.1899975135981018e-05, 2.195585338140244e-05, 2.1899975135981018e-05, 2.195585338140244e-05, 16.672495098496697], [1782903600, 2.195585338140244e-05, 2.195585338140244e-05, 2.1705423088296297e-05, 2.1705423088296297e-05, 0.5723946019667541], [1782905880, 2.1705423088296297e-05, 2.2045254122844407e-05, 2.1705423088296297e-05, 2.2045254122844407e-05, 19.41378159086973], [1782907500, 2.2045254122844407e-05, 2.2045254122844407e-05, 2.1756083367491218e-05, 2.1756083367491218e-05, 1.1059758794406613], [1782908520, 2.1756083367491218e-05, 2.2096784274664143e-05, 2.1756083367491218e-05, 2.2096784274664143e-05, 22.106636665669054], [1782909600, 2.2096784274664143e-05, 2.2096784274664143e-05, 2.1800835948802887e-05, 2.1800835948802887e-05, 9.95398640820061], [1782912660, 2.1800835948802887e-05, 2.227166072923767e-05, 2.1800835948802887e-05, 2.227166072923767e-05, 2.5685226056542527], [1782913140, 2.227166072923767e-05, 2.235492342320421e-05, 2.227166072923767e-05, 2.235492342320421e-05, 0.5463854162703047], [1782913260, 2.235492342320421e-05, 2.245791318202581e-05, 2.235492342320421e-05, 2.245791318202581e-05, 4.110319183192911], [1782914340, 2.245791318202581e-05, 2.245791318202581e-05, 2.22740145725847e-05, 2.22740145725847e-05, 2.2333921294321564], [1782914580, 2.22740145725847e-05, 2.2496542857235485e-05, 2.22740145725847e-05, 2.2496542857235485e-05, 0.9843872135248019], [1782914640, 2.2496542857235485e-05, 2.251386351132105e-05, 2.2496542857235485e-05, 2.251386351132105e-05, 1.3668033714258423], [1782915060, 2.251386351132105e-05, 2.2666538662481247e-05, 2.251386351132105e-05, 2.2666538662481247e-05, 4.784991666649102], [1782915240, 2.2666538662481247e-05, 2.2666538662481247e-05, 2.2377949833064194e-05, 2.2377949833064194e-05, 1.1497812575206932], [1782916620, 2.2377949833064194e-05, 2.2482708097001914e-05, 2.2377949833064194e-05, 2.2482708097001914e-05, 4.746184342028779], [1782916800, 2.2482708097001914e-05, 2.2825850581164793e-05, 2.2482708097001914e-05, 2.2825850581164793e-05, 4.397685785436798], [1782916920, 2.2825850581164793e-05, 2.287386306651919e-05, 2.2825850581164793e-05, 2.287386306651919e-05, 2.3402520824802453], [1782917100, 2.287386306651919e-05, 2.287386306651919e-05, 2.2509367109542283e-05, 2.2509367109542283e-05, 4.336711283762436], [1782917280, 2.2509367109542283e-05, 2.2509367109542283e-05, 2.2433923386601926e-05, 2.2433923386601926e-05, 32.622239680390145], [1782917760, 2.2433923386601926e-05, 2.2433923386601926e-05, 2.2289989614747594e-05, 2.2289989614747594e-05, 7.105123740384401], [1782918300, 2.2289989614747594e-05, 2.2289989614747594e-05, 2.2186623028820416e-05, 2.2186623028820416e-05, 32.262628416432065], [1782919320, 2.2186623028820416e-05, 2.2186623028820416e-05, 2.2021976559926283e-05, 2.2021976559926283e-05, 12.08615784439665], [1782919740, 2.2021976559926283e-05, 2.202564493181319e-05, 2.187956487340771e-05, 2.187956487340771e-05, 37.12895256745575], [1782920400, 2.187956487340771e-05, 2.187956487340771e-05, 2.1737018063756947e-05, 2.1737018063756947e-05, 2.005906842701107], [1782920460, 2.1737018063756947e-05, 2.1737018063756947e-05, 2.1723662823417035e-05, 2.1723662823417035e-05, 1.9534149210044505], [1782920700, 2.1723662823417035e-05, 2.1723662823417035e-05, 2.1658657785721544e-05, 2.1658657785721544e-05, 22.78298090394371], [1782921300, 2.1658657785721544e-05, 2.194034560949745e-05, 2.1658657785721544e-05, 2.194034560949745e-05, 41.8847363156526], [1782922560, 2.194034560949745e-05, 2.2294845857956408e-05, 2.194034560949745e-05, 2.2294845857956408e-05, 39.972996975857455], [1782923100, 2.2294845857956408e-05, 2.2294845857956408e-05, 2.2145481694059595e-05, 2.2145481694059595e-05, 18.16432166762743], [1782923700, 2.2145481694059595e-05, 2.2145481694059595e-05, 2.205887356662968e-05, 2.205887356662968e-05, 16.13069242928574], [1782923940, 2.205887356662968e-05, 2.2246442880214568e-05, 2.205887356662968e-05, 2.2246442880214568e-05, 0.30327677058116453], [1782924000, 2.2246442880214568e-05, 2.2252089581445136e-05, 2.2246442880214568e-05, 2.2252089581445136e-05, 0.15166674001922156], [1782924780, 2.2252089581445136e-05, 2.2252089581445136e-05, 2.1739717943556158e-05, 2.1739717943556158e-05, 41.5017324635192], [1782924840, 2.1739717943556158e-05, 2.1739717943556158e-05, 2.1122150814418827e-05, 2.1122150814418827e-05, 110.08860643697221], [1782926040, 2.1122150814418827e-05, 2.1122150814418827e-05, 2.0142980792800964e-05, 2.0142980792800964e-05, 114.79776563506411], [1782927240, 2.0142980792800964e-05, 2.0266798187668584e-05, 2.0142980792800964e-05, 2.0266798187668584e-05, 0.5463264020350765], [1782927540, 2.0266798187668584e-05, 2.0266798187668584e-05, 1.8498111085043584e-05, 1.8498111085043584e-05, 248.71012808560718], [1782927840, 1.8498111085043584e-05, 1.8498111085043584e-05, 1.8173313813458777e-05, 1.8173313813458777e-05, 18.131408050025744], [1782927960, 1.8173313813458777e-05, 1.8173313813458777e-05, 1.8024511212094895e-05, 1.8024511212094895e-05, 32.31660522628166], [1782928800, 1.8024511212094895e-05, 1.9031263671691893e-05, 1.8024511212094895e-05, 1.89223557444372e-05, 130.74430114094193], [1782928860, 1.89223557444372e-05, 1.9099306923791898e-05, 1.89223557444372e-05, 1.9099306923791898e-05, 15.345166886861026], [1782928980, 1.9099306923791898e-05, 1.931704498848336e-05, 1.9099306923791898e-05, 1.931704498848336e-05, 38.4167942584991], [1782929100, 1.931704498848336e-05, 1.9566568862857592e-05, 1.931704498848336e-05, 1.9566568862857592e-05, 31.305829330286823], [1782929160, 1.9566568862857592e-05, 1.9747005734725753e-05, 1.9566568862857592e-05, 1.9747005734725753e-05, 17.655294874164028], [1782929520, 1.9747005734725753e-05, 1.9909662897318965e-05, 1.9747005734725753e-05, 1.9909662897318965e-05, 23.260895160007813], [1782929940, 1.9909662897318965e-05, 1.9954597721351986e-05, 1.9909662897318965e-05, 1.9954597721351986e-05, 3.8351421515125175], [1782931440, 1.9954597721351986e-05, 1.9954597721351986e-05, 1.969940364109476e-05, 1.969940364109476e-05, 0.6517229929485888], [1782931980, 1.969940364109476e-05, 1.969940364109476e-05, 