{"pair": "E7VswuHUKUp9TZJb5tgQspV45YidnBJCo6v9UhyQ4sVm", "n_bars": 72, "span": [1782889385.0, 1782941759.0], "bars": [[1782889500, 3.309752813489481e-05, 3.369724938372135e-05, 3.309752813489481e-05, 3.369724938372135e-05, 21.81640110142575], [1782890040, 3.369724938372135e-05, 3.385565884493069e-05, 3.369724938372135e-05, 3.385565884493069e-05, 7.291138522496331], [1782890220, 3.385565884493069e-05, 3.4153694498703877e-05, 3.385565884493069e-05, 3.4153694498703877e-05, 46.92203535669826], [1782890280, 3.4153694498703877e-05, 3.4153694498703877e-05, 3.375513453705041e-05, 3.375513453705041e-05, 28.87502919395376], [1782891780, 3.375513453705041e-05, 3.375513453705041e-05, 3.279597237686324e-05, 3.279597237686324e-05, 193.67331827909453], [1782892020, 3.279597237686324e-05, 3.279597237686324e-05, 3.181229516794922e-05, 3.181229516794922e-05, 11.399818540987411], [1782892380, 3.181229516794922e-05, 3.181229516794922e-05, 2.7966949410792137e-05, 2.7966949410792137e-05, 431.38770286803606], [1782892860, 2.7966949410792137e-05, 2.7966949410792137e-05, 2.7651182266630384e-05, 2.7651182266630384e-05, 64.76389747716657], [1782892980, 2.7651182266630384e-05, 2.7651182266630384e-05, 2.7427549258405807e-05, 2.7427549258405807e-05, 1.1804010338270878], [1782893520, 2.7427549258405807e-05, 2.7427549258405807e-05, 2.7382206342589123e-05, 2.7382206342589123e-05, 3.3480636274013387], [1782893820, 2.7382206342589123e-05, 2.7382206342589123e-05, 2.5893778970757595e-05, 2.598702292423086e-05, 232.46655179644077], [1782894240, 2.598702292423086e-05, 2.598702292423086e-05, 2.3099138862454525e-05, 2.3099138862454525e-05, 326.4411293142761], [1782894300, 2.3099138862454525e-05, 2.3099138862454525e-05, 2.2816645696935176e-05, 2.2816645696935176e-05, 43.16626087839856], [1782895080, 2.2816645696935176e-05, 2.2816645696935176e-05, 2.2627175261630592e-05, 2.2627175261630592e-05, 4.971065024770075], [1782895320, 2.2627175261630592e-05, 2.3045901717417247e-05, 2.2627175261630592e-05, 2.3045901717417247e-05, 22.13808818995202], [1782896280, 2.3045901717417247e-05, 2.344642187301692e-05, 2.3045901717417247e-05, 2.344642187301692e-05, 29.260022076904583], [1782896340, 2.344642187301692e-05, 2.3708960898153175e-05, 2.344642187301692e-05, 2.3696711566230944e-05, 16.97118863166146], [1782896580, 2.3696711566230944e-05, 2.3696711566230944e-05, 2.3622840195378127e-05, 2.3640695811367648e-05, 4.452456729185868], [1782897540, 2.3640695811367648e-05, 2.3640695811367648e-05, 2.2307900071738073e-05, 2.2683180475867967e-05, 184.04360195952734], [1782897660, 2.2683180475867967e-05, 2.2683180475867967e-05, 2.1995688726211013e-05, 2.1995688726211013e-05, 3.2986227052819133], [1782898080, 2.1995688726211013e-05, 2.2812260980910505e-05, 2.1995688726211013e-05, 2.2752987498547077e-05, 76.16517108395014], [1782899280, 2.2752987498547077e-05, 2.4702909610077474e-05, 2.2752987498547077e-05, 2.4702909610077474e-05, 229.5152031039931], [1782900060, 2.4702909610077474e-05, 2.4702909610077474e-05, 2.4251166375486744e-05, 2.4251166375486744e-05, 29.233046055893034], [1782900120, 2.4251166375486744e-05, 2.4251166375486744e-05, 2.4172625553784515e-05, 2.4172625553784515e-05, 7.366512851212193], [1782901500, 2.4172625553784515e-05, 2.4172625553784515e-05, 2.3247825730221588e-05, 2.3247825730221588e-05, 217.17206584645422], [1782901620, 2.3247825730221588e-05, 2.3247825730221588e-05, 2.233939805239016e-05, 2.233939805239016e-05, 16.832772984377794], [1782902280, 2.233939805239016e-05, 2.233939805239016e-05, 2.216614096993864e-05, 2.216614096993864e-05, 25.035692048641977], [1782903600, 2.216614096993864e-05, 2.216614096993864e-05, 2.197316769534633e-05, 2.197316769534633e-05, 4.747738465339785], [1782904380, 2.197316769534633e-05, 2.1982813052628852e-05, 2.197316769534633e-05, 2.1982813052628852e-05, 1.0849824427029877], [1782904800, 2.1982813052628852e-05, 2.2428351249435383e-05, 2.1982813052628852e-05, 2.2428351249435383e-05, 37.12667208229816], [1782904860, 2.2428351249435383e-05, 2.2428351249435383e-05, 2.212999336724924e-05, 2.212999336724924e-05, 36.63278668109762], [1782905340, 2.212999336724924e-05, 2.212999336724924e-05, 2.1971716702383195e-05, 2.1971716702383195e-05, 0.5492170182197144], [1782906120, 2.1971716702383195e-05, 2.1971716702383195e-05, 2.183444692583157e-05, 2.183444692583157e-05, 18.62735335493602], [1782907080, 2.183444692583157e-05, 2.183444692583157e-05, 2.1741342114368075e-05, 2.1741342114368075e-05, 1.6755104013679063], [1782907440, 2.1741342114368075e-05, 2.1741342114368075e-05, 2.168876128159496e-05, 2.168876128159496e-05, 0.9746070278649225], [1782908100, 2.168876128159496e-05, 2.168876128159496e-05, 2.1303397712620415e-05, 2.1415800193856815e-05, 76.88413531934015], [1782908160, 2.1415800193856815e-05, 2.1510579009159956e-05, 2.1415800193856815e-05, 2.1510579009159956e-05, 11.048601111545164], [1782908400, 2.1510579009159956e-05, 2.247248278121418e-05, 2.1510579009159956e-05, 2.247248278121418e-05, 125.33484810561002], [1782908580, 2.247248278121418e-05, 2.259036348818488e-05, 2.247248278121418e-05, 2.259036348818488e-05, 21.96385747834198], [1782908700, 2.259036348818488e-05, 2.4394133972034266e-05, 2.259036348818488e-05, 2.433305233095349e-05, 215.95223496985517], [1782908820, 2.433305233095349e-05, 2.433305233095349e-05, 2.3997489037050426e-05, 2.3997489037050426e-05, 30.931688282425018], [1782909060, 2.3997489037050426e-05, 2.3997489037050426e-05, 2.373207372320913e-05, 2.373207372320913e-05, 23.07390428643129], [1782909300, 2.373207372320913e-05, 2.373207372320913e-05, 2.2129011226947175e-05, 2.2238234511401095e-05, 189.33499516182178], [1782909360, 2.2238234511401095e-05, 2.2238234511401095e-05, 2.2057662932236432e-05, 2.2057662932236432e-05, 11.329602940367963], [1782909420, 2.2057662932236432e-05, 2.233446834971626e-05, 2.2057662932236432e-05, 2.233446834971626e-05, 10.645176632154321], [1782909720, 2.233446834971626e-05, 2.233446834971626e-05, 2.2091807475516077e-05, 2.2091807475516077e-05, 10.529518277223891], [1782909780, 2.2091807475516077e-05, 2.2091807475516077e-05, 2.1761286501975563e-05, 2.1761286501975563e-05, 72.4577475388842], [1782909840, 2.1761286501975563e-05, 2.1761286501975563e-05, 2.1452902404115487e-05, 2.1452902404115487e-05, 4.505535145958398], [1782909900, 2.1452902404115487e-05, 2.1452902404115487e-05, 2.0334087228303945e-05, 2.0334324437515152e-05, 177.5370289958752], [1782910680, 2.0334324437515152e-05, 2.0334324437515152e-05, 2.0064256727971577e-05, 2.0323499622347856e-05, 14.114929054994494], [1782912360, 2.0323499622347856e-05, 2.0323499622347856e-05, 2.0224463277882285e-05, 2.0224463277882285e-05, 3.934465195597515], [1782913800, 2.0224463277882285e-05, 2.0328450534429743e-05, 2.0224463277882285e-05, 2.0328450534429743e-05, 7.285787364986716], [1782914640, 2.0328450534429743e-05, 2.035245949403624e-05, 2.0328450534429743e-05, 2.035245949403624e-05, 3.2383601671355895], [1782914880, 2.035245949403624e-05, 2.0769565615222635e-05, 2.035245949403624e-05, 2.0769565615222635e-05, 35.80327414267366], [1782916320, 2.0769565615222635e-05, 2.1137827167569283e-05, 2.0769565615222635e-05, 2.1137827167569283e-05, 7.566734664322469], [1782916500, 2.1137827167569283e-05, 2.1137827167569283e-05, 2.064472231635619e-05, 2.064472231635619e-05, 49.995340645370796], [1782917640, 2.064472231635619e-05, 2.1025182486952937e-05, 2.064472231635619e-05, 2.1025182486952937e-05, 37.668093395393605], [1782917820, 2.1025182486952937e-05, 2.1132909901409427e-05, 2.1025182486952937e-05, 2.1132909901409427e-05, 5.308076723035813], [1782918480, 2.1132909901409427e-05, 2.1132909901409427e-05, 2.092041293382248e-05, 2.092041293382248e-05, 5.291311684544185], [1782918600, 2.092041293382248e-05, 2.092041293382248e-05, 2.081062451458861e-05, 2.081062451458861e-05, 25.970672029568963], [1782918720, 2.081062451458861e-05, 2.081062451458861e-05, 2.068422413333068e-05, 2.068422413333068e-05, 5.195315638729469], [1782922440, 2.068422413333068e-05, 2.0752202130279417e-05, 