{
 "3YFawWJV": [
  {
   "mint": "PDqSePtjwXYaruFX7hdujV9wf4X7Z4fu5d2iVMCpump",
   "bt": 1782770202,
   "sol": 0.700032939,
   "tok": 171583.503297,
   "price_sol": 4.079838245220393e-06
  },
  {
   "mint": "H86Mm1QWCW5XrA4TQaQcCLfwG8u1xjQ2RupigorYpump",
   "bt": 1782769763,
   "sol": 0.129621635,
   "tok": 412650.202606,
   "price_sol": 3.1411988696819627e-07
  }
 ]
}