{"ok": true, "generated_at": "2026-07-09T19:38:55.660013+00:00", "filters": {"consec_red_knife": {"n": 6, "wr": 66.66666666666667, "avg_pct": 1.6541012396740342, "net_pct": 9.924607438044205, "block_n": 6, "block_avg": 1.6541012396740342, "block_wr": 66.66666666666667, "pass_n": 0, "pass_avg": null, "pass_block_diff": null}, "dev_not_dumped": {"n": 11, "wr": 72.72727272727273, "avg_pct": 2.705959002385004, "net_pct": 29.765549026235046, "block_n": 7, "block_avg": 2.1569831942240545, "block_wr": 71.42857142857143, "pass_n": 4, "pass_avg": 3.666666666666666, "pass_block_diff": 1.5096834724426116}, "falling_knife_entry": {"n": 12, "wr": 75.0, "avg_pct": 2.845010151821706, "net_pct": 34.140121821860475, "block_n": 1, "block_avg": 4.374572795625431, "block_wr": 100.0, "pass_n": 11, "pass_avg": 2.705959002385004, "pass_block_diff": -1.6686137932404268}, "filter_aged_corpse": {"n": 24, "wr": 54.166666666666664, "avg_pct": 0.24664927005321516, "net_pct": 5.919582481277164, "block_n": 0, "block_avg": null, "block_wr": null, "pass_n": 24, "pass_avg": 0.24664927005321516, "pass_block_diff": null}, "filter_big_trade_size": {"n": 2, "wr": 100.0, "avg_pct": 7.109284890426756, "net_pct": 14.218569780853512, "block_n": 0, "block_avg": null, "block_wr": null, "pass_n": 2, "pass_avg": 7.109284890426756, "pass_block_diff": null}, "filter_blowoff_top": {"n": 3, "wr": 66.66666666666667, "avg_pct": 2.6666666666666665, "net_pct": 8.0, "block_n": 0, "block_avg": null, "block_wr": null, "pass_n": 3, "pass_avg": 2.6666666666666665, "pass_block_diff": null}, "filter_bs_m5_low": {"n": 2, "wr": 100.0, "avg_pct": 3.745204205741343, "net_pct": 7.490408411482686, "block_n": 0, "block_avg": null, "block_wr": null, "pass_n": 2, "pass_avg": 3.745204205741343, "pass_block_diff": null}, "filter_bs_m5_weak": {"n": 34, "wr": 29.41176470588235, "avg_pct": -3.348099465662287, "net_pct": -113.83538183251775, "block_n": 0, "block_avg": null, "block_wr": null, "pass_n": 34, "pass_avg": -3.348099465662287, "pass_block_diff": null}, "filter_clean_break": {"n": 2, "wr": 50.0, "avg_pct": 0.25, "net_pct": 0.5, "block_n": 0, "block_avg": null, "block_wr": null, "pass_n": 2, "pass_avg": 0.25, "pass_block_diff": null}, "filter_consec_red": {"n": 3, "wr": 100.0, "avg_pct": 5.394337904618055, "net_pct": 16.183013713854166, "block_n": 0, "block_avg": null, "block_wr": null, "pass_n": 3, "pass_avg": 5.394337904618055, "pass_block_diff": null}, "filter_corpse": {"n": 1, "wr": 0.0, "avg_pct": -7.0, "net_pct": -7.0, "block_n": 1, "block_avg": -7.0, "block_wr": 0.0, "pass_n": 0, "pass_avg": null, "pass_block_diff": null}, "filter_dead_low_demand": {"n": 38, "wr": 31.57894736842105, "avg_pct": -2.97032673485484, "net_pct": -112.87241592448392, "block_n": 0, "block_avg": null, "block_wr": null, "pass_n": 38, "pass_avg": -2.97032673485484, "pass_block_diff": null}, "filter_double_bottom": {"n": 1, "wr": 100.0, "avg_pct": 7.5, "net_pct": 7.5, "block_n": 0, "block_avg": null, "block_wr": null, "pass_n": 1, "pass_avg": 7.5, "pass_block_diff": null}, "filter_extended_chase": {"n": 9, "wr": 100.0, "avg_pct": 4.000273432703853, "net_pct": 36.002460894334675, "block_n": 0, "block_avg": null, "block_wr": null, "pass_n": 9, "pass_avg": 4.000273432703853, "pass_block_diff": null}, "filter_fake_bounce": {"n": 24, "wr": 45.833333333333336, "avg_pct": -1.1404569892473102, "net_pct": -27.370967741935445, "block_n": 22, "block_avg": -1.2668621700879747, "block_wr": 45.45454545454545, "pass_n": 2, "pass_avg": 0.25, "pass_block_diff": 1.5168621700879747}, "filter_falling_pump": {"n": 1, "wr": 0.0, "avg_pct": -7.0, "net_pct": -7.0, "block_n": 0, "block_avg": null, "block_wr": null, "pass_n": 1, "pass_avg": -7.0, "pass_block_diff": null}, "filter_fofar": {"n": 45, "wr": 4.444444444444445, "avg_pct": -6.476673180895428, "net_pct": -291.45029314029426, "block_n": 0, "block_avg": null, "block_wr": null, "pass_n": 45, "pass_avg": -6.476673180895428, "pass_block_diff": null}, "filter_high_activity_fomo": {"n": 11, "wr": 81.81818181818181, "avg_pct": 1.9746915568948913, "net_pct": 21.721607125843803, "block_n": 0, "block_avg": null, "block_wr": null, "pass_n": 11, "pass_avg": 1.9746915568948913, "pass_block_diff": null}, "filter_high_regime_buyvol": {"n": 4, "wr": 75.0, "avg_pct": 5.495867768595042, "net_pct": 21.98347107438017, "block_n": 4, "block_avg": 5.495867768595042, "block_wr": 75.0, "pass_n": 0, "pass_avg": null, "pass_block_diff": null}, "filter_huge_wick": {"n": 17, "wr": 11.764705882352942, "avg_pct": -4.588494101961143, "net_pct": -78.00439973333944, "block_n": 3, "block_avg": 0.9857417046549504, "block_wr": 66.66666666666667, "pass_n": 14, "pass_avg": -5.782973203378878, "pass_block_diff": -6.768714908033829}, "filter_low_volatility": {"n": 23, "wr": 86.95652173913044, "avg_pct": 2.0737055617599616, "net_pct": 47.69522792047911, "block_n": 17, "block_avg": 1.0114839953223007, "block_wr": 88.23529411764706, "pass_n": 6, "pass_avg": 5.083333333333333, "pass_block_diff": 4.071849338011033}, "filter_lower_low": {"n": 6, "wr": 100.0, "avg_pct": 7.380637806496273, "net_pct": 44.28382683897764, "block_n": 0, "block_avg": null, "block_wr": null, "pass_n": 6, "pass_avg": 7.380637806496273, "pass_block_diff": null}, "filter_microcap_trap": {"n": 11, "wr": 72.72727272727273, "avg_pct": 3.5454545454545454, "net_pct": 39.0, "block_n": 0, "block_avg": null, "block_wr": null, "pass_n": 11, "pass_avg": 3.5454545454545454, "pass_block_diff": null}, "filter_negative_net_flow_5m": {"n": 3, "wr": 100.0, "avg_pct": 5.394337904618055, "net_pct": 16.183013713854166, "block_n": 0, "block_avg": null, "block_wr": null, "pass_n": 3, "pass_avg": 5.394337904618055, "pass_block_diff": null}, "filter_no_signatures": {"n": 2, "wr": 100.0, "avg_pct": 1.9462387816364557, "net_pct": 3.8924775632729114, "block_n": 0, "block_avg": null, "block_wr": null, "pass_n": 2, "pass_avg": 1.9462387816364557, "pass_block_diff": null}, "filter_post_pump_corpse": {"n": 2, "wr": 100.0, "avg_pct": 7.5, "net_pct": 15.0, "block_n": 0, "block_avg": null, "block_wr": null, "pass_n": 2, "pass_avg": 7.5, "pass_block_diff": null}, "filter_quote_asymmetry": {"n": 1, "wr": 100.0, "avg_pct": 7.5, "net_pct": 7.5, "block_n": 1, "block_avg": 7.5, "block_wr": 100.0, "pass_n": 0, "pass_avg": null, "pass_block_diff": null}, "filter_real_dip_5": {"n": 11, "wr": 100.0, "avg_pct": 1.002411760323701, "net_pct": 11.02652936356071, "block_n": 0, "block_avg": null, "block_wr": null, "pass_n": 11, "pass_avg": 1.002411760323701, "pass_block_diff": null}, "filter_round_trip": {"n": 7, "wr": 85.71428571428571, "avg_pct": 5.428571428571429, "net_pct": 38.0, "block_n": 0, "block_avg": null, "block_wr": null, "pass_n": 7, "pass_avg": 5.428571428571429, "pass_block_diff": null}, "filter_sat_eve_midliq": {"n": 3, "wr": 100.0, "avg_pct": 4.060410742350181, "net_pct": 12.181232227050543, "block_n": 0, "block_avg": null, "block_wr": null, "pass_n": 3, "pass_avg": 4.060410742350181, "pass_block_diff": null}, "filter_seller_imbalance": {"n": 1, "wr": 100.0, "avg_pct": 1.7557651991614076, "net_pct": 1.7557651991614076, "block_n": 0, "block_avg": null, "block_wr": null, "pass_n": 1, "pass_avg": 1.7557651991614076, "pass_block_diff": null}, "filter_slip_asym": {"n": 9, "wr": 88.88888888888889, "avg_pct": 2.688019252685716, "net_pct": 24.192173274171445, "block_n": 0, "block_avg": null, "block_wr": null, "pass_n": 9, "pass_avg": 2.688019252685716, "pass_block_diff": null}, "filter_sol_macro_down": {"n": 2, "wr": 100.0, "avg_pct": 3.606016269819534, "net_pct": 7.212032539639068, "block_n": 0, "block_avg": null, "block_wr": null, "pass_n": 2, "pass_avg": 3.606016269819534, "pass_block_diff": null}, "filter_solo_decay": {"n": 8, "wr": 100.0, "avg_pct": 3.7220840368056702, "net_pct": 29.776672294445362, "block_n": 0, "block_avg": null, "block_wr": null, "pass_n": 8, "pass_avg": 3.7220840368056702, "pass_block_diff": null}, "filter_stale_h1_peak": {"n": 8, "wr": 12.5, "avg_pct": -5.1875, "net_pct": -41.5,