{
 "rt_sells_n": {
  "n_ng": 45,
  "n_b": 46,
  "med_ng": 44.0,
  "med_b": 43.0,
  "auc": 0.4920289855072464,
  "auc_flush": 0.48034398034398035,
  "auc_young": 0.5
 },
 "rt_sells_usd": {
  "n_ng": 45,
  "n_b": 46,
  "med_ng": 3061.84,
  "med_b": 3264.99,
  "auc": 0.4603864734299517,
  "auc_flush": 0.4135954135954136,
  "auc_young": 0.5673076923076923
 },
 "rt_max_sell_usd": {
  "n_ng": 45,
  "n_b": 46,
  "med_ng": 665.55,
  "med_b": 714.69,
  "auc": 0.4971014492753623,
  "auc_flush": 0.45782145782145783,
  "auc_young": 0.5769230769230769
 },
 "rt_avg_sell_usd": {
  "n_ng": 45,
  "n_b": 46,
  "med_ng": 74.63,
  "med_b": 76.13499999999999,
  "auc": 0.478743961352657,
  "auc_flush": 0.4348894348894349,
  "auc_young": 0.6057692307692307
 },
 "sell_burst_30s_count": {
  "n_ng": 45,
  "n_b": 46,
  "med_ng": 1.0,
  "med_b": 1.0,
  "auc": 0.45169082125603865,
  "auc_flush": 0.45085995085995084,
  "auc_young": 0.6105769230769231
 },
 "sell_volume_decay_ratio_30s": {
  "n_ng": 63,
  "n_b": 55,
  "med_ng": 0.362,
  "med_b": 0.4,
  "auc": 0.4873015873015873,
  "auc_flush": 0.507948717948718,
  "auc_young": 0.41586538461538464
 },
 "sells_per_min_recent": {
  "n_ng": 45,
  "n_b": 46,
  "med_ng": 2.0,
  "med_b": 2.5,
  "auc": 0.4449275362318841,
  "auc_flush": 0.48075348075348073,
  "auc_young": 0.5384615384615384
 },
 "rt_buys_n": {
  "n_ng": 45,
  "n_b": 46,
  "med_ng": 56.0,
  "med_b": 57.0,
  "auc": 0.506280193236715,
  "auc_flush": 0.5176085176085176,
  "auc_young": 0.5
 },
 "rt_buys_usd": {
  "n_ng": 45,
  "n_b": 46,
  "med_ng": 2465.45,
  "med_b": 2788.565,
  "auc": 0.41207729468599036,
  "auc_flush": 0.39803439803439805,
  "auc_young": 0.4807692307692308
 },
 "rt_max_buy_usd": {
  "n_ng": 45,
  "n_b": 46,
  "med_ng": 350.88,
  "med_b": 442.47,
  "auc": 0.39492753623188404,
  "auc_flush": 0.34357084357084355,
  "auc_young": 0.5096153846153846
 },
 "rt_avg_buy_usd": {
  "n_ng": 45,
  "n_b": 46,
  "med_ng": 44.71,
  "med_b": 52.925,
  "auc": 0.4217391304347826,
  "auc_flush": 0.39803439803439805,
  "auc_young": 0.5
 },
 "buy_burst_30s_count": {
  "n_ng": 45,
  "n_b": 46,
  "med_ng": 1.0,
  "med_b": 2.0,
  "auc": 0.43768115942028984,
  "auc_flush": 0.46846846846846846,
  "auc_young": 0.6298076923076923
 },
 "buys_per_min_recent": {
  "n_ng": 45,
  "n_b": 46,
  "med_ng": 2.0,
  "med_b": 2.5,
  "auc": 0.4628019323671498,
  "auc_flush": 0.5188370188370188,
  "auc_young": 0.5673076923076923
 },
 "buy_size_max_last60s": {
  "n_ng": 45,
  "n_b": 46,
  "med_ng": 119.54,
  "med_b": 122.37,
  "auc": 0.5169082125603864,
  "auc_flush": 0.5708435708435708,
  "auc_young": 0.5673076923076923
 },
 "buy_size_max_trend": {
  "n_ng": 29,
  "n_b": 30,
  "med_ng": 0.96,
  "med_b": 1.2109999999999999,
  "auc": 0.5206896551724138,
  "auc_flush": 0.5741626794258373,
  "auc_young": 0.45454545454545453
 },
 "buy_size_mean_trend": {
  "n_ng": 29,
  "n_b": 30,
  "med_ng": 1.184,
  "med_b": 1.4300000000000002,
  "auc": 0.5195402298850574,
  "auc_flush": 0.5645933014354066,
  "auc_young": 0.42857142857142855
 },
 "buy_size_n_last60s": {
  "n_ng": 45,
  "n_b": 46,
  "med_ng": 4.0,
  "med_b": 4.0,
  "auc": 0.45821256038647346,
  "auc_flush": 0.5094185094185094,
  "auc_young": 0.5240384615384616
 },
 "buy_size_n_prior60s": {
  "n_ng": 45,
  "n_b": 46,
  "med_ng": 3.0,
  "med_b": 3.5,
  "auc": 0.4369565217391304,
  "auc_flush": 0.4582309582309582,
  "auc_young": 0.5
 },
 "median_buy_size_usd": {
  "n_ng": 52,
  "n_b": 50,
  "med_ng": 10.02,
  "med_b": 12.035,
  "auc": 0.4269230769230769,
  "auc_flush": 0.40163419233186676,
  "auc_young": 0.46153846153846156
 },
 "p90_buy_size_usd": {
  "n_ng": 52,
  "n_b": 50,
  "med_ng": 90.16,
  "med_b": 91.28999999999999,
  "auc": 0.4555769230769231,
  "auc_flush": 0.48585795097423007,
  "auc_young": 0.37606837606837606
 },
 "whale_max_buy_usd": {
  "n_ng": 88,
  "n_b": 61,
  "med_ng": 152.89499999999998,
  "med_b": 373.3,
  "auc": 0.33811475409836067,
  "auc_flush": 0.33216205043406366,
  "auc_young": 0.3146551724137931
 },
 "rt_dollar_imbalance": {
  "n_ng": 45,
  "n_b": 46,
  "med_ng": -0.104,
  "med_b": -0.05499999999999999,
  "auc": 0.45917874396135266,
  "auc_flush": 0.4975429975429975,
  "auc_young": 0.3605769230769231
 },
 "buy_sell_volume_imbalance": {
  "n_ng": 52,
  "n_b": 50,
  "med_ng": 0.46,
  "med_b": 0.48,
  "auc": 0.4646153846153846,
  "auc_flush": 0.5015713387806411,
  "auc_young": 0.3547008547008547
 },
 "largest_buy_to_largest_sell": {
  "n_ng": 52,
  "n_b": 50,
  "med_ng": 0.445,
  "med_b": 0.56,
  "auc": 0.405,
  "auc_flush": 0.40760527969830296,
  "auc_young": 0.4188034188034188
 },
 "net_flow_15s_usd": {
  "n_ng": 45,
  "n_b": 46,
  "med_ng": 47.28,
  "med_b": 53.705,
  "auc": 0.4777777777777778,
  "auc_flush": 0.5184275184275184,
  "auc_young": 0.47115384615384615
 },
 "net_flow_60s_usd": {
  "n_ng": 45,
  "n_b": 46,
  "med_ng": 85.18,
  "med_b": 23.69,
  "auc": 0.5618357487922705,
  "auc_flush": 0.6224406224406225,
  "auc_young": 0.4230769230769231
 },
 "net_flow_5m_usd": {
  "n_ng": 45,
  "n_b": 46,
  "med_ng": -123.36,
  "med_b": -175.7,
  "auc": 0.506280193236715,
  "auc_flush": 0.5462735462735463,
  "auc_young": 0.3942307692307692
 },
 "net_flow_60s_imbalance": {
  "n_ng": 45,
  "n_b": 46,
  "med_ng": 0.315,
  "med_b": 0.2395,
  "auc": 0.5318840579710145,
  "auc_flush": 0.5081900081900081,
  "auc_young": 0.3269230769230769
 },
 "net_flow_5m_imbalance": {
  "n_ng": 45,
  "n_b": 46,
  "med_ng": -0.1,
  "med_b": -0.063,
  "auc": 0.5115942028985507,
  "auc_flush": 0.5626535626535627,
  "auc_young": 0.35096153846153844
 },
 "buy_pressure_60s": {
  "n_ng": 52,
  "n_b": 50,
  "med_ng": 0.535,
  "med_b": 0.5,
  "auc": 0.5444230769230769,
  "auc_flush": 0.5512256442489001,
  "auc_young": 0.5128205128205128
 },
 "rt_consec_buys": {
  "n_ng": 45,
  "n_b": 46,
  "med_ng": 1.0,
  "med_b": 1.0,
  "auc": 0.557487922705314,
  "auc_flush": 0.5630630630630631,
  "auc_young": 0.5528846153846154
 },
 "rt_consec_sells": {
  "n_ng": 45,
  "n_b": 46,
  "med_ng": 0.0,
  "med_b": 0.0,
  "auc": 0.37294685990338167,
  "auc_flush": 0.3832923832923833,
  "auc_young": 0.3173076923076923
 },
 "n_consecutive_buys_at_end": {
  "n_ng": 45,
  "n_b": 46,
  "med_ng": 1.0,
  "med_b": 1.0,
  "auc": 0.557487922705314,
  "auc_flush": 0.5630630630630631,
  "auc_young": 0.5528846153846154
 },
 "trades_per_sec_last60s": {
  "n_ng": 45,
  "n_b": 46,
  "med_ng": 0.117,
  "med_b": 0.10850000000000001,
  "auc": 0.4785024154589372,
  "auc_flush": 0.5462735462735463,
  "auc_young": 0.5432692307692307
 },
 "trades_per_sec_prior60s": {
  "n_ng": 45,
  "n_b": 46,
  "med_ng": 0.083,
  "med_b": 0.10850000000000001,
  "auc": 0.4678743961352657,
  "auc_flush": 0.5045045045045045,
  "auc_young": 0.5336538461538461
 },
 "trade_density_30s_vs_5m": {
  "n_ng": 112,
  "n_b": 74,
  "med_ng": 0.0,
  "med_b": 0.0,
  "auc": 0.3979850386100386,
  "auc_flush": 0.4320270924044509,
  "auc_young": 0.32983193277310924
 },
 "rt_trades_per_sec": {
  "n_ng": 45,
  "n_b": 46,
  "med_ng": 0.117,
  "med_b": 0.14200000000000002,
  "auc": 0.47053140096618357,
  "auc_flush": 0.5389025389025389,
  "auc_young": 0.5
 },
 "unique_buyers_n": {
  "n_ng": 45,
  "n_b": 46,
  "med_ng": 41.0,
  "med_b": 39.5,
  "auc": 0.5205314009661836,
  "auc_flush": 0.5581490581490581,
  "auc_young": 0.4567307692307692
 },
 "unique_buyer_ratio": {
  "n_ng": 45,
  "n_b": 46,
  "med_ng": 0.74,
  "med_b": 0.7184999999999999,
  "auc": 0.5359903381642512,
  "auc_flush": 0.5651105651105651,
  "auc_young": 0.4807692307692308
 },
 "top5_buyer_volume_pct": {
  "n_ng": 45,
  "n_b": 46,
  "med_ng": 0.601,
  "med_b": 0.64,
  "auc": 0.4007246376811594,
  "auc_flush": 0.37714987714987713,
  "auc_young": 0.4423076923076923
 },
 "top10_buyer_within_60s_count": {
  "n_ng": 45,
  "n_b": 46,
  "med_ng": 3.0,
  "med_b": 2.0,
  "auc": 0.4801932367149758,
  "auc_flush": 0.5073710073710074,
  "auc_young": 0.5528846153846154
 },
 "top10_buyer_time_spread_sec": {
  "n_ng": 45,
  "n_b": 46,
  "med_ng": 782.0,
  "med_b": 513.5,